Fe,Si,Al,B,P,Cu,Ag,Au,V,Cr,Zr,Nb,Mo,W,Pr,Gd,Annealing temperature (K),Annealing Time (s),Primary Crystallization Onset (K),Primary Crystallization Peak (K),Secondary Crystallization Peak (K),Ribbon Thickness (um),Total SiCAl,Total BP,Total Late Transition,Total Early Transition,Relative to Fe SiCAl,Relative to Fe BP,Relative to Fe Early,Relative to Fe Late,Relative to Late Early,Relative to Early SiCAl,Relative to Late SiCAl,Relative to Early BP,Relative to Late BP,Late Weighted Volume,Late Weighted Area,Late Weighted Mass,Late Mean Electrons,Early Weighted Volume,Early Weighted Area,Early Weighted Mass,Early Mean Electrons,Delta T0,Delta T1,Delta T2,Grain Diameter,Composition ID,Reference DOI
73.5,13.5,0,9,0,1,0,0,0,0,0,3,0,0,0,0,813,1800,,,,20,13.5,9,1,3,0.183673469,0.12244898,0.040816327,0.013605442,3,4.5,13.5,3,9,20.47747469,7.484870061,63.546,2,52.13963205,13.95656817,92.90637,5,,,,12.5,1100100011,10.1016/j.jallcom.2006.12.133
73.5,13.5,0,9,0,1,0,0,1,0,0,2,0,0,0,0,833,1800,,,,20,13.5,9,1,3,0.183673469,0.12244898,0.040816327,0.013605442,3,4.5,13.5,3,9,20.47747469,7.484870061,63.546,2,45.9551509,12.7742969,78.9181,5,,,,12.00961538,1100100011,10.1016/j.jallcom.2006.12.133
73.5,13.5,0,9,0,1,0,0,2,0,0,1,0,0,0,0,833,1800,,,,20,13.5,9,1,3,0.183673469,0.12244898,0.040816327,0.013605442,3,4.5,13.5,3,9,20.47747469,7.484870061,63.546,2,39.77066975,11.59202563,64.9298,5,,,,9.009615385,1100100011,10.1016/j.jallcom.2006.12.133
73.5,13.5,0,9,0,1,0,0,1.5,0,0,1.5,0,0,0,0,833,1800,,,,20,13.5,9,1,3,0.183673469,0.12244898,0.040816327,0.013605442,3,4.5,13.5,3,9,20.47747469,7.484870061,63.546,2,42.86291032,12.18316127,71.923935,5,,,,11,1100100011,10.1016/j.jallcom.2006.12.133
84.3,4,0,8,3,0.7,0,0,0,0,0,0,0,0,0,0,748,600,,,,20,4,11,0.7,0,0.047449585,0.130486358,0,0.008303677,0,,5.714285714,,15.71428571,20.47747469,7.484870061,63.546,2,0,0,0,0,,,,17,1100110010,10.1063/1.3058624
83.3,4,0,8,4,0.7,0,0,0,0,0,0,0,0,0,0,748,600,,,,20,4,12,0.7,0,0.048019208,0.144057623,0,0.008403361,0,,5.714285714,,17.14285714,20.47747469,7.484870061,63.546,2,0,0,0,0,,,,10,1100110010,10.1063/1.3058624
86,1,0,8,4,1,0,0,0,0,0,0,0,0,0,0,733,600,,,,20,1,12,1,0,0.011627907,0.139534884,0,0.011627907,0,,1,,12,20.47747469,7.484870061,63.546,2,0,0,0,0,,,,19,1100110010,10.1063/1.3535169
85,2,0,8,4,1,0,0,0,0,0,0,0,0,0,0,733,600,,,,20,2,12,1,0,0.023529412,0.141176471,0,0.011764706,0,,2,,12,20.47747469,7.484870061,63.546,2,0,0,0,0,,,,16,1100110010,10.1063/1.3535169
84,4,0,8,4,0,0,0,0,0,0,0,0,0,0,0,723,1800,,701,808,22.5,4,12,0,0,0.047619048,0.142857143,0,0,,,,,,0,0,0,0,0,0,0,0,,22,-85,53.09553001,1100110000,10.1063/1.3535290
83.25,4,0,8,4,0.75,0,0,0,0,0,0,0,0,0,0,723,1800,,673,810,22.5,4,12,0.75,0,0.048048048,0.144144144,0,0.009009009,0,,5.333333333,,16,20.47747469,7.484870061,63.546,2,0,0,0,0,,50,-87,17.09604087,1100110010,10.1063/1.3535290
83.5,4,0,8,4,0.5,0,0,0,0,0,0,0,0,0,0,723,1800,,675,810,22.5,4,12,0.5,0,0.047904192,0.143712575,0,0.005988024,0,,8,,24,20.47747469,7.484870061,63.546,2,0,0,0,0,,48,-87,22.81966794,1100110010,10.1063/1.3535290
82.5,4,0,8,4,1.5,0,0,0,0,0,0,0,0,0,0,723,1800,,666,808,22.5,4,12,1.5,0,0.048484848,0.145454545,0,0.018181818,0,,2.666666667,,8,20.47747469,7.484870061,63.546,2,0,0,0,0,,57,-85,16.06309068,1100110010,10.1063/1.3535290
83,4,0,8,4,1,0,0,0,0,0,0,0,0,0,0,723,1800,,673,808,22.5,4,12,1,0,0.048192771,0.144578313,0,0.012048193,0,,4,,12,20.47747469,7.484870061,63.546,2,0,0,0,0,,50,-85,16.54482759,1100110010,10.1063/1.3535290
82.75,4,0,8,4,1.25,0,0,0,0,0,0,0,0,0,0,723,1800,,671,810,22.5,4,12,1.25,0,0.048338369,0.145015106,0,0.01510574,0,,3.2,,9.6,20.47747469,7.484870061,63.546,2,0,0,0,0,,52,-87,15.99463602,1100110010,10.1063/1.3535290
85,2,0,8,4,1,0,0,0,0,0,0,0,0,0,0,698,3000,,,,20,2,12,1,0,0.023529412,0.141176471,0,0.011764706,0,,2,,12,20.47747469,7.484870061,63.546,2,0,0,0,0,,,,16.79641577,1100110010,10.1063/1.4868188
85,2,0,8,4,1,0,0,0,0,0,0,0,0,0,0,698,1800,,,,20,2,12,1,0,0.023529412,0.141176471,0,0.011764706,0,,2,,12,20.47747469,7.484870061,63.546,2,0,0,0,0,,,,16.83197133,1100110010,10.1063/1.4868188
85,2,0,8,4,1,0,0,0,0,0,0,0,0,0,0,698,120,,,,20,2,12,1,0,0.023529412,0.141176471,0,0.011764706,0,,2,,12,20.47747469,7.484870061,63.546,2,0,0,0,0,,,,16.61505376,1100110010,10.1063/1.4868188
85,2,0,8,4,1,0,0,0,0,0,0,0,0,0,0,698,300,,,,20,2,12,1,0,0.023529412,0.141176471,0,0.011764706,0,,2,,12,20.47747469,7.484870061,63.546,2,0,0,0,0,,,,16.07641577,1100110010,10.1063/1.4868188
85,2,0,8,4,1,0,0,0,0,0,0,0,0,0,0,698,1200,,,,20,2,12,1,0,0.023529412,0.141176471,0,0.011764706,0,,2,,12,20.47747469,7.484870061,63.546,2,0,0,0,0,,,,16.40544803,1100110010,10.1063/1.4868188
85,2,0,8,4,1,0,0,0,0,0,0,0,0,0,0,698,600,,,,20,2,12,1,0,0.023529412,0.141176471,0,0.011764706,0,,2,,12,20.47747469,7.484870061,63.546,2,0,0,0,0,,,,16.33433692,1100110010,10.1063/1.4868188
74.5,13.5,0,9,0,0,0,0,0,0,0,3,0,0,0,0,813,3600,,,,20,13.5,9,0,3,0.181208054,0.120805369,0.040268456,0,,4.5,,3,,0,0,0,0,52.13963205,13.95656817,92.90637,5,,,,53.2477,1100100001,10.1109/20.104389
74.5,13.5,0,9,0,0,0,0,0,0,0,3,0,0,0,0,853,3600,,,,20,13.5,9,0,3,0.181208054,0.120805369,0.040268456,0,,4.5,,3,,0,0,0,0,52.13963205,13.95656817,92.90637,5,,,,29.58,1100100001,10.1109/20.104389
74.5,13.5,0,9,0,0,0,0,0,0,0,3,0,0,0,0,803,3600,,,,20,13.5,9,0,3,0.181208054,0.120805369,0.040268456,0,,4.5,,3,,0,0,0,0,52.13963205,13.95656817,92.90637,5,,,,25.1013,1100100001,10.1109/20.104389
73.5,16.5,0,6,0,1,0,0,0,0,0,3,0,0,0,0,813,3600,,,,20,16.5,6,1,3,0.224489796,0.081632653,0.040816327,0.013605442,3,5.5,16.5,2,6,20.47747469,7.484870061,63.546,2,52.13963205,13.95656817,92.90637,5,,,,14.0829,1100100011,10.1109/20.104389
73.5,13.5,0,9,0,1,0,0,0,0,0,3,0,0,0,0,813,3600,,,,20,13.5,9,1,3,0.183673469,0.12244898,0.040816327,0.013605442,3,4.5,13.5,3,9,20.47747469,7.484870061,63.546,2,52.13963205,13.95656817,92.90637,5,,,,11.2085,1100100011,10.1109/20.104389
73.5,13.5,0,9,0,1,0,0,0,0,0,0,0,0,3,0,823,3600,,,,,13.5,9,1,3,0.183673469,0.12244898,0.040816327,0.013605442,3,4.5,13.5,3,9,20.47747469,7.484870061,63.546,2,101.2192817,21.71911712,140.90766,8,,,,15,1100100011,https://doi.org/10.1007/s10582-004-0078-3
73.5,13.5,0,9,0,1,0,0,0,0,0,0,0,0,0,3,823,3600,,,,,13.5,9,1,3,0.183673469,0.12244898,0.040816327,0.013605442,3,4.5,13.5,3,9,20.47747469,7.484870061,63.546,2,84.9650181,19.32680669,157.25,3,,,,15,1100100011,https://doi.org/10.1007/s10582-004-0078-3
73.5,13.5,0,9,0,1,0,0,0,0,0,3,0,0,0,0,813,3600,,,,20,13.5,9,1,3,0.183673469,0.12244898,0.040816327,0.013605442,3,4.5,13.5,3,9,20.47747469,7.484870061,63.546,2,52.13963205,13.95656817,92.90637,5,,,,10.32124352,1100100011,https://doi.org/10.1016/S0304-8853(00)00132-3
63.5,13.5,10,9,0,1,0,0,0,0,0,3,0,0,0,0,793,3600,,,,20,23.5,9,1,3,0.37007874,0.141732283,0.047244094,0.015748031,3,7.833333333,23.5,3,9,20.47747469,7.484870061,63.546,2,52.13963205,13.95656817,92.90637,5,,,,10.41450777,1101100011,https://doi.org/10.1016/S0304-8853(00)00132-3
69.5,13.5,4,9,0,1,0,0,0,0,0,3,0,0,0,0,793,3600,,,,20,17.5,9,1,3,0.251798561,0.129496403,0.043165468,0.014388489,3,5.833333333,17.5,3,9,20.47747469,7.484870061,63.546,2,52.13963205,13.95656817,92.90637,5,,,,9.948186528,1101100011,https://doi.org/10.1016/S0304-8853(00)00132-3
71.5,13.5,2,9,0,1,0,0,0,0,0,3,0,0,0,0,793,3600,,,,20,15.5,9,1,3,0.216783217,0.125874126,0.041958042,0.013986014,3,5.166666667,15.5,3,9,20.47747469,7.484870061,63.546,2,52.13963205,13.95656817,92.90637,5,,,,9.637305699,1101100011,https://doi.org/10.1016/S0304-8853(00)00132-3
65.5,13.5,8,9,0,1,0,0,0,0,0,3,0,0,0,0,793,3600,,,,20,21.5,9,1,3,0.328244275,0.13740458,0.045801527,0.015267176,3,7.166666667,21.5,3,9,20.47747469,7.484870061,63.546,2,52.13963205,13.95656817,92.90637,5,,,,9.544041451,1101100011,https://doi.org/10.1016/S0304-8853(00)00132-3
68.5,13.5,5,9,0,1,0,0,0,0,0,3,0,0,0,0,793,3600,,,,20,18.5,9,1,3,0.270072993,0.131386861,0.04379562,0.01459854,3,6.166666667,18.5,3,9,20.47747469,7.484870061,63.546,2,52.13963205,13.95656817,92.90637,5,,,,10.32124352,1101100011,https://doi.org/10.1016/S0304-8853(00)00132-3
67,13.5,6.5,9,0,1,0,0,0,0,0,3,0,0,0,0,793,3600,,,,20,20,9,1,3,0.298507463,0.134328358,0.044776119,0.014925373,3,6.666666667,20,3,9,20.47747469,7.484870061,63.546,2,52.13963205,13.95656817,92.90637,5,,,,9.823834197,1101100011,https://doi.org/10.1016/S0304-8853(00)00132-3
71.5,13.5,2,9,0,1,0,0,0,0,0,0,3,0,0,0,873,3600,,,,20,15.5,9,1,3,0.216783217,0.125874126,0.041958042,0.013986014,3,5.166666667,15.5,3,9,20.47747469,7.484870061,63.546,2,46.0715893,12.85154859,95.95,6,,,,16.77435036,1101100011,https://doi.org/10.1016/S0304-8853(99)00196-1
73.5,13.5,0,9,0,1,0,0,0,0,0,0,3,0,0,0,873,3600,,,,20,13.5,9,1,3,0.183673469,0.12244898,0.040816327,0.013605442,3,4.5,13.5,3,9,20.47747469,7.484870061,63.546,2,46.0715893,12.85154859,95.95,6,,,,19.04918033,1100100011,https://doi.org/10.1016/S0304-8853(99)00196-1
73.5,13.5,0,9,0,1,0,0,0,0,0,1.5,1.5,0,0,0,873,3600,,,,20,13.5,9,1,3,0.183673469,0.12244898,0.040816327,0.013605442,3,4.5,13.5,3,9,20.47747469,7.484870061,63.546,2,49.10561067,13.40405838,94.428185,5.5,,,,14.06557377,1100100011,https://doi.org/10.1016/S0304-8853(99)00196-1
71.5,13.5,2,9,0,1,0,0,0,0,0,1.5,1.5,0,0,0,873,3600,,,,20,15.5,9,1,3,0.216783217,0.125874126,0.041958042,0.013986014,3,5.166666667,15.5,3,9,20.47747469,7.484870061,63.546,2,49.10561067,13.40405838,94.428185,5.5,,,,10.3319155,1101100011,https://doi.org/10.1016/S0304-8853(99)00196-1
73.5,13.5,0,9,0,1,0,0,0,0,0,3,0,0,0,0,873,3600,,,,20,13.5,9,1,3,0.183673469,0.12244898,0.040816327,0.013605442,3,4.5,13.5,3,9,20.47747469,7.484870061,63.546,2,52.13963205,13.95656817,92.90637,5,,,,11.04918033,1100100011,https://doi.org/10.1016/S0304-8853(99)00196-1
73.5,13.5,0,9,0,1,0,0,0,0,0,0,3,0,0,0,833,3600,,,,20,13.5,9,1,3,0.183673469,0.12244898,0.040816327,0.013605442,3,4.5,13.5,3,9,20.47747469,7.484870061,63.546,2,46.0715893,12.85154859,95.95,6,,,,14.98360656,1100100011,https://doi.org/10.1016/S0304-8853(99)00196-1
71.5,13.5,2,9,0,1,0,0,0,0,0,0,3,0,0,0,833,3600,,,,20,15.5,9,1,3,0.216783217,0.125874126,0.041958042,0.013986014,3,5.166666667,15.5,3,9,20.47747469,7.484870061,63.546,2,46.0715893,12.85154859,95.95,6,,,,13.88965936,1101100011,https://doi.org/10.1016/S0304-8853(99)00196-1
71.5,13.5,2,9,0,1,0,0,0,0,0,3,0,0,0,0,873,3600,,,,20,15.5,9,1,3,0.216783217,0.125874126,0.041958042,0.013986014,3,5.166666667,15.5,3,9,20.47747469,7.484870061,63.546,2,52.13963205,13.95656817,92.90637,5,,,,10.90917539,1101100011,https://doi.org/10.1016/S0304-8853(99)00196-1
73.5,13.5,0,9,0,1,0,0,0,0,0,0,3,0,0,0,773,3600,,,,20,13.5,9,1,3,0.183673469,0.12244898,0.040816327,0.013605442,3,4.5,13.5,3,9,20.47747469,7.484870061,63.546,2,46.0715893,12.85154859,95.95,6,,,,13.3442623,1100100011,https://doi.org/10.1016/S0304-8853(99)00196-1
73.5,13.5,0,9,0,1,0,0,0,0,0,0,3,0,0,0,813,3600,,,,20,13.5,9,1,3,0.183673469,0.12244898,0.040816327,0.013605442,3,4.5,13.5,3,9,20.47747469,7.484870061,63.546,2,46.0715893,12.85154859,95.95,6,,,,13.93442623,1100100011,https://doi.org/10.1016/S0304-8853(99)00196-1
73.5,13.5,0,9,0,1,0,0,0,0,0,1.5,1.5,0,0,0,753,3600,,,,20,13.5,9,1,3,0.183673469,0.12244898,0.040816327,0.013605442,3,4.5,13.5,3,9,20.47747469,7.484870061,63.546,2,49.10561067,13.40405838,94.428185,5.5,,,,8.557377049,1100100011,https://doi.org/10.1016/S0304-8853(99)00196-1
73.5,13.5,0,9,0,1,0,0,0,0,0,0,3,0,0,0,753,3600,,,,20,13.5,9,1,3,0.183673469,0.12244898,0.040816327,0.013605442,3,4.5,13.5,3,9,20.47747469,7.484870061,63.546,2,46.0715893,12.85154859,95.95,6,,,,12.8852459,1100100011,https://doi.org/10.1016/S0304-8853(99)00196-1
73.5,13.5,0,9,0,1,0,0,0,0,0,1.5,1.5,0,0,0,773,3600,,,,20,13.5,9,1,3,0.183673469,0.12244898,0.040816327,0.013605442,3,4.5,13.5,3,9,20.47747469,7.484870061,63.546,2,49.10561067,13.40405838,94.428185,5.5,,,,9.93442623,1100100011,https://doi.org/10.1016/S0304-8853(99)00196-1
73.5,13.5,0,9,0,1,0,0,0,0,0,0,3,0,0,0,793,3600,,,,20,13.5,9,1,3,0.183673469,0.12244898,0.040816327,0.013605442,3,4.5,13.5,3,9,20.47747469,7.484870061,63.546,2,46.0715893,12.85154859,95.95,6,,,,13.40983607,1100100011,https://doi.org/10.1016/S0304-8853(99)00196-1
73.5,13.5,0,9,0,1,0,0,0,0,0,1.5,1.5,0,0,0,793,3600,,,,20,13.5,9,1,3,0.183673469,0.12244898,0.040816327,0.013605442,3,4.5,13.5,3,9,20.47747469,7.484870061,63.546,2,49.10561067,13.40405838,94.428185,5.5,,,,10.52459016,1100100011,https://doi.org/10.1016/S0304-8853(99)00196-1
73.5,13.5,0,9,0,1,0,0,0,0,0,3,0,0,0,0,833,3600,,,,20,13.5,9,1,3,0.183673469,0.12244898,0.040816327,0.013605442,3,4.5,13.5,3,9,20.47747469,7.484870061,63.546,2,52.13963205,13.95656817,92.90637,5,,,,10.52459016,1100100011,https://doi.org/10.1016/S0304-8853(99)00196-1
73.5,13.5,0,9,0,1,0,0,0,0,0,3,0,0,0,0,753,3600,,,,20,13.5,9,1,3,0.183673469,0.12244898,0.040816327,0.013605442,3,4.5,13.5,3,9,20.47747469,7.484870061,63.546,2,52.13963205,13.95656817,92.90637,5,,,,8.426229508,1100100011,https://doi.org/10.1016/S0304-8853(99)00196-1
71.5,13.5,2,9,0,1,0,0,0,0,0,0,3,0,0,0,773,3600,,,,20,15.5,9,1,3,0.216783217,0.125874126,0.041958042,0.013986014,3,5.166666667,15.5,3,9,20.47747469,7.484870061,63.546,2,46.0715893,12.85154859,95.95,6,,,,11.9904207,1101100011,https://doi.org/10.1016/S0304-8853(99)00196-1
71.5,13.5,2,9,0,1,0,0,0,0,0,0,3,0,0,0,753,3600,,,,20,15.5,9,1,3,0.216783217,0.125874126,0.041958042,0.013986014,3,5.166666667,15.5,3,9,20.47747469,7.484870061,63.546,2,46.0715893,12.85154859,95.95,6,,,,9.994852915,1101100011,https://doi.org/10.1016/S0304-8853(99)00196-1
71.5,13.5,2,9,0,1,0,0,0,0,0,1.5,1.5,0,0,0,753,3600,,,,20,15.5,9,1,3,0.216783217,0.125874126,0.041958042,0.013986014,3,5.166666667,15.5,3,9,20.47747469,7.484870061,63.546,2,49.10561067,13.40405838,94.428185,5.5,,,,8.985631054,1101100011,https://doi.org/10.1016/S0304-8853(99)00196-1
73.5,13.5,0,9,0,1,0,0,0,0,0,3,0,0,0,0,773,3600,,,,20,13.5,9,1,3,0.183673469,0.12244898,0.040816327,0.013605442,3,4.5,13.5,3,9,20.47747469,7.484870061,63.546,2,52.13963205,13.95656817,92.90637,5,,,,9.475409836,1100100011,https://doi.org/10.1016/S0304-8853(99)00196-1
73.5,13.5,0,9,0,1,0,0,0,0,0,3,0,0,0,0,793,3600,,,,20,13.5,9,1,3,0.183673469,0.12244898,0.040816327,0.013605442,3,4.5,13.5,3,9,20.47747469,7.484870061,63.546,2,52.13963205,13.95656817,92.90637,5,,,,10.19672131,1100100011,https://doi.org/10.1016/S0304-8853(99)00196-1
71.5,13.5,2,9,0,1,0,0,0,0,0,0,3,0,0,0,793,3600,,,,20,15.5,9,1,3,0.216783217,0.125874126,0.041958042,0.013986014,3,5.166666667,15.5,3,9,20.47747469,7.484870061,63.546,2,46.0715893,12.85154859,95.95,6,,,,11.87032205,1101100011,https://doi.org/10.1016/S0304-8853(99)00196-1
71.5,13.5,2,9,0,1,0,0,0,0,0,1.5,1.5,0,0,0,773,3600,,,,20,15.5,9,1,3,0.216783217,0.125874126,0.041958042,0.013986014,3,5.166666667,15.5,3,9,20.47747469,7.484870061,63.546,2,49.10561067,13.40405838,94.428185,5.5,,,,9.971619545,1101100011,https://doi.org/10.1016/S0304-8853(99)00196-1
71.5,13.5,2,9,0,1,0,0,0,0,0,3,0,0,0,0,753,3600,,,,20,15.5,9,1,3,0.216783217,0.125874126,0.041958042,0.013986014,3,5.166666667,15.5,3,9,20.47747469,7.484870061,63.546,2,52.13963205,13.95656817,92.90637,5,,,,8.504879008,1101100011,https://doi.org/10.1016/S0304-8853(99)00196-1
73.5,13.5,0,9,0,1,0,0,0,0,0,1.5,1.5,0,0,0,813,3600,,,,20,13.5,9,1,3,0.183673469,0.12244898,0.040816327,0.013605442,3,4.5,13.5,3,9,20.47747469,7.484870061,63.546,2,49.10561067,13.40405838,94.428185,5.5,,,,10.98360656,1100100011,https://doi.org/10.1016/S0304-8853(99)00196-1
71.5,13.5,2,9,0,1,0,0,0,0,0,1.5,1.5,0,0,0,793,3600,,,,20,15.5,9,1,3,0.216783217,0.125874126,0.041958042,0.013986014,3,5.166666667,15.5,3,9,20.47747469,7.484870061,63.546,2,49.10561067,13.40405838,94.428185,5.5,,,,10.47614112,1101100011,https://doi.org/10.1016/S0304-8853(99)00196-1
71.5,13.5,2,9,0,1,0,0,0,0,0,1.5,1.5,0,0,0,833,3600,,,,20,15.5,9,1,3,0.216783217,0.125874126,0.041958042,0.013986014,3,5.166666667,15.5,3,9,20.47747469,7.484870061,63.546,2,49.10561067,13.40405838,94.428185,5.5,,,,10.23558637,1101100011,https://doi.org/10.1016/S0304-8853(99)00196-1
73.5,13.5,0,9,0,1,0,0,0,0,0,3,0,0,0,0,813,3600,,,,20,13.5,9,1,3,0.183673469,0.12244898,0.040816327,0.013605442,3,4.5,13.5,3,9,20.47747469,7.484870061,63.546,2,52.13963205,13.95656817,92.90637,5,,,,10,1100100011,https://doi.org/10.1016/S0304-8853(99)00196-1
71.5,13.5,2,9,0,1,0,0,0,0,0,3,0,0,0,0,853,3600,,,,20,15.5,9,1,3,0.216783217,0.125874126,0.041958042,0.013986014,3,5.166666667,15.5,3,9,20.47747469,7.484870061,63.546,2,52.13963205,13.95656817,92.90637,5,,,,10.11548772,1101100011,https://doi.org/10.1016/S0304-8853(99)00196-1
71.5,13.5,2,9,0,1,0,0,0,0,0,3,0,0,0,0,773,3600,,,,20,15.5,9,1,3,0.216783217,0.125874126,0.041958042,0.013986014,3,5.166666667,15.5,3,9,20.47747469,7.484870061,63.546,2,52.13963205,13.95656817,92.90637,5,,,,9.490152625,1101100011,https://doi.org/10.1016/S0304-8853(99)00196-1
71.5,13.5,2,9,0,1,0,0,0,0,0,1.5,1.5,0,0,0,813,3600,,,,20,15.5,9,1,3,0.216783217,0.125874126,0.041958042,0.013986014,3,5.166666667,15.5,3,9,20.47747469,7.484870061,63.546,2,49.10561067,13.40405838,94.428185,5.5,,,,10.11566644,1101100011,https://doi.org/10.1016/S0304-8853(99)00196-1
73.5,13.5,0,9,0,1,0,0,0,0,0,1.5,1.5,0,0,0,833,3600,,,,20,13.5,9,1,3,0.183673469,0.12244898,0.040816327,0.013605442,3,4.5,13.5,3,9,20.47747469,7.484870061,63.546,2,49.10561067,13.40405838,94.428185,5.5,,,,10.78688525,1100100011,https://doi.org/10.1016/S0304-8853(99)00196-1
71.5,13.5,2,9,0,1,0,0,0,0,0,3,0,0,0,0,833,3600,,,,20,15.5,9,1,3,0.216783217,0.125874126,0.041958042,0.013986014,3,5.166666667,15.5,3,9,20.47747469,7.484870061,63.546,2,52.13963205,13.95656817,92.90637,5,,,,9.947492583,1101100011,https://doi.org/10.1016/S0304-8853(99)00196-1
71.5,13.5,2,9,0,1,0,0,0,0,0,3,0,0,0,0,813,3600,,,,20,15.5,9,1,3,0.216783217,0.125874126,0.041958042,0.013986014,3,5.166666667,15.5,3,9,20.47747469,7.484870061,63.546,2,52.13963205,13.95656817,92.90637,5,,,,9.778782571,1101100011,https://doi.org/10.1016/S0304-8853(99)00196-1
71.5,13.5,2,9,0,1,0,0,0,0,0,3,0,0,0,0,793,3600,,,,20,15.5,9,1,3,0.216783217,0.125874126,0.041958042,0.013986014,3,5.166666667,15.5,3,9,20.47747469,7.484870061,63.546,2,52.13963205,13.95656817,92.90637,5,,,,9.610787433,1101100011,https://doi.org/10.1016/S0304-8853(99)00196-1
71.5,13.5,2,9,0,1,0,0,0,0,0,0,3,0,0,0,813,3600,,,,20,15.5,9,1,3,0.216783217,0.125874126,0.041958042,0.013986014,3,5.166666667,15.5,3,9,20.47747469,7.484870061,63.546,2,46.0715893,12.85154859,95.95,6,,,,12.95174608,1101100011,https://doi.org/10.1016/S0304-8853(99)00196-1
73.5,13.5,0,9,0,1,0,0,0,0,0,3,0,0,0,0,853,3600,,,,20,13.5,9,1,3,0.183673469,0.12244898,0.040816327,0.013605442,3,4.5,13.5,3,9,20.47747469,7.484870061,63.546,2,52.13963205,13.95656817,92.90637,5,,,,10.98360656,1100100011,https://doi.org/10.1016/S0304-8853(99)00196-1
73.5,16,0,6,0,1,0,0,0,0,0,3,0,0,0,0,903,3600,,,,20,16,6,1,3,0.217687075,0.081632653,0.040816327,0.013605442,3,5.333333333,16,2,6,20.47747469,7.484870061,63.546,2,52.13963205,13.95656817,92.90637,5,,,,16,1100100011,https://doi.org/10.1016/S0921-4526(01)00468-9
73.5,16.5,0,6,0,1,0,0,0,0,0,3,0,0,0,0,903,3600,,,,,16.5,6,1,3,0.224489796,0.081632653,0.040816327,0.013605442,3,5.5,16.5,2,6,20.47747469,7.484870061,63.546,2,52.13963205,13.95656817,92.90637,5,,,,16,1100100011,https://doi.org/10.1016/S0921-4526(01)00468-9
73.5,16,0,6,0,1,0,0,0,0,0,3,0,0,0,0,743,3600,,,,20,16,6,1,3,0.217687075,0.081632653,0.040816327,0.013605442,3,5.333333333,16,2,6,20.47747469,7.484870061,63.546,2,52.13963205,13.95656817,92.90637,5,,,,12,1100100011,https://doi.org/10.1016/S0921-4526(01)00468-9
73.5,16.5,0,6,0,1,0,0,0,0,0,3,0,0,0,0,743,3600,,,,,16.5,6,1,3,0.224489796,0.081632653,0.040816327,0.013605442,3,5.5,16.5,2,6,20.47747469,7.484870061,63.546,2,52.13963205,13.95656817,92.90637,5,,,,12,1100100011,https://doi.org/10.1016/S0921-4526(01)00468-9
73.5,16,0,6,0,1,0,0,0,0,0,3,0,0,0,0,798,3600,,,,20,16,6,1,3,0.217687075,0.081632653,0.040816327,0.013605442,3,5.333333333,16,2,6,20.47747469,7.484870061,63.546,2,52.13963205,13.95656817,92.90637,5,,,,12,1100100011,https://doi.org/10.1016/S0921-4526(01)00468-9
73.5,16.5,0,6,0,1,0,0,0,0,0,3,0,0,0,0,798,3600,,,,,16.5,6,1,3,0.224489796,0.081632653,0.040816327,0.013605442,3,5.5,16.5,2,6,20.47747469,7.484870061,63.546,2,52.13963205,13.95656817,92.90637,5,,,,12,1100100011,https://doi.org/10.1016/S0921-4526(01)00468-9
73.5,16,0,6,0,1,0,0,0,0,0,3,0,0,0,0,848,3600,,,,20,16,6,1,3,0.217687075,0.081632653,0.040816327,0.013605442,3,5.333333333,16,2,6,20.47747469,7.484870061,63.546,2,52.13963205,13.95656817,92.90637,5,,,,12,1100100011,https://doi.org/10.1016/S0921-4526(01)00468-9
73.5,16.5,0,6,0,1,0,0,0,0,0,3,0,0,0,0,848,3600,,,,,16.5,6,1,3,0.224489796,0.081632653,0.040816327,0.013605442,3,5.5,16.5,2,6,20.47747469,7.484870061,63.546,2,52.13963205,13.95656817,92.90637,5,,,,12,1100100011,https://doi.org/10.1016/S0921-4526(01)00468-9
73.5,16,0,6,0,1,0,0,0,0,0,3,0,0,0,0,773,3600,,,,20,16,6,1,3,0.217687075,0.081632653,0.040816327,0.013605442,3,5.333333333,16,2,6,20.47747469,7.484870061,63.546,2,52.13963205,13.95656817,92.90637,5,,,,11,1100100011,https://doi.org/10.1016/S0921-4526(01)00468-9
73.5,16.5,0,6,0,1,0,0,0,0,0,3,0,0,0,0,773,3600,,,,,16.5,6,1,3,0.224489796,0.081632653,0.040816327,0.013605442,3,5.5,16.5,2,6,20.47747469,7.484870061,63.546,2,52.13963205,13.95656817,92.90637,5,,,,11,1100100011,https://doi.org/10.1016/S0921-4526(01)00468-9
73.5,16,0,6,0,1,0,0,0,0,0,3,0,0,0,0,823,3600,,,,20,16,6,1,3,0.217687075,0.081632653,0.040816327,0.013605442,3,5.333333333,16,2,6,20.47747469,7.484870061,63.546,2,52.13963205,13.95656817,92.90637,5,,,,11,1100100011,https://doi.org/10.1016/S0921-4526(01)00468-9
73.5,16.5,0,6,0,1,0,0,0,0,0,3,0,0,0,0,823,3600,,,,,16.5,6,1,3,0.224489796,0.081632653,0.040816327,0.013605442,3,5.5,16.5,2,6,20.47747469,7.484870061,63.546,2,52.13963205,13.95656817,92.90637,5,,,,11,1100100011,https://doi.org/10.1016/S0921-4526(01)00468-9
73.5,16,0,6,0,1,0,0,0,0,0,3,0,0,0,0,873,3600,,,,20,16,6,1,3,0.217687075,0.081632653,0.040816327,0.013605442,3,5.333333333,16,2,6,20.47747469,7.484870061,63.546,2,52.13963205,13.95656817,92.90637,5,,,,11,1100100011,https://doi.org/10.1016/S0921-4526(01)00468-9
73.5,16.5,0,6,0,1,0,0,0,0,0,3,0,0,0,0,873,3600,,,,,16.5,6,1,3,0.224489796,0.081632653,0.040816327,0.013605442,3,5.5,16.5,2,6,20.47747469,7.484870061,63.546,2,52.13963205,13.95656817,92.90637,5,,,,11,1100100011,https://doi.org/10.1016/S0921-4526(01)00468-9
85,0,0,9,0,0,0,0,0,0,0,0,0,6,0,0,996,3600,,727,797,45,0,9,0,6,0,0.105882353,0.070588235,0,,0,,1.5,,0,0,0,0,48.28856707,13.26059096,183.84,6,,269,199,48,1000100001,https://doi.org/10.1016/S0921-5107(01)00934-5
79,0,0,9,0,0,0,0,0,0,0,0,0,12,0,0,993,3600,,760,829,45,0,9,0,12,0,0.113924051,0.151898734,0,,0,,0.75,,0,0,0,0,48.28856707,13.26059096,183.84,6,,233,164,46,1000100001,https://doi.org/10.1016/S0921-5107(01)00934-5
85,0,0,9,0,0,0,0,0,0,0,0,0,6,0,0,930,3600,,727,797,45,0,9,0,6,0,0.105882353,0.070588235,0,,0,,1.5,,0,0,0,0,48.28856707,13.26059096,183.84,6,,203,133,38,1000100001,https://doi.org/10.1016/S0921-5107(01)00934-5
85,0,0,9,0,0,0,0,0,0,0,0,0,6,0,0,869,3600,,727,797,45,0,9,0,6,0,0.105882353,0.070588235,0,,0,,1.5,,0,0,0,0,48.28856707,13.26059096,183.84,6,,142,72,29,1000100001,https://doi.org/10.1016/S0921-5107(01)00934-5
85,0,0,9,0,0,0,0,0,0,0,0,0,6,0,0,819,3600,,727,797,45,0,9,0,6,0,0.105882353,0.070588235,0,,0,,1.5,,0,0,0,0,48.28856707,13.26059096,183.84,6,,92,22,23,1000100001,https://doi.org/10.1016/S0921-5107(01)00934-5
85,0,0,9,0,0,0,0,0,0,0,0,0,6,0,0,795,3600,,727,797,45,0,9,0,6,0,0.105882353,0.070588235,0,,0,,1.5,,0,0,0,0,48.28856707,13.26059096,183.84,6,,68,-2,20,1000100001,https://doi.org/10.1016/S0921-5107(01)00934-5
85,0,0,9,0,0,0,0,0,0,0,0,0,6,0,0,457,3600,,727,797,45,0,9,0,6,0,0.105882353,0.070588235,0,,0,,1.5,,0,0,0,0,48.28856707,13.26059096,183.84,6,,-270,-340,19,1000100001,https://doi.org/10.1016/S0921-5107(01)00934-5
85,0,0,9,0,0,0,0,0,0,0,0,0,6,0,0,499,3600,,727,797,45,0,9,0,6,0,0.105882353,0.070588235,0,,0,,1.5,,0,0,0,0,48.28856707,13.26059096,183.84,6,,-228,-298,19,1000100001,https://doi.org/10.1016/S0921-5107(01)00934-5
85,0,0,9,0,0,0,0,0,0,0,0,0,6,0,0,587,3600,,727,797,45,0,9,0,6,0,0.105882353,0.070588235,0,,0,,1.5,,0,0,0,0,48.28856707,13.26059096,183.84,6,,-140,-210,19,1000100001,https://doi.org/10.1016/S0921-5107(01)00934-5
85,0,0,9,0,0,0,0,0,0,0,0,0,6,0,0,655,3600,,727,797,45,0,9,0,6,0,0.105882353,0.070588235,0,,0,,1.5,,0,0,0,0,48.28856707,13.26059096,183.84,6,,-72,-142,19,1000100001,https://doi.org/10.1016/S0921-5107(01)00934-5
85,0,0,9,0,0,0,0,0,0,0,0,0,6,0,0,747,3600,,727,797,45,0,9,0,6,0,0.105882353,0.070588235,0,,0,,1.5,,0,0,0,0,48.28856707,13.26059096,183.84,6,,20,-50,19,1000100001,https://doi.org/10.1016/S0921-5107(01)00934-5
79,0,0,9,0,0,0,0,0,0,0,0,0,12,0,0,929,3600,,760,829,45,0,9,0,12,0,0.113924051,0.151898734,0,,0,,0.75,,0,0,0,0,48.28856707,13.26059096,183.84,6,,169,100,16,1000100001,https://doi.org/10.1016/S0921-5107(01)00934-5
79,0,0,9,0,0,0,0,0,0,0,0,0,12,0,0,870,3600,,760,829,45,0,9,0,12,0,0.113924051,0.151898734,0,,0,,0.75,,0,0,0,0,48.28856707,13.26059096,183.84,6,,110,41,9,1000100001,https://doi.org/10.1016/S0921-5107(01)00934-5
79,0,0,9,0,0,0,0,0,0,0,0,0,12,0,0,498,3600,,760,829,45,0,9,0,12,0,0.113924051,0.151898734,0,,0,,0.75,,0,0,0,0,48.28856707,13.26059096,183.84,6,,-262,-331,8,1000100001,https://doi.org/10.1016/S0921-5107(01)00934-5
79,0,0,9,0,0,0,0,0,0,0,0,0,12,0,0,591,3600,,760,829,45,0,9,0,12,0,0.113924051,0.151898734,0,,0,,0.75,,0,0,0,0,48.28856707,13.26059096,183.84,6,,-169,-238,8,1000100001,https://doi.org/10.1016/S0921-5107(01)00934-5
79,0,0,9,0,0,0,0,0,0,0,0,0,12,0,0,653,3600,,760,829,45,0,9,0,12,0,0.113924051,0.151898734,0,,0,,0.75,,0,0,0,0,48.28856707,13.26059096,183.84,6,,-107,-176,8,1000100001,https://doi.org/10.1016/S0921-5107(01)00934-5
79,0,0,9,0,0,0,0,0,0,0,0,0,12,0,0,753,3600,,760,829,45,0,9,0,12,0,0.113924051,0.151898734,0,,0,,0.75,,0,0,0,0,48.28856707,13.26059096,183.84,6,,-7,-76,8,1000100001,https://doi.org/10.1016/S0921-5107(01)00934-5
79,0,0,9,0,0,0,0,0,0,0,0,0,12,0,0,799,3600,,760,829,45,0,9,0,12,0,0.113924051,0.151898734,0,,0,,0.75,,0,0,0,0,48.28856707,13.26059096,183.84,6,,39,-30,8,1000100001,https://doi.org/10.1016/S0921-5107(01)00934-5
79,0,0,9,0,0,0,0,0,0,0,0,0,12,0,0,827,3600,,760,829,45,0,9,0,12,0,0.113924051,0.151898734,0,,0,,0.75,,0,0,0,0,48.28856707,13.26059096,183.84,6,,67,-2,8,1000100001,https://doi.org/10.1016/S0921-5107(01)00934-5
73.5,13.5,0,9,0,1,0,0,0,0,0,2,0,0,0,1,823,2700,,783,918,,13.5,9,1,3,0.183673469,0.12244898,0.040816327,0.013605442,3,4.5,13.5,3,9,20.47747469,7.484870061,63.546,2,63.0814274,15.74664768,114.354,4.333333333,,40,-95,19,1100100011,https://doi.org/10.1016/S0924-4247(03)00177-8
73.5,13.5,0,9,0,1,0,0,0,0,0,3,0,0,0,0,823,2700,,795,938,,13.5,9,1,3,0.183673469,0.12244898,0.040816327,0.013605442,3,4.5,13.5,3,9,20.47747469,7.484870061,63.546,2,52.13963205,13.95656817,92.90637,5,,28,-115,12,1100100011,https://doi.org/10.1016/S0924-4247(03)00177-8
73.5,13.5,0,9,0,1,0,0,0,0,0,3,0,0,0,0,783,1500,,795,938,,13.5,9,1,3,0.183673469,0.12244898,0.040816327,0.013605442,3,4.5,13.5,3,9,20.47747469,7.484870061,63.546,2,52.13963205,13.95656817,92.90637,5,,-12,-155,11,1100100011,https://doi.org/10.1016/S0924-4247(03)00177-8
73,15.8,0,7.2,0,1,0,0,0,0,0,3,0,0,0,0,1113,1800,,,,24,15.8,7.2,1,3,0.216438356,0.098630137,0.04109589,0.01369863,3,5.266666667,15.8,2.4,7.2,20.47747469,7.484870061,63.546,2,52.13963205,13.95656817,92.90637,5,,,,13.2,1100100011,https://doi.org/10.1023/A:1004852117700
73,15.8,0,7.2,0,1,0,0,0,0,0,3,0,0,0,0,1023,1800,,,,24,15.8,7.2,1,3,0.216438356,0.098630137,0.04109589,0.01369863,3,5.266666667,15.8,2.4,7.2,20.47747469,7.484870061,63.546,2,52.13963205,13.95656817,92.90637,5,,,,12.9,1100100011,https://doi.org/10.1023/A:1004852117700
73.6,15.8,0,7.2,0,1,0,0,0,0,0,2.4,0,0,0,0,1023,1800,,,,26,15.8,7.2,1,2.4,0.214673913,0.097826087,0.032608696,0.013586957,2.4,6.583333333,15.8,3,7.2,20.47747469,7.484870061,63.546,2,52.13963205,13.95656817,92.90637,5,,,,12.9,1100100011,https://doi.org/10.1023/A:1004852117700
73,15.8,0,7.2,0,1,0,0,0,0,0,3,0,0,0,0,973,1800,,,,24,15.8,7.2,1,3,0.216438356,0.098630137,0.04109589,0.01369863,3,5.266666667,15.8,2.4,7.2,20.47747469,7.484870061,63.546,2,52.13963205,13.95656817,92.90637,5,,,,12.8,1100100011,https://doi.org/10.1023/A:1004852117700
73.6,15.8,0,7.2,0,1,0,0,0,0,0,2.4,0,0,0,0,973,1800,,,,26,15.8,7.2,1,2.4,0.214673913,0.097826087,0.032608696,0.013586957,2.4,6.583333333,15.8,3,7.2,20.47747469,7.484870061,63.546,2,52.13963205,13.95656817,92.90637,5,,,,12.8,1100100011,https://doi.org/10.1023/A:1004852117700
73.6,15.8,0,7.2,0,1,0,0,0,0,0,2.4,0,0,0,0,813,1800,,,,26,15.8,7.2,1,2.4,0.214673913,0.097826087,0.032608696,0.013586957,2.4,6.583333333,15.8,3,7.2,20.47747469,7.484870061,63.546,2,52.13963205,13.95656817,92.90637,5,,,,8.3,1100100011,https://doi.org/10.1023/A:1004852117700
73,15.8,0,7.2,0,1,0,0,0,0,0,3,0,0,0,0,813,1800,,,,24,15.8,7.2,1,3,0.216438356,0.098630137,0.04109589,0.01369863,3,5.266666667,15.8,2.4,7.2,20.47747469,7.484870061,63.546,2,52.13963205,13.95656817,92.90637,5,,,,7.9,1100100011,https://doi.org/10.1023/A:1004852117700
73.6,15.8,0,7.2,0,1,0,0,0,0,0,2.4,0,0,0,0,773,1800,,,,26,15.8,7.2,1,2.4,0.214673913,0.097826087,0.032608696,0.013586957,2.4,6.583333333,15.8,3,7.2,20.47747469,7.484870061,63.546,2,52.13963205,13.95656817,92.90637,5,,,,7.3,1100100011,https://doi.org/10.1023/A:1004852117700
73,15.8,0,7.2,0,1,0,0,0,0,0,3,0,0,0,0,773,1800,,,,24,15.8,7.2,1,3,0.216438356,0.098630137,0.04109589,0.01369863,3,5.266666667,15.8,2.4,7.2,20.47747469,7.484870061,63.546,2,52.13963205,13.95656817,92.90637,5,,,,6.9,1100100011,https://doi.org/10.1023/A:1004852117700
73,15.8,0,7.2,0,1,0,0,0,0,0,3,0,0,0,0,753,1800,,,,24,15.8,7.2,1,3,0.216438356,0.098630137,0.04109589,0.01369863,3,5.266666667,15.8,2.4,7.2,20.47747469,7.484870061,63.546,2,52.13963205,13.95656817,92.90637,5,,,,3.4,1100100011,https://doi.org/10.1023/A:1004852117700
73.6,15.8,0,7.2,0,1,0,0,0,0,0,2.4,0,0,0,0,753,1800,,,,26,15.8,7.2,1,2.4,0.214673913,0.097826087,0.032608696,0.013586957,2.4,6.583333333,15.8,3,7.2,20.47747469,7.484870061,63.546,2,52.13963205,13.95656817,92.90637,5,,,,3.2,1100100011,https://doi.org/10.1023/A:1004852117700
73.6,15.8,0,7.2,0,1,0,0,0,0,0,2.4,0,0,0,0,723,1800,,,,26,15.8,7.2,1,2.4,0.214673913,0.097826087,0.032608696,0.013586957,2.4,6.583333333,15.8,3,7.2,20.47747469,7.484870061,63.546,2,52.13963205,13.95656817,92.90637,5,,,,2.9,1100100011,https://doi.org/10.1023/A:1004852117700
73,15.8,0,7.2,0,1,0,0,0,0,0,3,0,0,0,0,723,1800,,,,24,15.8,7.2,1,3,0.216438356,0.098630137,0.04109589,0.01369863,3,5.266666667,15.8,2.4,7.2,20.47747469,7.484870061,63.546,2,52.13963205,13.95656817,92.90637,5,,,,2.7,1100100011,https://doi.org/10.1023/A:1004852117700
73.6,15.8,0,7.2,0,1,0,0,0,0,0,2.4,0,0,0,0,693,1800,,,,26,15.8,7.2,1,2.4,0.214673913,0.097826087,0.032608696,0.013586957,2.4,6.583333333,15.8,3,7.2,20.47747469,7.484870061,63.546,2,52.13963205,13.95656817,92.90637,5,,,,2.2,1100100011,https://doi.org/10.1023/A:1004852117700
73,15.8,0,7.2,0,1,0,0,0,0,0,3,0,0,0,0,693,1800,,,,24,15.8,7.2,1,3,0.216438356,0.098630137,0.04109589,0.01369863,3,5.266666667,15.8,2.4,7.2,20.47747469,7.484870061,63.546,2,52.13963205,13.95656817,92.90637,5,,,,2,1100100011,https://doi.org/10.1023/A:1004852117700
71,0,0,21,0,1,0,0,0,0,7,0,0,0,0,0,823,3600,795.8282209,821.9631902,,,0,21,1,7,0,0.295774648,0.098591549,0.014084507,7,0,0,3,21,20.47747469,7.484870061,63.546,2,58.71837826,15.10715557,91.224,4,27.1717791,1.0368098,,6.138613861,1000100011,https://doi.org/10.1023/A:1011040419703
74,0,0,18,0,1,0,0,0,0,7,0,0,0,0,0,837,3600,809.8159509,836.8711656,,,0,18,1,7,0,0.243243243,0.094594595,0.013513514,7,0,0,2.571428571,18,20.47747469,7.484870061,63.546,2,58.71837826,15.10715557,91.224,4,27.1840491,0.1288344,,6.732673267,1000100011,https://doi.org/10.1023/A:1011040419703
86,0,0,6,0,1,0,0,0,0,7,0,0,0,0,0,811,3600,786.809816,810.9202454,,,0,6,1,7,0,0.069767442,0.081395349,0.011627907,7,0,0,0.857142857,6,20.47747469,7.484870061,63.546,2,58.71837826,15.10715557,91.224,4,24.190184,0.0797546,,20,1000100011,https://doi.org/10.1023/A:1011040419703
80,0,0,12,0,1,0,0,0,0,7,0,0,0,0,0,831,3600,808.8957055,830.797546,,,0,12,1,7,0,0.15,0.0875,0.0125,7,0,0,1.714285714,12,20.47747469,7.484870061,63.546,2,58.71837826,15.10715557,91.224,4,22.1042945,0.202454,,9.801980198,1000100011,https://doi.org/10.1023/A:1011040419703
91,0,0,2,0,0,0,0,0,0,7,0,0,0,0,0,973,3600,,,,,0,2,0,7,0,0.021978022,0.076923077,0,,0,,0.285714286,,0,0,0,0,58.71837826,15.10715557,91.224,4,,,,43.48643347,1000100001,https://doi.org/10.1023/A:1011040419703
82,0,0,10,0,1,0,0,0,0,7,0,0,0,0,0,825,3600,803.9263804,824.9079755,,,0,10,1,7,0,0.12195122,0.085365854,0.012195122,7,0,0,1.428571429,10,20.47747469,7.484870061,63.546,2,58.71837826,15.10715557,91.224,4,21.0736196,0.0920245,,20.1980198,1000100011,https://doi.org/10.1023/A:1011040419703
84,0,0,8,0,1,0,0,0,0,7,0,0,0,0,0,811,3600,788.8343558,811.1042945,,,0,8,1,7,0,0.095238095,0.083333333,0.011904762,7,0,0,1.142857143,8,20.47747469,7.484870061,63.546,2,58.71837826,15.10715557,91.224,4,22.1656442,-0.1042945,,19.6039604,1000100011,https://doi.org/10.1023/A:1011040419703
91,0,0,2,0,0,0,0,0,0,7,0,0,0,0,0,923,3600,,,,,0,2,0,7,0,0.021978022,0.076923077,0,,0,,0.285714286,,0,0,0,0,58.71837826,15.10715557,91.224,4,,,,18.42650104,1000100001,https://doi.org/10.1023/A:1011040419703
91,0,0,2,0,0,0,0,0,0,7,0,0,0,0,0,953,3600,,,,,0,2,0,7,0,0.021978022,0.076923077,0,,0,,0.285714286,,0,0,0,0,58.71837826,15.10715557,91.224,4,,,,17.36951073,1000100001,https://doi.org/10.1023/A:1011040419703
91,0,0,2,0,0,0,0,0,0,7,0,0,0,0,0,873,3600,,,,,0,2,0,7,0,0.021978022,0.076923077,0,,0,,0.285714286,,0,0,0,0,58.71837826,15.10715557,91.224,4,,,,16.69990193,1000100001,https://doi.org/10.1023/A:1011040419703
91,0,0,2,0,0,0,0,0,0,7,0,0,0,0,0,773,3600,,,,,0,2,0,7,0,0.021978022,0.076923077,0,,0,,0.285714286,,0,0,0,0,58.71837826,15.10715557,91.224,4,,,,16.34521085,1000100001,https://doi.org/10.1023/A:1011040419703
91,0,0,2,0,0,0,0,0,0,7,0,0,0,0,0,823,3600,,,,,0,2,0,7,0,0.021978022,0.076923077,0,,0,,0.285714286,,0,0,0,0,58.71837826,15.10715557,91.224,4,,,,15.9273183,1000100001,https://doi.org/10.1023/A:1011040419703
77,0,0,15,0,1,0,0,0,0,7,0,0,0,0,0,843,3600,821.0429448,842.7607362,,,0,15,1,7,0,0.194805195,0.090909091,0.012987013,7,0,0,2.142857143,15,20.47747469,7.484870061,63.546,2,58.71837826,15.10715557,91.224,4,21.9570552,0.2392638,,7.623762376,1000100011,https://doi.org/10.1023/A:1011040419703
69,0,0,23,0,1,0,0,0,0,7,0,0,0,0,0,808,3600,779.0797546,807.9754601,,,0,23,1,7,0,0.333333333,0.101449275,0.014492754,7,0,0,3.285714286,23,20.47747469,7.484870061,63.546,2,58.71837826,15.10715557,91.224,4,28.9202454,0.0245399,,6.732673267,1000100011,https://doi.org/10.1023/A:1011040419703
63.5,13.5,0,9,0,1,0,0,0,10,0,3,0,0,0,0,853,3600,,,,,13.5,9,1,13,0.212598425,0.141732283,0.204724409,0.015748031,13,1.038461538,13.5,0.692307692,9,20.47747469,7.484870061,63.546,2,35.66709741,10.76682093,61.4369,5.769230769,,,,16,1100100011,https://doi.org/10.1063/1.1485109
63.5,13.5,0,9,0,1,0,0,0,10,0,3,0,0,0,0,873,3600,,,,,13.5,9,1,13,0.212598425,0.141732283,0.204724409,0.015748031,13,1.038461538,13.5,0.692307692,9,20.47747469,7.484870061,63.546,2,35.66709741,10.76682093,61.4369,5.769230769,,,,15,1100100011,https://doi.org/10.1063/1.1485109
63.5,13.5,0,9,0,1,0,0,0,10,0,3,0,0,0,0,898,3600,,,,,13.5,9,1,13,0.212598425,0.141732283,0.204724409,0.015748031,13,1.038461538,13.5,0.692307692,9,20.47747469,7.484870061,63.546,2,35.66709741,10.76682093,61.4369,5.769230769,,,,38,1100100011,https://doi.org/10.1063/1.1485109
63.5,13.5,0,9,0,1,0,0,0,10,0,3,0,0,0,0,818,3600,,,,,13.5,9,1,13,0.212598425,0.141732283,0.204724409,0.015748031,13,1.038461538,13.5,0.692307692,9,20.47747469,7.484870061,63.546,2,35.66709741,10.76682093,61.4369,5.769230769,,,,4,1100100011,https://doi.org/10.1063/1.1485109
73.5,13.5,0,9,0,1,0,0,2,0,0,1,0,0,0,0,773,300,763,,,,13.5,9,1,3,0.183673469,0.12244898,0.040816327,0.013605442,3,4.5,13.5,3,9,20.47747469,7.484870061,63.546,2,39.77066975,11.59202563,64.9298,5,10,,,21,1100100011,https://doi.org/10.1088/0953-8984/12/37/308
73.5,13.5,0,9,0,1,0,0,2,0,0,1,0,0,0,0,753,300,763,,,,13.5,9,1,3,0.183673469,0.12244898,0.040816327,0.013605442,3,4.5,13.5,3,9,20.47747469,7.484870061,63.546,2,39.77066975,11.59202563,64.9298,5,-10,,,20,1100100011,https://doi.org/10.1088/0953-8984/12/37/308
73.5,13.5,0,9,0,1,0,0,0,0,0,1,2,0,0,0,798,300,772,,,,13.5,9,1,3,0.183673469,0.12244898,0.040816327,0.013605442,3,4.5,13.5,3,9,20.47747469,7.484870061,63.546,2,48.09427021,13.21988845,94.94,5.666666667,26,,,17,1100100011,https://doi.org/10.1088/0953-8984/12/37/308
73.5,13.5,0,9,0,1,0,0,0,0,0,1,2,0,0,0,738,3600,772,,,,13.5,9,1,3,0.183673469,0.12244898,0.040816327,0.013605442,3,4.5,13.5,3,9,20.47747469,7.484870061,63.546,2,48.09427021,13.21988845,94.94,5.666666667,-34,,,17,1100100011,https://doi.org/10.1088/0953-8984/12/37/308
73.5,13.5,0,9,0,1,0,0,0,0,0,3,0,0,0,0,798,300,791,,,,13.5,9,1,3,0.183673469,0.12244898,0.040816327,0.013605442,3,4.5,13.5,3,9,20.47747469,7.484870061,63.546,2,52.13963205,13.95656817,92.90637,5,7,,,13,1100100011,https://doi.org/10.1088/0953-8984/12/37/308
73.5,13.5,0,9,0,1,0,0,0,0,0,3,0,0,0,0,753,3600,791,,,,13.5,9,1,3,0.183673469,0.12244898,0.040816327,0.013605442,3,4.5,13.5,3,9,20.47747469,7.484870061,63.546,2,52.13963205,13.95656817,92.90637,5,-38,,,12,1100100011,https://doi.org/10.1088/0953-8984/12/37/308
73.5,13.5,0,9,0,1,0,0,0,0,2,1,0,0,0,0,823,300,797,,,,13.5,9,1,3,0.183673469,0.12244898,0.040816327,0.013605442,3,4.5,13.5,3,9,20.47747469,7.484870061,63.546,2,56.52546285,14.72362644,91.785,4.333333333,26,,,11,1100100011,https://doi.org/10.1088/0953-8984/12/37/308
73.5,13.5,0,9,0,1,0,0,0,0,2,1,0,0,0,0,773,3600,797,,,,13.5,9,1,3,0.183673469,0.12244898,0.040816327,0.013605442,3,4.5,13.5,3,9,20.47747469,7.484870061,63.546,2,56.52546285,14.72362644,91.785,4.333333333,-24,,,11,1100100011,https://doi.org/10.1088/0953-8984/12/37/308
80.5,0,0,12.5,0,0,0,0,0,0,0,7,0,0,0,0,783,3600,,793,,30,0,12.5,0,7,0,0.155279503,0.086956522,0,,0,,1.785714286,,0,0,0,0,52.13963205,13.95656817,92.90637,5,,-10,,12,1000100001,https://doi.org/10.1088/0953-8984/14/18/307
80.5,0,0,12.5,0,0,0,0,0,0,0,7,0,0,0,0,883,3600,,793,,30,0,12.5,0,7,0,0.155279503,0.086956522,0,,0,,1.785714286,,0,0,0,0,52.13963205,13.95656817,92.90637,5,,90,,18,1000100001,https://doi.org/10.1088/0953-8984/14/18/307
80.5,0,0,12.5,0,0,0,0,0,0,0,7,0,0,0,0,743,3600,,793,,30,0,12.5,0,7,0,0.155279503,0.086956522,0,,0,,1.785714286,,0,0,0,0,52.13963205,13.95656817,92.90637,5,,-50,,8,1000100001,https://doi.org/10.1088/0953-8984/14/18/307
73.5,13.5,0,9,0,1,0,0,0,0,0,3,0,0,0,0,773,3600,,,,30,13.5,9,1,3,0.183673469,0.12244898,0.040816327,0.013605442,3,4.5,13.5,3,9,20.47747469,7.484870061,63.546,2,52.13963205,13.95656817,92.90637,5,,,,8.5,1100100011,https://doi.org/10.1109/20.825825
73.5,16.5,0,6,0,1,0,0,0,0,0,3,0,0,0,0,803,3600,,,,30,16.5,6,1,3,0.224489796,0.081632653,0.040816327,0.013605442,3,5.5,16.5,2,6,20.47747469,7.484870061,63.546,2,52.13963205,13.95656817,92.90637,5,,,,8.5,1100100011,https://doi.org/10.1109/20.825825
73.5,13.5,0,9,0,1,0,0,0,0,0,3,0,0,0,0,793,3600,,,,30,13.5,9,1,3,0.183673469,0.12244898,0.040816327,0.013605442,3,4.5,13.5,3,9,20.47747469,7.484870061,63.546,2,52.13963205,13.95656817,92.90637,5,,,,8.5,1100100011,https://doi.org/10.1109/20.825825
73.5,13.5,0,9,0,1,0,0,0,0,0,3,0,0,0,0,923,3600,,,,22,13.5,9,1,3,0.183673469,0.12244898,0.040816327,0.013605442,3,4.5,13.5,3,9,20.47747469,7.484870061,63.546,2,52.13963205,13.95656817,92.90637,5,,,,14,1100100011,https://doi.org/10.1109/20.951133
73.5,13.5,0,9,0,1,0,0,0,0,0,3,0,0,0,0,898,3600,,,,22,13.5,9,1,3,0.183673469,0.12244898,0.040816327,0.013605442,3,4.5,13.5,3,9,20.47747469,7.484870061,63.546,2,52.13963205,13.95656817,92.90637,5,,,,13.4,1100100011,https://doi.org/10.1109/20.951133
73.5,13.5,0,9,0,1,0,0,0,0,0,3,0,0,0,0,873,3600,,,,22,13.5,9,1,3,0.183673469,0.12244898,0.040816327,0.013605442,3,4.5,13.5,3,9,20.47747469,7.484870061,63.546,2,52.13963205,13.95656817,92.90637,5,,,,12.8,1100100011,https://doi.org/10.1109/20.951133
73.5,13.5,0,9,0,1,0,0,0,0,0,3,0,0,0,0,848,3600,,,,22,13.5,9,1,3,0.183673469,0.12244898,0.040816327,0.013605442,3,4.5,13.5,3,9,20.47747469,7.484870061,63.546,2,52.13963205,13.95656817,92.90637,5,,,,12.4,1100100011,https://doi.org/10.1109/20.951133
73.5,13.5,0,9,0,1,0,0,0,0,0,3,0,0,0,0,796,3600,,,,22,13.5,9,1,3,0.183673469,0.12244898,0.040816327,0.013605442,3,4.5,13.5,3,9,20.47747469,7.484870061,63.546,2,52.13963205,13.95656817,92.90637,5,,,,11.5,1100100011,https://doi.org/10.1109/20.951133
73.5,13.5,0,9,0,1,0,0,0,0,0,3,0,0,0,0,773,3600,,,,22,13.5,9,1,3,0.183673469,0.12244898,0.040816327,0.013605442,3,4.5,13.5,3,9,20.47747469,7.484870061,63.546,2,52.13963205,13.95656817,92.90637,5,,,,11,1100100011,https://doi.org/10.1109/20.951133
73.5,13.5,0,9,0,1,0,0,0,0,0,3,0,0,0,0,813,3600,,,,22,13.5,9,1,3,0.183673469,0.12244898,0.040816327,0.013605442,3,4.5,13.5,3,9,20.47747469,7.484870061,63.546,2,52.13963205,13.95656817,92.90637,5,,,,11.4,1100100011,https://doi.org/10.1109/20.951133
74.5,13.5,0,9,0,0,0,0,0,0,0,3,0,0,0,0,823,3600,,,,20,13.5,9,0,3,0.181208054,0.120805369,0.040268456,0,,4.5,,3,,0,0,0,0,52.13963205,13.95656817,92.90637,5,,,,41.90465765,1100100001,https://doi.org/10.4028/www.scientific.net/MSF.307.51
73.5,13.5,0,9,0,1,0,0,0,0,0,3,0,0,0,0,873,3600,,,,20,13.5,9,1,3,0.183673469,0.12244898,0.040816327,0.013605442,3,4.5,13.5,3,9,20.47747469,7.484870061,63.546,2,52.13963205,13.95656817,92.90637,5,,,,10.97727399,1100100011,https://doi.org/10.4028/www.scientific.net/MSF.307.51
73.5,13.5,0,9,0,1,0,0,0,0,0,3,0,0,0,0,773,3600,,,,20,13.5,9,1,3,0.183673469,0.12244898,0.040816327,0.013605442,3,4.5,13.5,3,9,20.47747469,7.484870061,63.546,2,52.13963205,13.95656817,92.90637,5,,,,8.988191389,1100100011,https://doi.org/10.4028/www.scientific.net/MSF.307.51
74,13.5,0,9,0,0.5,0,0,0,0,0,3,0,0,0,0,823,3600,,,,20,13.5,9,0.5,3,0.182432432,0.121621622,0.040540541,0.006756757,6,4.5,27,3,18,20.47747469,7.484870061,63.546,2,52.13963205,13.95656817,92.90637,5,,,,13.09588966,1100100011,https://doi.org/10.4028/www.scientific.net/MSF.307.51
73,13.5,0,9,0,1.5,0,0,0,0,0,3,0,0,0,0,823,3600,,,,20,13.5,9,1.5,3,0.184931507,0.123287671,0.04109589,0.020547945,2,4.5,9,3,6,20.47747469,7.484870061,63.546,2,52.13963205,13.95656817,92.90637,5,,,,10.9531498,1100100011,https://doi.org/10.4028/www.scientific.net/MSF.307.51
73.5,13.5,0,9,0,1,0,0,0,0,0,3,0,0,0,0,823,3600,,,,20,13.5,9,1,3,0.183673469,0.12244898,0.040816327,0.013605442,3,4.5,13.5,3,9,20.47747469,7.484870061,63.546,2,52.13963205,13.95656817,92.90637,5,,,,10.00082097,1100100011,https://doi.org/10.4028/www.scientific.net/MSF.307.51
73.5,13.5,0,9,0,1,0,0,0,0,0,3,0,0,0,0,823,3600,,,,20,13.5,9,1,3,0.183673469,0.12244898,0.040816327,0.013605442,3,4.5,13.5,3,9,20.47747469,7.484870061,63.546,2,52.13963205,13.95656817,92.90637,5,,,,9.982454186,1100100011,https://doi.org/10.4028/www.scientific.net/MSF.307.51
73.5,13.5,0,9,0,1,0,0,0,0,0,3,0,0,0,0,923,3600,,,,20,13.5,9,1,3,0.183673469,0.12244898,0.040816327,0.013605442,3,4.5,13.5,3,9,20.47747469,7.484870061,63.546,2,52.13963205,13.95656817,92.90637,5,,,,11.9720938,1100100011,https://doi.org/10.4028/www.scientific.net/MSF.307.51
86,0,0,6,0,1,0,0,0,0,7,0,0,0,0,0,770,3600,,775,993,21,0,6,1,7,0,0.069767442,0.081395349,0.011627907,7,0,0,0.857142857,6,20.47747469,7.484870061,63.546,2,58.71837826,15.10715557,91.224,4,,-5,-223,8.690944882,1000100011,https://www.jstage.jst.go.jp/article/matertrans1989/32/6/32_6_551/_article/-char/ja/
86,0,0,6,0,1,0,0,0,0,7,0,0,0,0,0,825,3600,,775,993,21,0,6,1,7,0,0.069767442,0.081395349,0.011627907,7,0,0,0.857142857,6,20.47747469,7.484870061,63.546,2,58.71837826,15.10715557,91.224,4,,50,-168,10.18006021,1000100011,https://www.jstage.jst.go.jp/article/matertrans1989/32/6/32_6_551/_article/-char/ja/
86,0,0,6,0,1,0,0,0,0,7,0,0,0,0,0,724,3600,,775,993,21,0,6,1,7,0,0.069767442,0.081395349,0.011627907,7,0,0,0.857142857,6,20.47747469,7.484870061,63.546,2,58.71837826,15.10715557,91.224,4,,-51,-269,6.18197082,1000100011,https://www.jstage.jst.go.jp/article/matertrans1989/32/6/32_6_551/_article/-char/ja/
86,0,0,6,0,1,0,0,0,0,7,0,0,0,0,0,977,3600,,775,993,21,0,6,1,7,0,0.069767442,0.081395349,0.011627907,7,0,0,0.857142857,6,20.47747469,7.484870061,63.546,2,58.71837826,15.10715557,91.224,4,,202,-16,41.77889069,1000100011,https://www.jstage.jst.go.jp/article/matertrans1989/32/6/32_6_551/_article/-char/ja/
86,0,0,6,0,1,0,0,0,0,7,0,0,0,0,0,875,3600,,775,993,21,0,6,1,7,0,0.069767442,0.081395349,0.011627907,7,0,0,0.857142857,6,20.47747469,7.484870061,63.546,2,58.71837826,15.10715557,91.224,4,,100,-118,10.59373553,1000100011,https://www.jstage.jst.go.jp/article/matertrans1989/32/6/32_6_551/_article/-char/ja/
72.5,17.5,1,5,0,1,0,0,0,0,0,3,0,0,0,0,823,1800,,760,994,,18.5,5,1,3,0.255172414,0.068965517,0.04137931,0.013793103,3,6.166666667,18.5,1.666666667,5,20.47747469,7.484870061,63.546,2,52.13963205,13.95656817,92.90637,5,,63,-171,12.40392857,1101100011,https://www.sciencedirect.com/science/article/pii/S0022309314006759
73.5,17.5,0,5,0,1,0,0,0,0,0,3,0,0,0,0,823,1800,,775,983,,17.5,5,1,3,0.238095238,0.068027211,0.040816327,0.013605442,3,5.833333333,17.5,1.666666667,5,20.47747469,7.484870061,63.546,2,52.13963205,13.95656817,92.90637,5,,48,-160,11.60357143,1100100011,https://www.sciencedirect.com/science/article/pii/S0022309314006759
73.3,17.5,0.2,5,0,1,0,0,0,0,0,3,0,0,0,0,823,1800,,776,988,,17.7,5,1,3,0.241473397,0.068212824,0.040927694,0.013642565,3,5.9,17.7,1.666666667,5,20.47747469,7.484870061,63.546,2,52.13963205,13.95656817,92.90637,5,,47,-165,11.0025,1101100011,https://www.sciencedirect.com/science/article/pii/S0022309314006759
73.1,17.5,0.4,5,0,1,0,0,0,0,0,3,0,0,0,0,823,1800,,770,990,,17.9,5,1,3,0.244870041,0.068399453,0.041039672,0.013679891,3,5.966666667,17.9,1.666666667,5,20.47747469,7.484870061,63.546,2,52.13963205,13.95656817,92.90637,5,,53,-167,10.89964286,1101100011,https://www.sciencedirect.com/science/article/pii/S0022309314006759
72.9,17.5,0.6,5,0,1,0,0,0,0,0,3,0,0,0,0,823,1800,,765,993,,18.1,5,1,3,0.248285322,0.068587106,0.041152263,0.013717421,3,6.033333333,18.1,1.666666667,5,20.47747469,7.484870061,63.546,2,52.13963205,13.95656817,92.90637,5,,58,-170,10.85142857,1101100011,https://www.sciencedirect.com/science/article/pii/S0022309314006759
72.7,17.5,0.8,5,0,1,0,0,0,0,0,3,0,0,0,0,823,1800,,764,993,,18.3,5,1,3,0.251719395,0.068775791,0.041265475,0.013755158,3,6.1,18.3,1.666666667,5,20.47747469,7.484870061,63.546,2,52.13963205,13.95656817,92.90637,5,,59,-170,10.60071429,1101100011,https://www.sciencedirect.com/science/article/pii/S0022309314006759
83.44,3.89,0,7.92,4.06,0.69,0,0,0,0,0,0,0,0,0,0,748,600,,685,827,12,3.89,11.98,0.69,0,0.046620326,0.143576222,0,0.008269415,0,,5.637681159,,17.36231884,20.47747469,7.484870061,63.546,2,0,0,0,0,,63,-79,18.01834862,1100110010,https://www.sciencedirect.com/science/article/pii/S0925838816313470
84.32,3.87,0,7.59,4.16,0,0.05,0,0,0,0,0,0,0,0,0,773,600,,704,821,12,3.87,11.75,0.05,0,0.045896584,0.139350095,0,0.000592979,0,,77.4,,235,30.17339817,9.692061232,107.8682,1,0,0,0,0,,69,-48,39.32110092,1100110010,https://www.sciencedirect.com/science/article/pii/S0925838816313470
84.32,3.87,0,7.59,4.16,0,0.05,0,0,0,0,0,0,0,0,0,653,600,,704,821,12,3.87,11.75,0.05,0,0.045896584,0.139350095,0,0.000592979,0,,77.4,,235,30.17339817,9.692061232,107.8682,1,0,0,0,0,,-51,-168,47.35779817,1100110010,https://www.sciencedirect.com/science/article/pii/S0925838816313470
84.32,3.87,0,7.59,4.16,0,0.05,0,0,0,0,0,0,0,0,0,673,600,,704,821,12,3.87,11.75,0.05,0,0.045896584,0.139350095,0,0.000592979,0,,77.4,,235,30.17339817,9.692061232,107.8682,1,0,0,0,0,,-31,-148,45.10091743,1100110010,https://www.sciencedirect.com/science/article/pii/S0925838816313470
84.32,3.87,0,7.59,4.16,0,0.05,0,0,0,0,0,0,0,0,0,698,600,,704,821,12,3.87,11.75,0.05,0,0.045896584,0.139350095,0,0.000592979,0,,77.4,,235,30.17339817,9.692061232,107.8682,1,0,0,0,0,,-6,-123,43.11926606,1100110010,https://www.sciencedirect.com/science/article/pii/S0925838816313470
83.47,3.89,0,7.88,4.04,0,0,0.71,0,0,0,0,0,0,0,0,773,600,,710,824,12,3.89,11.92,0.71,0,0.04660357,0.142805798,0,0.00850605,0,,5.478873239,,16.78873239,35.38507627,10.77821289,196.966569,3,0,0,0,0,,63,-51,36.23853211,1100110010,https://www.sciencedirect.com/science/article/pii/S0925838816313470
83.47,3.89,0,7.88,4.04,0,0,0.71,0,0,0,0,0,0,0,0,698,600,,710,824,12,3.89,11.92,0.71,0,0.04660357,0.142805798,0,0.00850605,0,,5.478873239,,16.78873239,35.38507627,10.77821289,196.966569,3,0,0,0,0,,-12,-126,39.70642202,1100110010,https://www.sciencedirect.com/science/article/pii/S0925838816313470
83.47,3.89,0,7.88,4.04,0,0,0.71,0,0,0,0,0,0,0,0,673,600,,710,824,12,3.89,11.92,0.71,0,0.04660357,0.142805798,0,0.00850605,0,,5.478873239,,16.78873239,35.38507627,10.77821289,196.966569,3,0,0,0,0,,-37,-151,44.93577982,1100110010,https://www.sciencedirect.com/science/article/pii/S0925838816313470
84.32,3.87,0,7.59,4.16,0,0.05,0,0,0,0,0,0,0,0,0,633,600,,704,821,12,3.87,11.75,0.05,0,0.045896584,0.139350095,0,0.000592979,0,,77.4,,235,30.17339817,9.692061232,107.8682,1,0,0,0,0,,-71,-188,35.79816514,1100110010,https://www.sciencedirect.com/science/article/pii/S0925838816313470
84.32,3.87,0,7.59,4.16,0,0.05,0,0,0,0,0,0,0,0,0,748,600,,704,821,12,3.87,11.75,0.05,0,0.045896584,0.139350095,0,0.000592979,0,,77.4,,235,30.17339817,9.692061232,107.8682,1,0,0,0,0,,44,-73,38.16513761,1100110010,https://www.sciencedirect.com/science/article/pii/S0925838816313470
83.47,3.89,0,7.88,4.04,0,0,0.71,0,0,0,0,0,0,0,0,653,600,,710,824,12,3.89,11.92,0.71,0,0.04660357,0.142805798,0,0.00850605,0,,5.478873239,,16.78873239,35.38507627,10.77821289,196.966569,3,0,0,0,0,,-57,-171,44.93577982,1100110010,https://www.sciencedirect.com/science/article/pii/S0925838816313470
83.47,3.89,0,7.88,4.04,0,0,0.71,0,0,0,0,0,0,0,0,723,600,,710,824,12,3.89,11.92,0.71,0,0.04660357,0.142805798,0,0.00850605,0,,5.478873239,,16.78873239,35.38507627,10.77821289,196.966569,3,0,0,0,0,,13,-101,40.03669725,1100110010,https://www.sciencedirect.com/science/article/pii/S0925838816313470
83.44,3.89,0,7.92,4.06,0.69,0,0,0,0,0,0,0,0,0,0,633,600,,685,827,12,3.89,11.98,0.69,0,0.046620326,0.143576222,0,0.008269415,0,,5.637681159,,17.36231884,20.47747469,7.484870061,63.546,2,0,0,0,0,,-52,-194,34.91743119,1100110010,https://www.sciencedirect.com/science/article/pii/S0925838816313470
83.47,3.89,0,7.88,4.04,0,0,0.71,0,0,0,0,0,0,0,0,748,600,,710,824,12,3.89,11.92,0.71,0,0.04660357,0.142805798,0,0.00850605,0,,5.478873239,,16.78873239,35.38507627,10.77821289,196.966569,3,0,0,0,0,,38,-76,38.60550459,1100110010,https://www.sciencedirect.com/science/article/pii/S0925838816313470
83.44,3.89,0,7.92,4.06,0.69,0,0,0,0,0,0,0,0,0,0,653,600,,685,827,12,3.89,11.98,0.69,0,0.046620326,0.143576222,0,0.008269415,0,,5.637681159,,17.36231884,20.47747469,7.484870061,63.546,2,0,0,0,0,,-32,-174,31.6146789,1100110010,https://www.sciencedirect.com/science/article/pii/S0925838816313470
83.44,3.89,0,7.92,4.06,0.69,0,0,0,0,0,0,0,0,0,0,613,600,,685,827,12,3.89,11.98,0.69,0,0.046620326,0.143576222,0,0.008269415,0,,5.637681159,,17.36231884,20.47747469,7.484870061,63.546,2,0,0,0,0,,-72,-214,20.22018349,1100110010,https://www.sciencedirect.com/science/article/pii/S0925838816313470
84.32,3.87,0,7.59,4.16,0,0.05,0,0,0,0,0,0,0,0,0,613,600,,704,821,12,3.87,11.75,0.05,0,0.045896584,0.139350095,0,0.000592979,0,,77.4,,235,30.17339817,9.692061232,107.8682,1,0,0,0,0,,-91,-208,25.2293578,1100110010,https://www.sciencedirect.com/science/article/pii/S0925838816313470
83.44,3.89,0,7.92,4.06,0.69,0,0,0,0,0,0,0,0,0,0,673,600,,685,827,12,3.89,11.98,0.69,0,0.046620326,0.143576222,0,0.008269415,0,,5.637681159,,17.36231884,20.47747469,7.484870061,63.546,2,0,0,0,0,,-12,-154,28.58715596,1100110010,https://www.sciencedirect.com/science/article/pii/S0925838816313470
83.47,3.89,0,7.88,4.04,0,0,0.71,0,0,0,0,0,0,0,0,633,600,,710,824,12,3.89,11.92,0.71,0,0.04660357,0.142805798,0,0.00850605,0,,5.478873239,,16.78873239,35.38507627,10.77821289,196.966569,3,0,0,0,0,,-77,-191,25.39449541,1100110010,https://www.sciencedirect.com/science/article/pii/S0925838816313470
83.47,3.89,0,7.88,4.04,0,0,0.71,0,0,0,0,0,0,0,0,613,600,,710,824,12,3.89,11.92,0.71,0,0.04660357,0.142805798,0,0.00850605,0,,5.478873239,,16.78873239,35.38507627,10.77821289,196.966569,3,0,0,0,0,,-97,-211,15.26605505,1100110010,https://www.sciencedirect.com/science/article/pii/S0925838816313470
83.44,3.89,0,7.92,4.06,0.69,0,0,0,0,0,0,0,0,0,0,723,600,,685,827,12,3.89,11.98,0.69,0,0.046620326,0.143576222,0,0.008269415,0,,5.637681159,,17.36231884,20.47747469,7.484870061,63.546,2,0,0,0,0,,38,-104,14.66055046,1100110010,https://www.sciencedirect.com/science/article/pii/S0925838816313470
83.44,3.89,0,7.92,4.06,0.69,0,0,0,0,0,0,0,0,0,0,698,600,,685,827,12,3.89,11.98,0.69,0,0.046620326,0.143576222,0,0.008269415,0,,5.637681159,,17.36231884,20.47747469,7.484870061,63.546,2,0,0,0,0,,13,-129,26.11009174,1100110010,https://www.sciencedirect.com/science/article/pii/S0925838816313470
84.32,3.87,0,7.59,4.16,0,0.05,0,0,0,0,0,0,0,0,0,723,600,,704,821,12,3.87,11.75,0.05,0,0.045896584,0.139350095,0,0.000592979,0,,77.4,,235,30.17339817,9.692061232,107.8682,1,0,0,0,0,,19,-98,42.62385321,1100110010,https://www.sciencedirect.com/science/article/pii/S0925838816313470
