Fe,Si,C,Al,B,P,Ge,Cu,Ag,Ti,V,Zr,Nb,Mo,Hf,Ta,W,Ce,Annealing temperature (K),Annealing Time (s),Primary Crystallization Onset (K),Primary Crystallization Peak (K),Secondary Crystallization Peak (K),Longitudinal Annealing field,Transverse Annealing field,Ribbon Thickness (um),Total SiCAl,Total BP,Total GaGe,Total Late Transition,Total Early Transition,Relative to Fe SiCAl,Relative to Fe BP,Relative to Fe GaGe,Relative to Fe Early,Relative to Fe Late,Relative to Late Early,Relative to Early SiCAl,Relative to Late SiCAl,Relative to Early BP,Relative to Late BP,Relative to Early GaGe,Relative to Late GaGe,Late Weighted Volume,Late Weighted Area,Late Weighted Mass,Late Mean Electrons,Early Weighted Volume,Early Weighted Area,Early Weighted Mass,Early Mean Electrons,Delta T0,Delta T1,Delta T2,Magnetic Saturation,Composition ID,Reference DOI
73.5,13.5,0,0,9,0,0,1,0,0,0,0,3,0,0,0,0,0,813,1800,,,,0,0,20,13.5,9,0,1,3,0.183673469,0.12244898,0,0.040816327,0.013605442,3,4.5,13.5,3,9,0,0,20.47747469,7.484870061,63.546,2,52.13963205,13.95656817,92.90637,5,,,,1.25,1100100011,10.1016/j.jallcom.2006.12.133
73.5,13.5,0,0,9,0,0,1,0,0,1,0,2,0,0,0,0,0,833,1800,,,,0,0,20,13.5,9,0,1,3,0.183673469,0.12244898,0,0.040816327,0.013605442,3,4.5,13.5,3,9,0,0,20.47747469,7.484870061,63.546,2,45.9551509,12.7742969,78.9181,5,,,,1.239583333,1100100011,10.1016/j.jallcom.2006.12.133
73.5,13.5,0,0,9,0,0,1,0,0,2,0,1,0,0,0,0,0,833,1800,,,,0,0,20,13.5,9,0,1,3,0.183673469,0.12244898,0,0.040816327,0.013605442,3,4.5,13.5,3,9,0,0,20.47747469,7.484870061,63.546,2,39.77066975,11.59202563,64.9298,5,,,,1.288194444,1100100011,10.1016/j.jallcom.2006.12.133
73.5,13.5,0,0,9,0,0,1,0,0,1.5,0,1.5,0,0,0,0,0,833,1800,,,,0,0,20,13.5,9,0,1,3,0.183673469,0.12244898,0,0.040816327,0.013605442,3,4.5,13.5,3,9,0,0,20.47747469,7.484870061,63.546,2,42.86291032,12.18316127,71.923935,5,,,,1.260416667,1100100011,10.1016/j.jallcom.2006.12.133
73.5,15.5,0,0,7,0,0,1,0,0,0,0,3,0,0,0,0,0,823,3600,,,,0,1,22,15.5,7,0,1,3,0.210884354,0.095238095,0,0.040816327,0.013605442,3,5.166666667,15.5,2.333333333,7,0,0,20.47747469,7.484870061,63.546,2,52.13963205,13.95656817,92.90637,5,,,,1.18,1100100011,10.1016/j.pnsc.2017.09.002
73.5,15.5,0,0,7,0,0,1,0,0,0,0,3,0,0,0,0,0,823,3600,,,,0,1,18,15.5,7,0,1,3,0.210884354,0.095238095,0,0.040816327,0.013605442,3,5.166666667,15.5,2.333333333,7,0,0,20.47747469,7.484870061,63.546,2,52.13963205,13.95656817,92.90637,5,,,,1.18,1100100011,10.1016/j.pnsc.2017.09.002
73.5,15.5,0,0,7,0,0,1,0,0,0,0,3,0,0,0,0,0,823,3600,,,,0,1,14,15.5,7,0,1,3,0.210884354,0.095238095,0,0.040816327,0.013605442,3,5.166666667,15.5,2.333333333,7,0,0,20.47747469,7.484870061,63.546,2,52.13963205,13.95656817,92.90637,5,,,,1.18,1100100011,10.1016/j.pnsc.2017.09.002
73.5,15.5,0,0,3,4,0,1,0,0,0,0,3,0,0,0,0,0,813,1800,,830,895,0,0,20,15.5,7,0,1,3,0.210884354,0.095238095,0,0.040816327,0.013605442,3,5.166666667,15.5,2.333333333,7,0,0,20.47747469,7.484870061,63.546,2,52.13963205,13.95656817,92.90637,5,,-17,-82,0.69,1100110011,10.1016/S0921-4526(02)01741-6
73.5,15.5,0,0,6,1,0,1,0,0,0,0,3,0,0,0,0,0,813,1800,,824,963,0,0,20,15.5,7,0,1,3,0.210884354,0.095238095,0,0.040816327,0.013605442,3,5.166666667,15.5,2.333333333,7,0,0,20.47747469,7.484870061,63.546,2,52.13963205,13.95656817,92.90637,5,,-11,-150,0.93,1100110011,10.1016/S0921-4526(02)01741-6
73.5,15.5,0,0,5,2,0,1,0,0,0,0,3,0,0,0,0,0,813,1800,,823,924,0,0,20,15.5,7,0,1,3,0.210884354,0.095238095,0,0.040816327,0.013605442,3,5.166666667,15.5,2.333333333,7,0,0,20.47747469,7.484870061,63.546,2,52.13963205,13.95656817,92.90637,5,,-10,-111,0.78,1100110011,10.1016/S0921-4526(02)01741-6
73.5,15.5,0,0,4,3,0,1,0,0,0,0,3,0,0,0,0,0,813,1800,,823,916,0,0,20,15.5,7,0,1,3,0.210884354,0.095238095,0,0.040816327,0.013605442,3,5.166666667,15.5,2.333333333,7,0,0,20.47747469,7.484870061,63.546,2,52.13963205,13.95656817,92.90637,5,,-10,-103,0.67,1100110011,10.1016/S0921-4526(02)01741-6
73.5,15.5,0,0,7,0,0,1,0,0,0,0,3,0,0,0,0,0,813,1800,,824,999,0,0,20,15.5,7,0,1,3,0.210884354,0.095238095,0,0.040816327,0.013605442,3,5.166666667,15.5,2.333333333,7,0,0,20.47747469,7.484870061,63.546,2,52.13963205,13.95656817,92.90637,5,,-11,-186,1.01,1100100011,10.1016/S0921-4526(02)01741-6
84.3,4,0,0,8,3,0,0.7,0,0,0,0,0,0,0,0,0,0,748,600,,,,0,0,20,4,11,0,0.7,0,0.047449585,0.130486358,0,0,0.008303677,0,,5.714285714,,15.71428571,,0,20.47747469,7.484870061,63.546,2,0,0,0,0,,,,1.94,1100110010,10.1063/1.3058624
83.3,4,0,0,8,4,0,0.7,0,0,0,0,0,0,0,0,0,0,748,600,,,,0,0,20,4,12,0,0.7,0,0.048019208,0.144057623,0,0,0.008403361,0,,5.714285714,,17.14285714,,0,20.47747469,7.484870061,63.546,2,0,0,0,0,,,,1.88,1100110010,10.1063/1.3058624
74.5,13.5,0,0,9,0,0,0,0,0,0,0,3,0,0,0,0,0,763,3600,,,,0,0,17.5,13.5,9,0,0,3,0.181208054,0.120805369,0,0.040268456,0,,4.5,,3,,0,,0,0,0,0,52.13963205,13.95656817,92.90637,5,,,,1.28,1100100001,10.1063/1.342149
74,13.5,0,0,9,0,0,0.5,0,0,0,0,3,0,0,0,0,0,843,3600,,,,0,0,17.5,13.5,9,0,0.5,3,0.182432432,0.121621622,0,0.040540541,0.006756757,6,4.5,27,3,18,0,0,20.47747469,7.484870061,63.546,2,52.13963205,13.95656817,92.90637,5,,,,1.2553,1100100011,10.1063/1.342149
73.5,16.5,0,0,6,0,0,1,0,0,0,0,3,0,0,0,0,0,853,3600,,,,0,0,17.5,16.5,6,0,1,3,0.224489796,0.081632653,0,0.040816327,0.013605442,3,5.5,16.5,2,6,0,0,20.47747469,7.484870061,63.546,2,52.13963205,13.95656817,92.90637,5,,,,1.18,1100100011,10.1063/1.342149
73.5,13.5,0,0,9,0,0,1,0,0,0,0,3,0,0,0,0,0,853,3600,,,,0,0,17.5,13.5,9,0,1,3,0.183673469,0.12244898,0,0.040816327,0.013605442,3,4.5,13.5,3,9,0,0,20.47747469,7.484870061,63.546,2,52.13963205,13.95656817,92.90637,5,,,,1.2401,1100100011,10.1063/1.342149
73,13.5,0,0,9,0,0,1.5,0,0,0,0,3,0,0,0,0,0,833,3600,,,,0,0,17.5,13.5,9,0,1.5,3,0.184931507,0.123287671,0,0.04109589,0.020547945,2,4.5,9,3,6,0,0,20.47747469,7.484870061,63.546,2,52.13963205,13.95656817,92.90637,5,,,,1.225,1100100011,10.1063/1.342149
73.5,13.5,0,0,9,0,0,1,0,0,0,0,3,0,0,0,0,0,565,3600,,769,905,0,0,20,13.5,9,0,1,3,0.183673469,0.12244898,0,0.040816327,0.013605442,3,4.5,13.5,3,9,0,0,20.47747469,7.484870061,63.546,2,52.13963205,13.95656817,92.90637,5,,-204,-340,1.247222601,1100100011,10.1063/1.352574
73.5,13.5,0,0.1,9,0,0,1,0,0,0,0,3,0,0,0,0,0,565,3600,,773,917,0,0,20,13.6,9,0,1,3,0.185034014,0.12244898,0,0.040816327,0.013605442,3,4.533333333,13.6,3,9,0,0,20.47747469,7.484870061,63.546,2,52.13963205,13.95656817,92.90637,5,,-208,-352,1.116364133,1101100011,10.1063/1.352574
73.5,13.5,0,0.5,9,0,0,1,0,0,0,0,3,0,0,0,0,0,565,3600,,756,913,0,0,20,14,9,0,1,3,0.19047619,0.12244898,0,0.040816327,0.013605442,3,4.666666667,14,3,9,0,0,20.47747469,7.484870061,63.546,2,52.13963205,13.95656817,92.90637,5,,-191,-348,1.109703835,1101100011,10.1063/1.352574
73.5,13.5,0,1,9,0,0,1,0,0,0,0,3,0,0,0,0,0,565,3600,,760,916,0,0,20,14.5,9,0,1,3,0.197278912,0.12244898,0,0.040816327,0.013605442,3,4.833333333,14.5,3,9,0,0,20.47747469,7.484870061,63.546,2,52.13963205,13.95656817,92.90637,5,,-195,-351,1.076620718,1101100011,10.1063/1.352574
86,1,0,0,8,4,0,1,0,0,0,0,0,0,0,0,0,0,733,600,,,,0,0,20,1,12,0,1,0,0.011627907,0.139534884,0,0,0.011627907,0,,1,,12,,0,20.47747469,7.484870061,63.546,2,0,0,0,0,,,,1.85,1100110010,10.1063/1.3535169
85,2,0,0,8,4,0,1,0,0,0,0,0,0,0,0,0,0,733,600,,,,0,0,20,2,12,0,1,0,0.023529412,0.141176471,0,0,0.011764706,0,,2,,12,,0,20.47747469,7.484870061,63.546,2,0,0,0,0,,,,1.812790408,1100110010,10.1063/1.3535169
85,2,0,0,8,4,0,1,0,0,0,0,0,0,0,0,0,0,753,600,,,,0,0,20,2,12,0,1,0,0.023529412,0.141176471,0,0,0.011764706,0,,2,,12,,0,20.47747469,7.484870061,63.546,2,0,0,0,0,,,,1.422510582,1100110010,10.1063/1.3535169
85,2,0,0,8,4,0,1,0,0,0,0,0,0,0,0,0,0,748,600,,,,0,0,20,2,12,0,1,0,0.023529412,0.141176471,0,0,0.011764706,0,,2,,12,,0,20.47747469,7.484870061,63.546,2,0,0,0,0,,,,1.584763747,1100110010,10.1063/1.3535169
85,2,0,0,8,4,0,1,0,0,0,0,0,0,0,0,0,0,703,600,,,,0,0,20,2,12,0,1,0,0.023529412,0.141176471,0,0,0.011764706,0,,2,,12,,0,20.47747469,7.484870061,63.546,2,0,0,0,0,,,,1.476188926,1100110010,10.1063/1.3535169
85,2,0,0,8,4,0,1,0,0,0,0,0,0,0,0,0,0,743,600,,,,0,0,20,2,12,0,1,0,0.023529412,0.141176471,0,0,0.011764706,0,,2,,12,,0,20.47747469,7.484870061,63.546,2,0,0,0,0,,,,1.796552451,1100110010,10.1063/1.3535169
85,2,0,0,8,4,0,1,0,0,0,0,0,0,0,0,0,0,713,600,,,,0,0,20,2,12,0,1,0,0.023529412,0.141176471,0,0,0.011764706,0,,2,,12,,0,20.47747469,7.484870061,63.546,2,0,0,0,0,,,,1.713156231,1100110010,10.1063/1.3535169
85,2,0,0,8,4,0,1,0,0,0,0,0,0,0,0,0,0,718,600,,,,0,0,20,2,12,0,1,0,0.023529412,0.141176471,0,0,0.011764706,0,,2,,12,,0,20.47747469,7.484870061,63.546,2,0,0,0,0,,,,1.757330831,1100110010,10.1063/1.3535169
85,2,0,0,8,4,0,1,0,0,0,0,0,0,0,0,0,0,723,600,,,,0,0,20,2,12,0,1,0,0.023529412,0.141176471,0,0,0.011764706,0,,2,,12,,0,20.47747469,7.484870061,63.546,2,0,0,0,0,,,,1.782239375,1100110010,10.1063/1.3535169
85,2,0,0,8,4,0,1,0,0,0,0,0,0,0,0,0,0,693,600,,,,0,0,20,2,12,0,1,0,0.023529412,0.141176471,0,0,0.011764706,0,,2,,12,,0,20.47747469,7.484870061,63.546,2,0,0,0,0,,,,1.544714715,1100110010,10.1063/1.3535169
85,2,0,0,8,4,0,1,0,0,0,0,0,0,0,0,0,0,738,600,,,,0,0,20,2,12,0,1,0,0.023529412,0.141176471,0,0,0.011764706,0,,2,,12,,0,20.47747469,7.484870061,63.546,2,0,0,0,0,,,,1.815680604,1100110010,10.1063/1.3535169
85,2,0,0,8,4,0,1,0,0,0,0,0,0,0,0,0,0,688,600,,,,0,0,20,2,12,0,1,0,0.023529412,0.141176471,0,0,0.011764706,0,,2,,12,,0,20.47747469,7.484870061,63.546,2,0,0,0,0,,,,1.577604336,1100110010,10.1063/1.3535169
85,2,0,0,8,4,0,1,0,0,0,0,0,0,0,0,0,0,728,600,,,,0,0,20,2,12,0,1,0,0.023529412,0.141176471,0,0,0.011764706,0,,2,,12,,0,20.47747469,7.484870061,63.546,2,0,0,0,0,,,,1.812652506,1100110010,10.1063/1.3535169
85,2,0,0,8,4,0,1,0,0,0,0,0,0,0,0,0,0,673,600,,,,0,0,20,2,12,0,1,0,0.023529412,0.141176471,0,0,0.011764706,0,,2,,12,,0,20.47747469,7.484870061,63.546,2,0,0,0,0,,,,1.552425734,1100110010,10.1063/1.3535169
85,2,0,0,8,4,0,1,0,0,0,0,0,0,0,0,0,0,648,600,,,,0,0,20,2,12,0,1,0,0.023529412,0.141176471,0,0,0.011764706,0,,2,,12,,0,20.47747469,7.484870061,63.546,2,0,0,0,0,,,,1.51045182,1100110010,10.1063/1.3535169
85,2,0,0,8,4,0,1,0,0,0,0,0,0,0,0,0,0,623,600,,,,0,0,20,2,12,0,1,0,0.023529412,0.141176471,0,0,0.011764706,0,,2,,12,,0,20.47747469,7.484870061,63.546,2,0,0,0,0,,,,1.50150543,1100110010,10.1063/1.3535169
84,4,0,0,8,4,0,0,0,0,0,0,0,0,0,0,0,0,723,1800,,701,808,0,0,22.5,4,12,0,0,0,0.047619048,0.142857143,0,0,0,,,,,,,,0,0,0,0,0,0,0,0,,22,-85,1.81617,1100110000,10.1063/1.3535290
83.25,4,0,0,8,4,0,0.75,0,0,0,0,0,0,0,0,0,0,723,1800,,673,810,0,0,22.5,4,12,0,0.75,0,0.048048048,0.144144144,0,0,0.009009009,0,,5.333333333,,16,,0,20.47747469,7.484870061,63.546,2,0,0,0,0,,50,-87,1.812788589,1100110010,10.1063/1.3535290
83.5,4,0,0,8,4,0,0.5,0,0,0,0,0,0,0,0,0,0,723,1800,,675,810,0,0,22.5,4,12,0,0.5,0,0.047904192,0.143712575,0,0,0.005988024,0,,8,,24,,0,20.47747469,7.484870061,63.546,2,0,0,0,0,,48,-87,1.8097712,1100110010,10.1063/1.3535290
82.5,4,0,0,8,4,0,1.5,0,0,0,0,0,0,0,0,0,0,723,1800,,666,808,0,0,22.5,4,12,0,1.5,0,0.048484848,0.145454545,0,0,0.018181818,0,,2.666666667,,8,,0,20.47747469,7.484870061,63.546,2,0,0,0,0,,57,-85,1.81448211,1100110010,10.1063/1.3535290
83,4,0,0,8,4,0,1,0,0,0,0,0,0,0,0,0,0,723,1800,,673,808,0,0,22.5,4,12,0,1,0,0.048192771,0.144578313,0,0,0.012048193,0,,4,,12,,0,20.47747469,7.484870061,63.546,2,0,0,0,0,,50,-85,1.820885122,1100110010,10.1063/1.3535290
82.75,4,0,0,8,4,0,1.25,0,0,0,0,0,0,0,0,0,0,723,1800,,671,810,0,0,22.5,4,12,0,1.25,0,0.048338369,0.145015106,0,0,0.01510574,0,,3.2,,9.6,,0,20.47747469,7.484870061,63.546,2,0,0,0,0,,52,-87,1.8318121,1100110010,10.1063/1.3535290
73.5,13.5,0,0,9,0,0,1,0,0,0,0,3,0,0,0,0,0,823,3600,,,,1,0,18,13.5,9,0,1,3,0.183673469,0.12244898,0,0.040816327,0.013605442,3,4.5,13.5,3,9,0,0,20.47747469,7.484870061,63.546,2,52.13963205,13.95656817,92.90637,5,,,,1.24,1100100011,10.1109/20.42291
73.5,13.5,0,0,9,0,0,1,0,0,0,0,3,0,0,0,0,0,823,3600,,,,0,1,18,13.5,9,0,1,3,0.183673469,0.12244898,0,0.040816327,0.013605442,3,4.5,13.5,3,9,0,0,20.47747469,7.484870061,63.546,2,52.13963205,13.95656817,92.90637,5,,,,1.24,1100100011,10.1109/20.42291
73.5,13.5,0,0,9,0,0,1,0,0,0,0,3,0,0,0,0,0,823,3600,,,,0,0,18,13.5,9,0,1,3,0.183673469,0.12244898,0,0.040816327,0.013605442,3,4.5,13.5,3,9,0,0,20.47747469,7.484870061,63.546,2,52.13963205,13.95656817,92.90637,5,,,,1.24,1100100011,10.1109/20.42291
73.5,13.5,0,0,9,0,0,1,0,0,0,0,3,0,0,0,0,0,803,3600,,,,0,0,30,13.5,9,0,1,3,0.183673469,0.12244898,0,0.040816327,0.013605442,3,4.5,13.5,3,9,0,0,20.47747469,7.484870061,63.546,2,52.13963205,13.95656817,92.90637,5,,,,1.1988,1100100011,10.1109/20.825825
73.5,13.5,0,0,9,0,0,1,0,0,0,0,3,0,0,0,0,0,773,3600,,,,0,0,30,13.5,9,0,1,3,0.183673469,0.12244898,0,0.040816327,0.013605442,3,4.5,13.5,3,9,0,0,20.47747469,7.484870061,63.546,2,52.13963205,13.95656817,92.90637,5,,,,1.2757,1100100011,10.1109/20.825825
73.5,13.5,0,0,9,0,0,1,0,0,0,0,3,0,0,0,0,0,793,3600,,,,0,0,30,13.5,9,0,1,3,0.183673469,0.12244898,0,0.040816327,0.013605442,3,4.5,13.5,3,9,0,0,20.47747469,7.484870061,63.546,2,52.13963205,13.95656817,92.90637,5,,,,1.2837,1100100011,10.1109/20.825825
85,1,0,0,9,4,0,1,0,0,0,0,0,0,0,0,0,0,653,7200,,,,0,0,18.5,1,13,0,1,0,0.011764706,0.152941176,0,0,0.011764706,0,,1,,13,,0,20.47747469,7.484870061,63.546,2,0,0,0,0,,,,1.84,1100110010,10.1109/TMAG.2011.2175210
85,2,0,0,8,4,0,1,0,0,0,0,0,0,0,0,0,0,653,7200,,,,0,0,18.5,2,12,0,1,0,0.023529412,0.141176471,0,0,0.011764706,0,,2,,12,,0,20.47747469,7.484870061,63.546,2,0,0,0,0,,,,1.85,1100110010,10.1109/TMAG.2011.2175210
73.5,13.5,0,0,9,0,0,1,0,0,0,0,3,0,0,0,0,0,653,7200,,,,0,0,18.5,13.5,9,0,1,3,0.183673469,0.12244898,0,0.040816327,0.013605442,3,4.5,13.5,3,9,0,0,20.47747469,7.484870061,63.546,2,52.13963205,13.95656817,92.90637,5,,,,1.23,1100100011,10.1109/TMAG.2011.2175210
83.7,0,0,0,14.8,0,0,1.5,0,0,0,0,0,0,0,0,0,0,583,3600,,579,728,0,0,21,0,14.8,0,1.5,0,0,0.176821983,0,0,0.017921147,0,,0,,9.866666667,,0,20.47747469,7.484870061,63.546,2,0,0,0,0,,4,-145,1.672865854,1000100010,10.1143/JJAP.46.L477
83.7,0,0,0,14.8,0,0,1.5,0,0,0,0,0,0,0,0,0,0,683,3600,,579,728,0,0,21,0,14.8,0,1.5,0,0,0.176821983,0,0,0.017921147,0,,0,,9.866666667,,0,20.47747469,7.484870061,63.546,2,0,0,0,0,,104,-45,1.776219512,1000100010,10.1143/JJAP.46.L477
83.7,0,0,0,14.8,0,0,1.5,0,0,0,0,0,0,0,0,0,0,603,3600,,579,728,0,0,21,0,14.8,0,1.5,0,0,0.176821983,0,0,0.017921147,0,,0,,9.866666667,,0,20.47747469,7.484870061,63.546,2,0,0,0,0,,24,-125,1.761585366,1000100010,10.1143/JJAP.46.L477
83.7,0,0,0,14.8,0,0,1.5,0,0,0,0,0,0,0,0,0,0,623,3600,,579,728,0,0,21,0,14.8,0,1.5,0,0,0.176821983,0,0,0.017921147,0,,0,,9.866666667,,0,20.47747469,7.484870061,63.546,2,0,0,0,0,,44,-105,1.755182927,1000100010,10.1143/JJAP.46.L477
83.7,0,0,0,14.8,0,0,1.5,0,0,0,0,0,0,0,0,0,0,643,3600,,579,728,0,0,21,0,14.8,0,1.5,0,0,0.176821983,0,0,0.017921147,0,,0,,9.866666667,,0,20.47747469,7.484870061,63.546,2,0,0,0,0,,64,-85,1.771646341,1000100010,10.1143/JJAP.46.L477
82.7,2,0,0,14,0,0,1.3,0,0,0,0,0,0,0,0,0,0,663,3600,,,,0,0,21,2,14,0,1.3,0,0.024183797,0.169286578,0,0,0.015719468,0,,1.538461538,,10.76923077,,0,20.47747469,7.484870061,63.546,2,0,0,0,0,,,,1.85,1100100010,10.1143/JJAP.46.L477
83.7,0,0,0,14.8,0,0,1.5,0,0,0,0,0,0,0,0,0,0,663,3600,,579,728,0,0,21,0,14.8,0,1.5,0,0,0.176821983,0,0,0.017921147,0,,0,,9.866666667,,0,20.47747469,7.484870061,63.546,2,0,0,0,0,,84,-65,1.824695122,1000100010,10.1143/JJAP.46.L477
80.6,5,0,0,13,0,0,1.4,0,0,0,0,0,0,0,0,0,0,663,3600,,,,0,0,21,5,13,0,1.4,0,0.062034739,0.161290323,0,0,0.017369727,0,,3.571428571,,9.285714286,,0,20.47747469,7.484870061,63.546,2,0,0,0,0,,,,1.8,1100100010,10.1143/JJAP.46.L477
72.5,18.5,0,0,5,0,0,1,0,0,0,0,3,0,0,0,0,0,813,3600,,,,0,0,23,18.5,5,0,1,3,0.255172414,0.068965517,0,0.04137931,0.013793103,3,6.166666667,18.5,1.666666667,5,0,0,20.47747469,7.484870061,63.546,2,52.13963205,13.95656817,92.90637,5,,,,1.157836668,1100100011,10.4028/www.scientific.net/JMNM.1.135
72.5,16.5,0,0,7,0,0,1,0,0,0,0,3,0,0,0,0,0,813,3600,,,,0,0,23,16.5,7,0,1,3,0.227586207,0.096551724,0,0.04137931,0.013793103,3,5.5,16.5,2.333333333,7,0,0,20.47747469,7.484870061,63.546,2,52.13963205,13.95656817,92.90637,5,,,,1.191067941,1100100011,10.4028/www.scientific.net/JMNM.1.135
73.5,17.5,0,0,5,0,0,1,0,0,0,0,3,0,0,0,0,0,813,3600,,,,0,0,23,17.5,5,0,1,3,0.238095238,0.068027211,0,0.040816327,0.013605442,3,5.833333333,17.5,1.666666667,5,0,0,20.47747469,7.484870061,63.546,2,52.13963205,13.95656817,92.90637,5,,,,1.196389168,1100100011,10.4028/www.scientific.net/JMNM.1.135
73.5,15.5,0,0,7,0,0,1,0,0,0,0,3,0,0,0,0,0,813,3600,,,,0,0,23,15.5,7,0,1,3,0.210884354,0.095238095,0,0.040816327,0.013605442,3,5.166666667,15.5,2.333333333,7,0,0,20.47747469,7.484870061,63.546,2,52.13963205,13.95656817,92.90637,5,,,,1.22815288,1100100011,10.4028/www.scientific.net/JMNM.1.135
73.5,14.5,0,0,8,0,0,1,0,0,0,0,3,0,0,0,0,0,813,3600,,,,0,0,23,14.5,8,0,1,3,0.197278912,0.108843537,0,0.040816327,0.013605442,3,4.833333333,14.5,2.666666667,8,0,0,20.47747469,7.484870061,63.546,2,52.13963205,13.95656817,92.90637,5,,,,1.24826585,1100100011,10.4028/www.scientific.net/JMNM.1.135
75.5,10.5,0,0,10,0,0,1,0,0,0,0,3,0,0,0,0,0,813,3600,,,,0,0,23,10.5,10,0,1,3,0.139072848,0.132450331,0,0.039735099,0.013245033,3,3.5,10.5,3.333333333,10,0,0,20.47747469,7.484870061,63.546,2,52.13963205,13.95656817,92.90637,5,,,,1.3554,1100100011,10.4028/www.scientific.net/JMNM.1.135
73.5,13.5,0,0,9,0,0,1,0,0,0,0,1.5,1.5,0,0,0,0,813,3600,,,,0,0,19,13.5,9,0,1,3,0.183673469,0.12244898,0,0.040816327,0.013605442,3,4.5,13.5,3,9,0,0,20.47747469,7.484870061,63.546,2,49.10561067,13.40405838,94.428185,5.5,,,,1.21,1100100011,doi:10.1016/j.jmmm.2010.05.025
73.5,13.5,0,0,9,0,0,1,0,0,0,0,1,2,0,0,0,0,813,3600,,,,0,0,19,13.5,9,0,1,3,0.183673469,0.12244898,0,0.040816327,0.013605442,3,4.5,13.5,3,9,0,0,20.47747469,7.484870061,63.546,2,48.09427021,13.21988845,94.94,5.666666667,,,,1.21,1100100011,doi:10.1016/j.jmmm.2010.05.025
73.5,13.5,0,0,9,0,0,1,0,0,0,0,3,0,0,0,0,0,813,3600,,,,0,0,19,13.5,9,0,1,3,0.183673469,0.12244898,0,0.040816327,0.013605442,3,4.5,13.5,3,9,0,0,20.47747469,7.484870061,63.546,2,52.13963205,13.95656817,92.90637,5,,,,1.22,1100100011,doi:10.1016/j.jmmm.2010.05.025
73.5,13.6,0,0,9.1,0,0,0.8,0,0,0,0,0,3,0,0,0,0,813,3600,,,,0,0,19,13.6,9.1,0,0.8,3,0.185034014,0.123809524,0,0.040816327,0.010884354,3.75,4.533333333,17,3.033333333,11.375,0,0,20.47747469,7.484870061,63.546,2,46.0715893,12.85154859,95.95,6,,,,1.24,1100100011,doi:10.1016/j.jmmm.2010.05.025
84,0,0,0,8,0,0,1,0,0,0,0,7,0,0,0,0,0,1020,3600,,688,1019,0,0,20,0,8,0,1,7,0,0.095238095,0,0.083333333,0.011904762,7,0,0,1.142857143,8,0,0,20.47747469,7.484870061,63.546,2,52.13963205,13.95656817,92.90637,5,,332,1,1.619895009,1000100011,http://iopscience.iop.org/article/10.1143/JJAP.30.L1729/meta
84,0,0,0,8,0,0,1,0,0,0,0,7,0,0,0,0,0,573,3600,,688,1019,0,0,20,0,8,0,1,7,0,0.095238095,0,0.083333333,0.011904762,7,0,0,1.142857143,8,0,0,20.47747469,7.484870061,63.546,2,52.13963205,13.95656817,92.90637,5,,-115,-446,0.399634814,1000100011,http://iopscience.iop.org/article/10.1143/JJAP.30.L1729/meta
82,0,0,0,10,0,0,1,0,7,0,0,0,0,0,0,0,0,973,3600,,688,975,0,0,20,0,10,0,1,7,0,0.12195122,0,0.085365854,0.012195122,7,0,0,1.428571429,10,0,0,20.47747469,7.484870061,63.546,2,36.61933005,11.02741189,47.867,4,,285,-2,1.724330493,1000100011,http://iopscience.iop.org/article/10.1143/JJAP.30.L1729/meta
82,0,0,0,10,0,0,1,0,0,0,0,0,0,0,7,0,0,973,3600,,720,1016,0,0,20,0,10,0,1,7,0,0.12195122,0,0.085365854,0.012195122,7,0,0,1.428571429,10,0,0,20.47747469,7.484870061,63.546,2,53.73563411,14.23994304,180.94788,5,,253,-43,1.477579124,1000100011,http://iopscience.iop.org/article/10.1143/JJAP.30.L1729/meta
84,0,0,0,8,0,0,1,0,0,0,0,7,0,0,0,0,0,673,3600,,688,1019,0,0,20,0,8,0,1,7,0,0.095238095,0,0.083333333,0.011904762,7,0,0,1.142857143,8,0,0,20.47747469,7.484870061,63.546,2,52.13963205,13.95656817,92.90637,5,,-15,-346,0.593373402,1000100011,http://iopscience.iop.org/article/10.1143/JJAP.30.L1729/meta
84,0,0,0,8,0,0,1,0,0,0,0,7,0,0,0,0,0,623,3600,,688,1019,0,0,20,0,8,0,1,7,0,0.095238095,0,0.083333333,0.011904762,7,0,0,1.142857143,8,0,0,20.47747469,7.484870061,63.546,2,52.13963205,13.95656817,92.90637,5,,-65,-396,0.420747109,1000100011,http://iopscience.iop.org/article/10.1143/JJAP.30.L1729/meta
82,0,0,0,10,0,0,1,0,0,0,0,0,0,0,7,0,0,573,3600,,720,1016,0,0,20,0,10,0,1,7,0,0.12195122,0,0.085365854,0.012195122,7,0,0,1.428571429,10,0,0,20.47747469,7.484870061,63.546,2,53.73563411,14.23994304,180.94788,5,,-147,-443,0.672375228,1000100011,http://iopscience.iop.org/article/10.1143/JJAP.30.L1729/meta
82,0,0,0,10,0,0,1,0,7,0,0,0,0,0,0,0,0,673,3600,,688,975,0,0,20,0,10,0,1,7,0,0.12195122,0,0.085365854,0.012195122,7,0,0,1.428571429,10,0,0,20.47747469,7.484870061,63.546,2,36.61933005,11.02741189,47.867,4,,-15,-302,1.02194157,1000100011,http://iopscience.iop.org/article/10.1143/JJAP.30.L1729/meta
82,0,0,0,10,0,0,1,0,0,0,0,0,0,0,7,0,0,623,3600,,720,1016,0,0,20,0,10,0,1,7,0,0.12195122,0,0.085365854,0.012195122,7,0,0,1.428571429,10,0,0,20.47747469,7.484870061,63.546,2,53.73563411,14.23994304,180.94788,5,,-97,-393,0.676164029,1000100011,http://iopscience.iop.org/article/10.1143/JJAP.30.L1729/meta
82,0,0,0,10,0,0,1,0,7,0,0,0,0,0,0,0,0,573,3600,,688,975,0,0,20,0,10,0,1,7,0,0.12195122,0,0.085365854,0.012195122,7,0,0,1.428571429,10,0,0,20.47747469,7.484870061,63.546,2,36.61933005,11.02741189,47.867,4,,-115,-402,0.793586427,1000100011,http://iopscience.iop.org/article/10.1143/JJAP.30.L1729/meta
82,0,0,0,10,0,0,1,0,0,0,0,0,0,0,7,0,0,673,3600,,720,1016,0,0,20,0,10,0,1,7,0,0.12195122,0,0.085365854,0.012195122,7,0,0,1.428571429,10,0,0,20.47747469,7.484870061,63.546,2,53.73563411,14.23994304,180.94788,5,,-47,-343,0.697268716,1000100011,http://iopscience.iop.org/article/10.1143/JJAP.30.L1729/meta
82,0,0,0,10,0,0,1,0,0,0,0,0,0,0,7,0,0,723,3600,,720,1016,0,0,20,0,10,0,1,7,0,0.12195122,0,0.085365854,0.012195122,7,0,0,1.428571429,10,0,0,20.47747469,7.484870061,63.546,2,53.73563411,14.23994304,180.94788,5,,3,-293,0.99543518,1000100011,http://iopscience.iop.org/article/10.1143/JJAP.30.L1729/meta
82,0,0,0,10,0,0,1,0,7,0,0,0,0,0,0,0,0,623,3600,,688,975,0,0,20,0,10,0,1,7,0,0.12195122,0,0.085365854,0.012195122,7,0,0,1.428571429,10,0,0,20.47747469,7.484870061,63.546,2,36.61933005,11.02741189,47.867,4,,-65,-352,0.806040779,1000100011,http://iopscience.iop.org/article/10.1143/JJAP.30.L1729/meta
82,0,0,0,10,0,0,1,0,7,0,0,0,0,0,0,0,0,923,3600,,688,975,0,0,20,0,10,0,1,7,0,0.12195122,0,0.085365854,0.012195122,7,0,0,1.428571429,10,0,0,20.47747469,7.484870061,63.546,2,36.61933005,11.02741189,47.867,4,,235,-52,1.556048387,1000100011,http://iopscience.iop.org/article/10.1143/JJAP.30.L1729/meta
82,0,0,0,10,0,0,1,0,0,0,0,0,0,0,7,0,0,923,3600,,720,1016,0,0,20,0,10,0,1,7,0,0.12195122,0,0.085365854,0.012195122,7,0,0,1.428571429,10,0,0,20.47747469,7.484870061,63.546,2,53.73563411,14.23994304,180.94788,5,,203,-93,1.469468959,1000100011,http://iopscience.iop.org/article/10.1143/JJAP.30.L1729/meta
82,0,0,0,10,0,0,1,0,0,0,0,0,0,0,7,0,0,773,3600,,720,1016,0,0,20,0,10,0,1,7,0,0.12195122,0,0.085365854,0.012195122,7,0,0,1.428571429,10,0,0,20.47747469,7.484870061,63.546,2,53.73563411,14.23994304,180.94788,5,,53,-243,1.289265064,1000100011,http://iopscience.iop.org/article/10.1143/JJAP.30.L1729/meta
82,0,0,0,10,0,0,1,0,0,0,0,0,0,0,7,0,0,873,3600,,720,1016,0,0,20,0,10,0,1,7,0,0.12195122,0,0.085365854,0.012195122,7,0,0,1.428571429,10,0,0,20.47747469,7.484870061,63.546,2,53.73563411,14.23994304,180.94788,5,,153,-143,1.422375228,1000100011,http://iopscience.iop.org/article/10.1143/JJAP.30.L1729/meta
84,0,0,0,8,0,0,1,0,0,0,0,7,0,0,0,0,0,723,3600,,688,1019,0,0,20,0,8,0,1,7,0,0.095238095,0,0.083333333,0.011904762,7,0,0,1.142857143,8,0,0,20.47747469,7.484870061,63.546,2,52.13963205,13.95656817,92.90637,5,,35,-296,1.211883749,1000100011,http://iopscience.iop.org/article/10.1143/JJAP.30.L1729/meta
84,0,0,0,8,0,0,1,0,0,0,0,7,0,0,0,0,0,973,3600,,688,1019,0,0,20,0,8,0,1,7,0,0.095238095,0,0.083333333,0.011904762,7,0,0,1.142857143,8,0,0,20.47747469,7.484870061,63.546,2,52.13963205,13.95656817,92.90637,5,,285,-46,1.572816494,1000100011,http://iopscience.iop.org/article/10.1143/JJAP.30.L1729/meta
84,0,0,0,8,0,0,1,0,0,0,0,7,0,0,0,0,0,873,3600,,688,1019,0,0,20,0,8,0,1,7,0,0.095238095,0,0.083333333,0.011904762,7,0,0,1.142857143,8,0,0,20.47747469,7.484870061,63.546,2,52.13963205,13.95656817,92.90637,5,,185,-146,1.556580949,1000100011,http://iopscience.iop.org/article/10.1143/JJAP.30.L1729/meta
84,0,0,0,8,0,0,1,0,0,0,0,7,0,0,0,0,0,823,3600,,688,1019,0,0,20,0,8,0,1,7,0,0.095238095,0,0.083333333,0.011904762,7,0,0,1.142857143,8,0,0,20.47747469,7.484870061,63.546,2,52.13963205,13.95656817,92.90637,5,,135,-196,1.487865186,1000100011,http://iopscience.iop.org/article/10.1143/JJAP.30.L1729/meta
82,0,0,0,10,0,0,1,0,7,0,0,0,0,0,0,0,0,823,3600,,688,975,0,0,20,0,10,0,1,7,0,0.12195122,0,0.085365854,0.012195122,7,0,0,1.428571429,10,0,0,20.47747469,7.484870061,63.546,2,36.61933005,11.02741189,47.867,4,,135,-152,1.474870663,1000100011,http://iopscience.iop.org/article/10.1143/JJAP.30.L1729/meta
82,0,0,0,10,0,0,1,0,7,0,0,0,0,0,0,0,0,723,3600,,688,975,0,0,20,0,10,0,1,7,0,0.12195122,0,0.085365854,0.012195122,7,0,0,1.428571429,10,0,0,20.47747469,7.484870061,63.546,2,36.61933005,11.02741189,47.867,4,,35,-252,1.385042605,1000100011,http://iopscience.iop.org/article/10.1143/JJAP.30.L1729/meta
66.5,13.5,0,0,9,0,0,1,0,0,0,0,3,0,0,0,0,7,823,3600,,,,0,0,,13.5,9,0,1,10,0.203007519,0.135338346,0,0.15037594,0.015037594,10,1.35,13.5,0.9,9,0,0,20.47747469,7.484870061,63.546,2,87.35944437,19.51370595,125.953,3.6,,,,0.9,1100100011,http://phys.ipme.nw.ru/e-journals/RAMS/no_61808/pavlik.pdf
68.5,13.5,0,0,9,0,0,1,0,0,0,0,3,0,0,0,0,5,823,3600,,,,0,0,,13.5,9,0,1,8,0.197080292,0.131386861,0,0.116788321,0.01459854,8,1.6875,13.5,1.125,9,0,0,20.47747469,7.484870061,63.546,2,83.58589305,18.91829833,122.4124,3.75,,,,1.1,1100100011,http://phys.ipme.nw.ru/e-journals/RAMS/no_61808/pavlik.pdf
70.5,13.5,0,0,9,0,0,1,0,0,0,0,3,0,0,0,0,3,823,3600,,,,0,0,,13.5,9,0,1,6,0.191489362,0.127659574,0,0.085106383,0.014184397,6,2.25,13.5,1.5,9,0,0,20.47747469,7.484870061,63.546,2,77.29664085,17.9259523,116.5112,4,,,,1.2,1100100011,http://phys.ipme.nw.ru/e-journals/RAMS/no_61808/pavlik.pdf
87,0,0,0,5,0,0,0,1,0,0,7,0,0,0,0,0,0,873,3600,788,812,,0,0,30,0,5,0,1,7,0,0.057471264,0,0.08045977,0.011494253,7,0,0,0.714285714,5,0,0,30.17339817,9.692061232,107.8682,1,58.71837826,15.10715557,91.224,4,85,61,,1.57716895,1000100011,https://aip.scitation.org/doi/abs/10.1063/1.359284
87,0,0,0,5,0,0,0,1,0,0,7,0,0,0,0,0,0,673,3600,788,812,,0,0,30,0,5,0,1,7,0,0.057471264,0,0.08045977,0.011494253,7,0,0,0.714285714,5,0,0,30.17339817,9.692061232,107.8682,1,58.71837826,15.10715557,91.224,4,-115,-139,,0.58173516,1000100011,https://aip.scitation.org/doi/abs/10.1063/1.359284
87,0,0,0,5,0,0,0,1,0,0,7,0,0,0,0,0,0,773,3600,788,812,,0,0,30,0,5,0,1,7,0,0.057471264,0,0.08045977,0.011494253,7,0,0,0.714285714,5,0,0,30.17339817,9.692061232,107.8682,1,58.71837826,15.10715557,91.224,4,-15,-39,,0.716894977,1000100011,https://aip.scitation.org/doi/abs/10.1063/1.359284
87,0,0,0,5,0,0,0,1,0,0,7,0,0,0,0,0,0,473,3600,788,812,,0,0,30,0,5,0,1,7,0,0.057471264,0,0.08045977,0.011494253,7,0,0,0.714285714,5,0,0,30.17339817,9.692061232,107.8682,1,58.71837826,15.10715557,91.224,4,-315,-339,,0.446575343,1000100011,https://aip.scitation.org/doi/abs/10.1063/1.359284
87,0,0,0,5,0,0,0,1,0,0,7,0,0,0,0,0,0,573,3600,788,812,,0,0,30,0,5,0,1,7,0,0.057471264,0,0.08045977,0.011494253,7,0,0,0.714285714,5,0,0,30.17339817,9.692061232,107.8682,1,58.71837826,15.10715557,91.224,4,-215,-239,,0.430136986,1000100011,https://aip.scitation.org/doi/abs/10.1063/1.359284
73.5,13.5,0,0,9,0,0,1,0,0,0,0,0,3,0,0,0,0,811,900,,779,851,0,0,20.5,13.5,9,0,1,3,0.183673469,0.12244898,0,0.040816327,0.013605442,3,4.5,13.5,3,9,0,0,20.47747469,7.484870061,63.546,2,46.0715893,12.85154859,95.95,6,,32,-40,1.34,1100100011,https://doi.org/10.1002/pssa.201700074
73.5,13.5,0,0,9,0,0,1,0,0,0,0,2,1,0,0,0,0,847,3600,,813,918,0,0,20.5,13.5,9,0,1,3,0.183673469,0.12244898,0,0.040816327,0.013605442,3,4.5,13.5,3,9,0,0,20.47747469,7.484870061,63.546,2,50.11695113,13.58822831,93.92,5.333333333,,34,-71,1.20414586,1100100011,https://doi.org/10.1002/pssa.201700074
73.5,13.5,0,0,9,0,0,1,0,0,0,0,2,1,0,0,0,0,847,2700,,813,918,0,0,20.5,13.5,9,0,1,3,0.183673469,0.12244898,0,0.040816327,0.013605442,3,4.5,13.5,3,9,0,0,20.47747469,7.484870061,63.546,2,50.11695113,13.58822831,93.92,5.333333333,,34,-71,1.210019161,1100100011,https://doi.org/10.1002/pssa.201700074
73.5,13.5,0,0,9,0,0,1,0,0,0,0,2,1,0,0,0,0,847,1800,,813,918,0,0,20.5,13.5,9,0,1,3,0.183673469,0.12244898,0,0.040816327,0.013605442,3,4.5,13.5,3,9,0,0,20.47747469,7.484870061,63.546,2,50.11695113,13.58822831,93.92,5.333333333,,34,-71,1.230748458,1100100011,https://doi.org/10.1002/pssa.201700074
73.5,13.5,0,0,9,0,0,1,0,0,0,0,2,1,0,0,0,0,847,900,,813,918,0,0,20.5,13.5,9,0,1,3,0.183673469,0.12244898,0,0.040816327,0.013605442,3,4.5,13.5,3,9,0,0,20.47747469,7.484870061,63.546,2,50.11695113,13.58822831,93.92,5.333333333,,34,-71,1.251592919,1100100011,https://doi.org/10.1002/pssa.201700074
73.5,13.5,0,0,9,0,0,1,0,0,0,0,1,2,0,0,0,0,838,900,,806,896,0,0,20.5,13.5,9,0,1,3,0.183673469,0.12244898,0,0.040816327,0.013605442,3,4.5,13.5,3,9,0,0,20.47747469,7.484870061,63.546,2,48.09427021,13.21988845,94.94,5.666666667,,32,-58,1.28,1100100011,https://doi.org/10.1002/pssa.201700074
73.5,13.5,0,0,9,0,0,0,1,0,0,0,3,0,0,0,0,0,823,3600,887,1068,,0,0,30,13.5,9,0,1,3,0.183673469,0.12244898,0,0.040816327,0.013605442,3,4.5,13.5,3,9,0,0,30.17339817,9.692061232,107.8682,1,52.13963205,13.95656817,92.90637,5,-64,-245,,1.26,1100100011,https://doi.org/10.1007/s11741-000-0017-x
73.5,13.5,0,0,9,0,0,0,1,0,0,0,3,0,0,0,0,0,773,3600,887,1068,,0,0,30,13.5,9,0,1,3,0.183673469,0.12244898,0,0.040816327,0.013605442,3,4.5,13.5,3,9,0,0,30.17339817,9.692061232,107.8682,1,52.13963205,13.95656817,92.90637,5,-114,-295,,1.25,1100100011,https://doi.org/10.1007/s11741-000-0017-x
82,0,0,0,10,8,0,0,0,0,0,0,0,0,0,0,0,0,723,600,,,,0,0,20,0,18,0,0,0,0,0.219512195,0,0,0,,,,,,,,0,0,0,0,0,0,0,0,,,,1.724403954,1000110000,https://doi.org/10.1016/j.jallcom.2010.12.104
80.8,0,0,0,10,8,0,1.2,0,0,0,0,0,0,0,0,0,0,748,600,,709,782,0,0,20,0,18,0,1.2,0,0,0.222772277,0,0,0.014851485,0,,0,,15,,0,20.47747469,7.484870061,63.546,2,0,0,0,0,,39,-34,1.724302845,1000110010,https://doi.org/10.1016/j.jallcom.2010.12.104
84.8,0,0,0,8,6,0,1.2,0,0,0,0,0,0,0,0,0,0,748,600,,663,796,0,0,20,0,14,0,1.2,0,0,0.16509434,0,0,0.014150943,0,,0,,11.66666667,,0,20.47747469,7.484870061,63.546,2,0,0,0,0,,85,-48,1.770085271,1000110010,https://doi.org/10.1016/j.jallcom.2010.12.104
82.8,0,0,0,9,7,0,1.2,0,0,0,0,0,0,0,0,0,0,748,600,,686,789,0,0,20,0,16,0,1.2,0,0,0.193236715,0,0,0.014492754,0,,0,,13.33333333,,0,20.47747469,7.484870061,63.546,2,0,0,0,0,,62,-41,1.736350331,1000110010,https://doi.org/10.1016/j.jallcom.2010.12.104
82,0,0,0,10,8,0,0,0,0,0,0,0,0,0,0,0,0,698,600,,,,0,0,20,0,18,0,0,0,0,0.219512195,0,0,0,,,,,,,,0,0,0,0,0,0,0,0,,,,1.596794219,1000110000,https://doi.org/10.1016/j.jallcom.2010.12.104
80.8,0,0,0,10,8,0,1.2,0,0,0,0,0,0,0,0,0,0,722,600,,709,782,0,0,20,0,18,0,1.2,0,0,0.222772277,0,0,0.014851485,0,,0,,15,,0,20.47747469,7.484870061,63.546,2,0,0,0,0,,13,-60,1.661351745,1000110010,https://doi.org/10.1016/j.jallcom.2010.12.104
84.8,0,0,0,8,6,0,1.2,0,0,0,0,0,0,0,0,0,0,723,600,,663,796,0,0,20,0,14,0,1.2,0,0,0.16509434,0,0,0.014150943,0,,0,,11.66666667,,0,20.47747469,7.484870061,63.546,2,0,0,0,0,,60,-73,1.761351038,1000110010,https://doi.org/10.1016/j.jallcom.2010.12.104
80.8,0,0,0,10,8,0,1.2,0,0,0,0,0,0,0,0,0,0,698,600,,709,782,0,0,20,0,18,0,1.2,0,0,0.222772277,0,0,0.014851485,0,,0,,15,,0,20.47747469,7.484870061,63.546,2,0,0,0,0,,-11,-84,1.606432773,1000110010,https://doi.org/10.1016/j.jallcom.2010.12.104
84.8,0,0,0,8,6,0,1.2,0,0,0,0,0,0,0,0,0,0,648,600,,663,796,0,0,20,0,14,0,1.2,0,0,0.16509434,0,0,0.014150943,0,,0,,11.66666667,,0,20.47747469,7.484870061,63.546,2,0,0,0,0,,-15,-148,1.769686492,1000110010,https://doi.org/10.1016/j.jallcom.2010.12.104
84.8,0,0,0,8,6,0,1.2,0,0,0,0,0,0,0,0,0,0,673,600,,663,796,0,0,20,0,14,0,1.2,0,0,0.16509434,0,0,0.014150943,0,,0,,11.66666667,,0,20.47747469,7.484870061,63.546,2,0,0,0,0,,10,-123,1.779625544,1000110010,https://doi.org/10.1016/j.jallcom.2010.12.104
84.8,0,0,0,8,6,0,1.2,0,0,0,0,0,0,0,0,0,0,698,600,,663,796,0,0,20,0,14,0,1.2,0,0,0.16509434,0,0,0.014150943,0,,0,,11.66666667,,0,20.47747469,7.484870061,63.546,2,0,0,0,0,,35,-98,1.779524436,1000110010,https://doi.org/10.1016/j.jallcom.2010.12.104
82.8,0,0,0,9,7,0,1.2,0,0,0,0,0,0,0,0,0,0,648,600,,686,789,0,0,20,0,16,0,1.2,0,0,0.193236715,0,0,0.014492754,0,,0,,13.33333333,,0,20.47747469,7.484870061,63.546,2,0,0,0,0,,-38,-141,1.66326079,1000110010,https://doi.org/10.1016/j.jallcom.2010.12.104
80.8,0,0,0,10,8,0,1.2,0,0,0,0,0,0,0,0,0,0,673,600,,709,782,0,0,20,0,18,0,1.2,0,0,0.222772277,0,0,0.014851485,0,,0,,15,,0,20.47747469,7.484870061,63.546,2,0,0,0,0,,-36,-109,1.608140308,1000110010,https://doi.org/10.1016/j.jallcom.2010.12.104
82.8,0,0,0,9,7,0,1.2,0,0,0,0,0,0,0,0,0,0,723,600,,686,789,0,0,20,0,16,0,1.2,0,0,0.193236715,0,0,0.014492754,0,,0,,13.33333333,,0,20.47747469,7.484870061,63.546,2,0,0,0,0,,37,-66,1.712355054,1000110010,https://doi.org/10.1016/j.jallcom.2010.12.104
82.8,0,0,0,9,7,0,1.2,0,0,0,0,0,0,0,0,0,0,698,600,,686,789,0,0,20,0,16,0,1.2,0,0,0.193236715,0,0,0.014492754,0,,0,,13.33333333,,0,20.47747469,7.484870061,63.546,2,0,0,0,0,,12,-91,1.697195119,1000110010,https://doi.org/10.1016/j.jallcom.2010.12.104
82.8,0,0,0,9,7,0,1.2,0,0,0,0,0,0,0,0,0,0,673,600,,686,789,0,0,20,0,16,0,1.2,0,0,0.193236715,0,0,0.014492754,0,,0,,13.33333333,,0,20.47747469,7.484870061,63.546,2,0,0,0,0,,-13,-116,1.666372532,1000110010,https://doi.org/10.1016/j.jallcom.2010.12.104
82,0,0,0,10,8,0,0,0,0,0,0,0,0,0,0,0,0,673,600,,,,0,0,20,0,18,0,0,0,0,0.219512195,0,0,0,,,,,,,,0,0,0,0,0,0,0,0,,,,1.590871231,1000110000,https://doi.org/10.1016/j.jallcom.2010.12.104
80.8,0,0,0,10,8,0,1.2,0,0,0,0,0,0,0,0,0,0,647,600,,709,782,0,0,20,0,18,0,1.2,0,0,0.222772277,0,0,0.014851485,0,,0,,15,,0,20.47747469,7.484870061,63.546,2,0,0,0,0,,-62,-135,1.566474348,1000110010,https://doi.org/10.1016/j.jallcom.2010.12.104
82,0,0,0,10,8,0,0,0,0,0,0,0,0,0,0,0,0,648,600,,,,0,0,20,0,18,0,0,0,0,0.219512195,0,0,0,,,,,,,,0,0,0,0,0,0,0,0,,,,1.596996436,1000110000,https://doi.org/10.1016/j.jallcom.2010.12.104
82,0,0,0,10,8,0,0,0,0,0,0,0,0,0,0,0,0,748,600,,,,0,0,20,0,18,0,0,0,0,0.219512195,0,0,0,,,,,,,,0,0,0,0,0,0,0,0,,,,1.719885175,1000110000,https://doi.org/10.1016/j.jallcom.2010.12.104
81,4,0,0,11,2,0,1,0,0,1,0,0,0,0,0,0,0,698,900,,696,817,0,0,22.5,4,13,0,1,1,0.049382716,0.160493827,0,0.012345679,0.012345679,1,4,4,13,13,0,0,20.47747469,7.484870061,63.546,2,33.5861886,10.40975436,50.9415,5,,2,-119,1.739488117,1100110011,https://doi.org/10.1016/j.jallcom.2014.10.202
81,4,0,0,11,2,0,1,0,0,1,0,0,0,0,0,0,0,698,600,,696,817,0,0,22.5,4,13,0,1,1,0.049382716,0.160493827,0,0.012345679,0.012345679,1,4,4,13,13,0,0,20.47747469,7.484870061,63.546,2,33.5861886,10.40975436,50.9415,5,,2,-119,1.719195612,1100110011,https://doi.org/10.1016/j.jallcom.2014.10.202
81,4,0,0,11,2,0,1,0,0,1,0,0,0,0,0,0,0,698,60,,696,817,0,0,22.5,4,13,0,1,1,0.049382716,0.160493827,0,0.012345679,0.012345679,1,4,4,13,13,0,0,20.47747469,7.484870061,63.546,2,33.5861886,10.40975436,50.9415,5,,2,-119,1.629798903,1100110011,https://doi.org/10.1016/j.jallcom.2014.10.202
81,4,0,0,11,2,0,1,0,0,1,0,0,0,0,0,0,0,698,300,,696,817,0,0,22.5,4,13,0,1,1,0.049382716,0.160493827,0,0.012345679,0.012345679,1,4,4,13,13,0,0,20.47747469,7.484870061,63.546,2,33.5861886,10.40975436,50.9415,5,,2,-119,1.689579525,1100110011,https://doi.org/10.1016/j.jallcom.2014.10.202
81,4,0,0,11,2,0,1,0,0,1,0,0,0,0,0,0,0,698,180,,696,817,0,0,22.5,4,13,0,1,1,0.049382716,0.160493827,0,0.012345679,0.012345679,1,4,4,13,13,0,0,20.47747469,7.484870061,63.546,2,33.5861886,10.40975436,50.9415,5,,2,-119,1.689579525,1100110011,https://doi.org/10.1016/j.jallcom.2014.10.202
72.5,13.5,0,0,9,0,0,1,0,0,2,0,1,1,0,0,0,0,813,1800,,,,0,0,,13.5,9,0,1,4,0.186206897,0.124137931,0,0.055172414,0.013793103,4,3.375,13.5,2.25,9,0,0,20.47747469,7.484870061,63.546,2,41.34589964,11.90690637,72.68,5.25,,,,0.82,1100100011,https://doi.org/10.1016/j.jmmm.2010.05.008
72.5,13.5,0,0,9,0,0,1,0,0,2,0,0,2,0,0,0,0,813,1800,,,,0,0,,13.5,9,0,1,4,0.186206897,0.124137931,0,0.055172414,0.013793103,4,3.375,13.5,2.25,9,0,0,20.47747469,7.484870061,63.546,2,39.82888895,11.63065148,73.45,5.5,,,,0.87,1100100011,https://doi.org/10.1016/j.jmmm.2010.05.008
72.5,13.5,0,0,9,0,0,1,0,0,2,0,0,1,0,0,1,0,813,1800,,,,0,0,,13.5,9,0,1,4,0.186206897,0.124137931,0,0.055172414,0.013793103,4,3.375,13.5,2.25,9,0,0,20.47747469,7.484870061,63.546,2,40.38313339,11.73291207,95.42,5.5,,,,0.96,1100100011,https://doi.org/10.1016/j.jmmm.2010.05.008
72.5,13.5,0,0,9,0,0,1,0,0,2,0,2,0,0,0,0,0,813,1800,,,,0,0,,13.5,9,0,1,4,0.186206897,0.124137931,0,0.055172414,0.013793103,4,3.375,13.5,2.25,9,0,0,20.47747469,7.484870061,63.546,2,42.86291032,12.18316127,71.9239,5,,,,1.04,1100100011,https://doi.org/10.1016/j.jmmm.2010.05.008
85,2,0,0,8,4,0,1,0,0,0,0,0,0,0,0,0,0,713,600,,659,1374,0,0,19.5,2,12,0,1,0,0.023529412,0.141176471,0,0,0.011764706,0,,2,,12,,0,20.47747469,7.484870061,63.546,2,0,0,0,0,,54,-661,1.84,1100110010,https://doi.org/10.1016/j.jnoncrysol.2017.12.003
84,2,0,0,8,4,0,1,0,0,0,0,0,1,0,0,0,0,713,600,,668,1383,0,0,19.5,2,12,0,1,1,0.023809524,0.142857143,0,0.011904762,0.011904762,1,2,2,12,12,0,0,20.47747469,7.484870061,63.546,2,46.0715893,12.85154859,95.95,6,,45,-670,1.76,1100110011,https://doi.org/10.1016/j.jnoncrysol.2017.12.003
83,2,0,0,8,4,0,1,0,0,0,0,0,2,0,0,0,0,713,600,,678,1393,0,0,19.5,2,12,0,1,2,0.024096386,0.144578313,0,0.024096386,0.012048193,2,1,2,6,12,0,0,20.47747469,7.484870061,63.546,2,46.0715893,12.85154859,95.95,6,,35,-680,1.7,1100110011,https://doi.org/10.1016/j.jnoncrysol.2017.12.003
73.5,0,0,0,9,0,13.5,1,0,0,0,0,3,0,0,0,0,0,573,3600,,745,969,0,0,,0,9,13.5,1,3,0,0.12244898,0.183673469,0.040816327,0.013605442,3,0,0,3,9,4.5,13.5,20.47747469,7.484870061,63.546,2,52.13963205,13.95656817,92.90637,5,,-172,-396,0.799044716,1000100111,https://doi.org/10.1016/j.physb.2004.09.050
73.5,0,0,0,9,0,13.5,1,0,0,0,0,3,0,0,0,0,0,773,3600,,745,969,0,0,,0,9,13.5,1,3,0,0.12244898,0.183673469,0.040816327,0.013605442,3,0,0,3,9,4.5,13.5,20.47747469,7.484870061,63.546,2,52.13963205,13.95656817,92.90637,5,,28,-196,0.848701113,1000100111,https://doi.org/10.1016/j.physb.2004.09.050
73.5,3.5,0,0,9,0,10,1,0,0,0,0,3,0,0,0,0,0,573,3600,,766,966,0,0,,3.5,9,10,1,3,0.047619048,0.12244898,0.136054422,0.040816327,0.013605442,3,1.166666667,3.5,3,9,3.333333333,10,20.47747469,7.484870061,63.546,2,52.13963205,13.95656817,92.90637,5,,-193,-393,0.872936342,1100100111,https://doi.org/10.1016/j.physb.2004.09.050
73.5,0,0,0,9,0,13.5,1,0,0,0,0,3,0,0,0,0,0,673,3600,,745,969,0,0,,0,9,13.5,1,3,0,0.12244898,0.183673469,0.040816327,0.013605442,3,0,0,3,9,4.5,13.5,20.47747469,7.484870061,63.546,2,52.13963205,13.95656817,92.90637,5,,-72,-296,0.882985195,1000100111,https://doi.org/10.1016/j.physb.2004.09.050
73.5,3.5,0,0,9,0,10,1,0,0,0,0,3,0,0,0,0,0,773,3600,,766,966,0,0,,3.5,9,10,1,3,0.047619048,0.12244898,0.136054422,0.040816327,0.013605442,3,1.166666667,3.5,3,9,3.333333333,10,20.47747469,7.484870061,63.546,2,52.13963205,13.95656817,92.90637,5,,7,-193,0.986139537,1100100111,https://doi.org/10.1016/j.physb.2004.09.050
73.5,3.5,0,0,9,0,10,1,0,0,0,0,3,0,0,0,0,0,673,3600,,766,966,0,0,,3.5,9,10,1,3,0.047619048,0.12244898,0.136054422,0.040816327,0.013605442,3,1.166666667,3.5,3,9,3.333333333,10,20.47747469,7.484870061,63.546,2,52.13963205,13.95656817,92.90637,5,,-93,-293,1.154908418,1100100111,https://doi.org/10.1016/j.physb.2004.09.050
65.5,13.5,0,8,9,0,0,1,0,0,0,0,0,3,0,0,0,0,833,3600,,,,0,0,20,21.5,9,0,1,3,0.328244275,0.13740458,0,0.045801527,0.015267176,3,7.166666667,21.5,3,9,0,0,20.47747469,7.484870061,63.546,2,46.0715893,12.85154859,95.95,6,,,,1.081198624,1101100011,https://doi.org/10.1016/S0022-3093(01)00546-4
67.5,13.5,0,6,9,0,0,1,0,0,0,0,0,3,0,0,0,0,833,3600,,,,0,0,20,19.5,9,0,1,3,0.288888889,0.133333333,0,0.044444444,0.014814815,3,6.5,19.5,3,9,0,0,20.47747469,7.484870061,63.546,2,46.0715893,12.85154859,95.95,6,,,,1.110847609,1101100011,https://doi.org/10.1016/S0022-3093(01)00546-4
69.5,13.5,0,4,9,0,0,1,0,0,0,0,0,3,0,0,0,0,833,3600,,,,0,0,20,17.5,9,0,1,3,0.251798561,0.129496403,0,0.043165468,0.014388489,3,5.833333333,17.5,3,9,0,0,20.47747469,7.484870061,63.546,2,46.0715893,12.85154859,95.95,6,,,,1.160379818,1101100011,https://doi.org/10.1016/S0022-3093(01)00546-4
71.5,13.5,0,2,9,0,0,1,0,0,0,0,0,3,0,0,0,0,833,3600,,,,0,0,20,15.5,9,0,1,3,0.216783217,0.125874126,0,0.041958042,0.013986014,3,5.166666667,15.5,3,9,0,0,20.47747469,7.484870061,63.546,2,46.0715893,12.85154859,95.95,6,,,,1.199853549,1101100011,https://doi.org/10.1016/S0022-3093(01)00546-4
73.5,13.5,0,0,9,0,0,1,0,0,0,0,0,3,0,0,0,0,833,3600,,,,0,0,20,13.5,9,0,1,3,0.183673469,0.12244898,0,0.040816327,0.013605442,3,4.5,13.5,3,9,0,0,20.47747469,7.484870061,63.546,2,46.0715893,12.85154859,95.95,6,,,,1.229736635,1100100011,https://doi.org/10.1016/S0022-3093(01)00546-4
73.5,13.5,0,0,9,0,0,1,0,0,0,0,3,0,0,0,0,0,813,3600,,,,0,0,20,13.5,9,0,1,3,0.183673469,0.12244898,0,0.040816327,0.013605442,3,4.5,13.5,3,9,0,0,20.47747469,7.484870061,63.546,2,52.13963205,13.95656817,92.90637,5,,,,1.490927419,1100100011,https://doi.org/10.1016/S0304-8853(00)00132-3
63.5,13.5,0,10,9,0,0,1,0,0,0,0,3,0,0,0,0,0,793,3600,,,,0,0,20,23.5,9,0,1,3,0.37007874,0.141732283,0,0.047244094,0.015748031,3,7.833333333,23.5,3,9,0,0,20.47747469,7.484870061,63.546,2,52.13963205,13.95656817,92.90637,5,,,,0.877016129,1101100011,https://doi.org/10.1016/S0304-8853(00)00132-3
69.5,13.5,0,4,9,0,0,1,0,0,0,0,3,0,0,0,0,0,793,3600,,,,0,0,20,17.5,9,0,1,3,0.251798561,0.129496403,0,0.043165468,0.014388489,3,5.833333333,17.5,3,9,0,0,20.47747469,7.484870061,63.546,2,52.13963205,13.95656817,92.90637,5,,,,1.282258065,1101100011,https://doi.org/10.1016/S0304-8853(00)00132-3
71.5,13.5,0,2,9,0,0,1,0,0,0,0,3,0,0,0,0,0,793,3600,,,,0,0,20,15.5,9,0,1,3,0.216783217,0.125874126,0,0.041958042,0.013986014,3,5.166666667,15.5,3,9,0,0,20.47747469,7.484870061,63.546,2,52.13963205,13.95656817,92.90637,5,,,,1.321572581,1101100011,https://doi.org/10.1016/S0304-8853(00)00132-3
65.5,13.5,0,8,9,0,0,1,0,0,0,0,3,0,0,0,0,0,793,3600,,,,0,0,20,21.5,9,0,1,3,0.328244275,0.13740458,0,0.045801527,0.015267176,3,7.166666667,21.5,3,9,0,0,20.47747469,7.484870061,63.546,2,52.13963205,13.95656817,92.90637,5,,,,1.094758065,1101100011,https://doi.org/10.1016/S0304-8853(00)00132-3
68.5,13.5,0,5,9,0,0,1,0,0,0,0,3,0,0,0,0,0,793,3600,,,,0,0,20,18.5,9,0,1,3,0.270072993,0.131386861,0,0.04379562,0.01459854,3,6.166666667,18.5,3,9,0,0,20.47747469,7.484870061,63.546,2,52.13963205,13.95656817,92.90637,5,,,,1.191532258,1101100011,https://doi.org/10.1016/S0304-8853(00)00132-3
67,13.5,0,6.5,9,0,0,1,0,0,0,0,3,0,0,0,0,0,793,3600,,,,0,0,20,20,9,0,1,3,0.298507463,0.134328358,0,0.044776119,0.014925373,3,6.666666667,20,3,9,0,0,20.47747469,7.484870061,63.546,2,52.13963205,13.95656817,92.90637,5,,,,1.094758065,1101100011,https://doi.org/10.1016/S0304-8853(00)00132-3
86,0,0,0,6,0,0,1,0,0,0,7,0,0,0,0,0,0,873,3600,,,,0,0,23,0,6,0,1,7,0,0.069767442,0,0.081395349,0.011627907,7,0,0,0.857142857,6,0,0,20.47747469,7.484870061,63.546,2,58.71837826,15.10715557,91.224,4,,,,1.236537744,1000100011,https://doi.org/10.1016/S0304-8853(99)00600-9
73.5,13.5,0,0,9,0,0,1,0,0,0,0,3,0,0,0,0,0,823,3600,,,,0,0,23,13.5,9,0,1,3,0.183673469,0.12244898,0,0.040816327,0.013605442,3,4.5,13.5,3,9,0,0,20.47747469,7.484870061,63.546,2,52.13963205,13.95656817,92.90637,5,,,,0.877016653,1100100011,https://doi.org/10.1016/S0304-8853(99)00600-9
79,0,0,0,9,0,0,0,0,0,0,0,0,0,0,0,12,0,451,3600,,760,829,0,0,45,0,9,0,0,12,0,0.113924051,0,0.151898734,0,,0,,0.75,,0,,0,0,0,0,48.28856707,13.26059096,183.84,6,,-309,-378,0.583293919,1000100001,https://doi.org/10.1016/S0921-5107(01)00934-5
79,0,0,0,9,0,0,0,0,0,0,0,0,0,0,0,12,0,498,3600,,760,829,0,0,45,0,9,0,0,12,0,0.113924051,0,0.151898734,0,,0,,0.75,,0,,0,0,0,0,48.28856707,13.26059096,183.84,6,,-262,-331,0.618378378,1000100001,https://doi.org/10.1016/S0921-5107(01)00934-5
85,0,0,0,9,0,0,0,0,0,0,0,0,0,0,0,6,0,453,3600,,727,797,0,0,45,0,9,0,0,6,0,0.105882353,0,0.070588235,0,,0,,1.5,,0,,0,0,0,0,48.28856707,13.26059096,183.84,6,,-274,-344,0.728158784,1000100001,https://doi.org/10.1016/S0921-5107(01)00934-5
85,0,0,0,9,0,0,0,0,0,0,0,0,0,0,0,6,0,501,3600,,727,797,0,0,45,0,9,0,0,6,0,0.105882353,0,0.070588235,0,,0,,1.5,,0,,0,0,0,0,48.28856707,13.26059096,183.84,6,,-226,-296,0.784983108,1000100001,https://doi.org/10.1016/S0921-5107(01)00934-5
79,0,0,0,9,0,0,0,0,0,0,0,0,0,0,0,12,0,582,3600,,760,829,0,0,45,0,9,0,0,12,0,0.113924051,0,0.151898734,0,,0,,0.75,,0,,0,0,0,0,48.28856707,13.26059096,183.84,6,,-178,-247,0.804763514,1000100001,https://doi.org/10.1016/S0921-5107(01)00934-5
85,0,0,0,9,0,0,0,0,0,0,0,0,0,0,0,6,0,582,3600,,727,797,0,0,45,0,9,0,0,6,0,0.105882353,0,0.070588235,0,,0,,1.5,,0,,0,0,0,0,48.28856707,13.26059096,183.84,6,,-145,-215,0.964189189,1000100001,https://doi.org/10.1016/S0921-5107(01)00934-5
79,0,0,0,9,0,0,0,0,0,0,0,0,0,0,0,12,0,655,3600,,760,829,0,0,45,0,9,0,0,12,0,0.113924051,0,0.151898734,0,,0,,0.75,,0,,0,0,0,0,48.28856707,13.26059096,183.84,6,,-105,-174,1.150810811,1000100001,https://doi.org/10.1016/S0921-5107(01)00934-5
85,0,0,0,9,0,0,0,0,0,0,0,0,0,0,0,6,0,657,3600,,727,797,0,0,45,0,9,0,0,6,0,0.105882353,0,0.070588235,0,,0,,1.5,,0,,0,0,0,0,48.28856707,13.26059096,183.84,6,,-70,-140,1.259476351,1000100001,https://doi.org/10.1016/S0921-5107(01)00934-5
79,0,0,0,9,0,0,0,0,0,0,0,0,0,0,0,12,0,751,3600,,760,829,0,0,45,0,9,0,0,12,0,0.113924051,0,0.151898734,0,,0,,0.75,,0,,0,0,0,0,48.28856707,13.26059096,183.84,6,,-9,-78,1.525304054,1000100001,https://doi.org/10.1016/S0921-5107(01)00934-5
79,0,0,0,9,0,0,0,0,0,0,0,0,0,0,0,12,0,930,3600,,760,829,0,0,45,0,9,0,0,12,0,0.113924051,0,0.151898734,0,,0,,0.75,,0,,0,0,0,0,48.28856707,13.26059096,183.84,6,,170,101,1.542719595,1000100001,https://doi.org/10.1016/S0921-5107(01)00934-5
79,0,0,0,9,0,0,0,0,0,0,0,0,0,0,0,12,0,797,3600,,760,829,0,0,45,0,9,0,0,12,0,0.113924051,0,0.151898734,0,,0,,0.75,,0,,0,0,0,0,48.28856707,13.26059096,183.84,6,,37,-32,1.545929054,1000100001,https://doi.org/10.1016/S0921-5107(01)00934-5
79,0,0,0,9,0,0,0,0,0,0,0,0,0,0,0,12,0,995,3600,,760,829,0,0,45,0,9,0,0,12,0,0.113924051,0,0.151898734,0,,0,,0.75,,0,,0,0,0,0,48.28856707,13.26059096,183.84,6,,235,166,1.548412162,1000100001,https://doi.org/10.1016/S0921-5107(01)00934-5
79,0,0,0,9,0,0,0,0,0,0,0,0,0,0,0,12,0,863,3600,,760,829,0,0,45,0,9,0,0,12,0,0.113924051,0,0.151898734,0,,0,,0.75,,0,,0,0,0,0,48.28856707,13.26059096,183.84,6,,103,34,1.551587838,1000100001,https://doi.org/10.1016/S0921-5107(01)00934-5
79,0,0,0,9,0,0,0,0,0,0,0,0,0,0,0,12,0,827,3600,,760,829,0,0,45,0,9,0,0,12,0,0.113924051,0,0.151898734,0,,0,,0.75,,0,,0,0,0,0,48.28856707,13.26059096,183.84,6,,67,-2,1.552466216,1000100001,https://doi.org/10.1016/S0921-5107(01)00934-5
85,0,0,0,9,0,0,0,0,0,0,0,0,0,0,0,6,0,751,3600,,727,797,0,0,45,0,9,0,0,6,0,0.105882353,0,0.070588235,0,,0,,1.5,,0,,0,0,0,0,48.28856707,13.26059096,183.84,6,,24,-46,1.662989865,1000100001,https://doi.org/10.1016/S0921-5107(01)00934-5
85,0,0,0,9,0,0,0,0,0,0,0,0,0,0,0,6,0,796,3600,,727,797,0,0,45,0,9,0,0,6,0,0.105882353,0,0.070588235,0,,0,,1.5,,0,,0,0,0,0,48.28856707,13.26059096,183.84,6,,69,-1,1.727128378,1000100001,https://doi.org/10.1016/S0921-5107(01)00934-5
85,0,0,0,9,0,0,0,0,0,0,0,0,0,0,0,6,0,827,3600,,727,797,0,0,45,0,9,0,0,6,0,0.105882353,0,0.070588235,0,,0,,1.5,,0,,0,0,0,0,48.28856707,13.26059096,183.84,6,,100,30,1.748125,1000100001,https://doi.org/10.1016/S0921-5107(01)00934-5
85,0,0,0,9,0,0,0,0,0,0,0,0,0,0,0,6,0,869,3600,,727,797,0,0,45,0,9,0,0,6,0,0.105882353,0,0.070588235,0,,0,,1.5,,0,,0,0,0,0,48.28856707,13.26059096,183.84,6,,142,72,1.754358108,1000100001,https://doi.org/10.1016/S0921-5107(01)00934-5
85,0,0,0,9,0,0,0,0,0,0,0,0,0,0,0,6,0,992,3600,,727,797,0,0,45,0,9,0,0,6,0,0.105882353,0,0.070588235,0,,0,,1.5,,0,,0,0,0,0,48.28856707,13.26059096,183.84,6,,265,195,1.765878378,1000100001,https://doi.org/10.1016/S0921-5107(01)00934-5
85,0,0,0,9,0,0,0,0,0,0,0,0,0,0,0,6,0,929,3600,,727,797,0,0,45,0,9,0,0,6,0,0.105882353,0,0.070588235,0,,0,,1.5,,0,,0,0,0,0,48.28856707,13.26059096,183.84,6,,202,132,1.781891892,1000100001,https://doi.org/10.1016/S0921-5107(01)00934-5
85,0,0,0,8,0,0,0,0,0,0,1.2,5.8,0,0,0,0,0,923,300,,,,0,0,25,0,8,0,0,7,0,0.094117647,0,0.082352941,0,,0,,1.142857143,,0,,0,0,0,0,53.26741711,14.15381173,92.61796371,4.828571429,,,,1.66,1000100001,https://doi.org/10.1016/S1359-6454(01)00274-9
86,0,0,0,6,0,0,1,0,0,0,3.5,3.5,0,0,0,0,0,873,300,,,,0,0,25,0,6,0,1,7,0,0.069767442,0,0.081395349,0.011627907,7,0,0,0.857142857,6,0,0,20.47747469,7.484870061,63.546,2,55.42900515,14.53186187,92.065185,4.5,,,,1.54,1000100011,https://doi.org/10.1016/S1359-6454(01)00274-9
73.5,13.5,0,0,9,0,0,1,0,0,0,0,3,0,0,0,0,0,773,3600,,,,0,0,30,13.5,9,0,1,3,0.183673469,0.12244898,0,0.040816327,0.013605442,3,4.5,13.5,3,9,0,0,20.47747469,7.484870061,63.546,2,52.13963205,13.95656817,92.90637,5,,,,0.846086957,1100100011,https://doi.org/10.1109/20.825825
73.5,16.5,0,0,6,0,0,1,0,0,0,0,3,0,0,0,0,0,803,3600,,,,0,0,30,16.5,6,0,1,3,0.224489796,0.081632653,0,0.040816327,0.013605442,3,5.5,16.5,2,6,0,0,20.47747469,7.484870061,63.546,2,52.13963205,13.95656817,92.90637,5,,,,1.188990826,1100100011,https://doi.org/10.1109/20.825825
73.5,13.5,0,0,9,0,0,1,0,0,0,0,3,0,0,0,0,0,793,3600,,,,0,0,30,13.5,9,0,1,3,0.183673469,0.12244898,0,0.040816327,0.013605442,3,4.5,13.5,3,9,0,0,20.47747469,7.484870061,63.546,2,52.13963205,13.95656817,92.90637,5,,,,1.267313218,1100100011,https://doi.org/10.1109/20.825825
72,4.8,0,0,19.2,0,0,0,0,0,0,0,4,0,0,0,0,0,873,3600,,,,0,0,,4.8,19.2,0,0,4,0.066666667,0.266666667,0,0.055555556,0,,1.2,,4.8,,0,,0,0,0,0,52.13963205,13.95656817,92.90637,5,,,,0.19,1100100001,https://link.springer.com/article/10.1007%2Fs00339-014-8729-0
72,4.8,0,0,19.2,0,0,0,0,0,0,0,4,0,0,0,0,0,473,3600,,,,0,0,,4.8,19.2,0,0,4,0.066666667,0.266666667,0,0.055555556,0,,1.2,,4.8,,0,,0,0,0,0,52.13963205,13.95656817,92.90637,5,,,,0.32,1100100001,https://link.springer.com/article/10.1007%2Fs00339-014-8729-0
72,4.8,0,0,19.2,0,0,0,0,0,0,0,4,0,0,0,0,0,673,3600,,,,0,0,,4.8,19.2,0,0,4,0.066666667,0.266666667,0,0.055555556,0,,1.2,,4.8,,0,,0,0,0,0,52.13963205,13.95656817,92.90637,5,,,,0.34,1100100001,https://link.springer.com/article/10.1007%2Fs00339-014-8729-0
83.25,0,7,0,0,9,0,0.75,0,0,0,0,0,0,0,0,0,0,743,600,,683,740,0,0,20,7,9,0,0.75,0,0.084084084,0.108108108,0,0,0.009009009,0,,9.333333333,,12,,0,20.47747469,7.484870061,63.546,2,0,0,0,0,,60,3,1.639961441,1010010010,https://link.springer.com/article/10.1007%2Fs10854-015-2950-2
82.25,0,7,0,0,9,0,0.75,0,0,0,0,1,0,0,0,0,0,744,600,,631,751,0,0,20,7,9,0,0.75,1,0.085106383,0.109422492,0,0.012158055,0.009118541,1.333333333,7,9.333333333,9,12,0,0,20.47747469,7.484870061,63.546,2,52.13963205,13.95656817,92.90637,5,,113,-7,1.619676959,1010010011,https://link.springer.com/article/10.1007%2Fs10854-015-2950-2
80.25,0,7,0,0,9,0,0.75,0,0,0,0,3,0,0,0,0,0,744,600,,616,760,0,0,20,7,9,0,0.75,3,0.087227414,0.112149533,0,0.037383178,0.009345794,4,2.333333333,9.333333333,3,12,0,0,20.47747469,7.484870061,63.546,2,52.13963205,13.95656817,92.90637,5,,128,-16,1.539771786,1010010011,https://link.springer.com/article/10.1007%2Fs10854-015-2950-2
81.25,0,7,0,0,9,0,0.75,0,0,0,0,2,0,0,0,0,0,744,600,,597,760,0,0,20,7,9,0,0.75,2,0.086153846,0.110769231,0,0.024615385,0.009230769,2.666666667,3.5,9.333333333,4.5,12,0,0,20.47747469,7.484870061,63.546,2,52.13963205,13.95656817,92.90637,5,,147,-16,1.609478683,1010010011,https://link.springer.com/article/10.1007%2Fs10854-015-2950-2
82.75,0,7,0,0,9,0,0.75,0,0,0,0,0.5,0,0,0,0,0,743,600,,640,749,0,0,20,7,9,0,0.75,0.5,0.084592145,0.108761329,0,0.006042296,0.009063444,0.666666667,14,9.333333333,18,12,0,0,20.47747469,7.484870061,63.546,2,52.13963205,13.95656817,92.90637,5,,103,-6,1.659741379,1010010011,https://link.springer.com/article/10.1007%2Fs10854-015-2950-2
75,13,0,0,8,0,0,1,0,0,0,0,3,0,0,0,0,0,833,3600,,768,962,0,0,,13,8,0,1,3,0.173333333,0.106666667,0,0.04,0.013333333,3,4.333333333,13,2.666666667,8,0,0,20.47747469,7.484870061,63.546,2,52.13963205,13.95656817,92.90637,5,,65,-129,1.246803069,1100100011,https://link.springer.com/article/10.1007%2Fs11664-016-4643-x
76,13,0,0,8,0,0,1,0,0,0,0,2,0,0,0,0,0,833,3600,,751,911,0,0,,13,8,0,1,2,0.171052632,0.105263158,0,0.026315789,0.013157895,2,6.5,13,4,8,0,0,20.47747469,7.484870061,63.546,2,52.13963205,13.95656817,92.90637,5,,82,-78,1.400255754,1100100011,https://link.springer.com/article/10.1007%2Fs11664-016-4643-x
77,13,0,0,8,0,0,1,0,0,0,0,1,0,0,0,0,0,833,3600,,768,962,0,0,,13,8,0,1,1,0.168831169,0.103896104,0,0.012987013,0.012987013,1,13,13,8,8,0,0,20.47747469,7.484870061,63.546,2,52.13963205,13.95656817,92.90637,5,,65,-129,1.511508951,1100100011,https://link.springer.com/article/10.1007%2Fs11664-016-4643-x
78,13,0,0,8,0,0,1,0,0,0,0,0,0,0,0,0,0,833,3600,,704,802,0,0,,13,8,0,1,0,0.166666667,0.102564103,0,0,0.012820513,0,,13,,8,,0,20.47747469,7.484870061,63.546,2,0,0,0,0,,129,31,1.55370844,1100100010,https://link.springer.com/article/10.1007%2Fs11664-016-4643-x
91,0,0,0,2,0,0,0,0,0,0,7,0,0,0,0,0,0,673,3600,,,,0,0,,0,2,0,0,7,0,0.021978022,0,0.076923077,0,,0,,0.285714286,,0,,0,0,0,0,58.71837826,15.10715557,91.224,4,,,,0.229083665,1000100001,https://www.jstage.jst.go.jp/article/matertrans1989/31/8/31_8_743/_article/-char/ja/
91,0,0,0,2,0,0,0,0,0,0,7,0,0,0,0,0,0,723,3600,,,,0,0,,0,2,0,0,7,0,0.021978022,0,0.076923077,0,,0,,0.285714286,,0,,0,0,0,0,58.71837826,15.10715557,91.224,4,,,,1.249003984,1000100001,https://www.jstage.jst.go.jp/article/matertrans1989/31/8/31_8_743/_article/-char/ja/
89,0,0,0,4,0,0,0,0,0,0,7,0,0,0,0,0,0,923,3600,,,,0,0,19,0,4,0,0,7,0,0.04494382,0,0.078651685,0,,0,,0.571428571,,0,,0,0,0,0,58.71837826,15.10715557,91.224,4,,,,1.65,1000100001,https://www.jstage.jst.go.jp/article/matertrans1989/31/8/31_8_743/_article/-char/ja/
91,0,0,0,2,0,0,0,0,0,0,7,0,0,0,0,0,0,773,3600,,,,0,0,,0,2,0,0,7,0,0.021978022,0,0.076923077,0,,0,,0.285714286,,0,,0,0,0,0,58.71837826,15.10715557,91.224,4,,,,1.547808765,1000100001,https://www.jstage.jst.go.jp/article/matertrans1989/31/8/31_8_743/_article/-char/ja/
91,0,0,0,2,0,0,0,0,0,0,7,0,0,0,0,0,0,823,3600,,,,0,0,,0,2,0,0,7,0,0.021978022,0,0.076923077,0,,0,,0.285714286,,0,,0,0,0,0,58.71837826,15.10715557,91.224,4,,,,1.62749004,1000100001,https://www.jstage.jst.go.jp/article/matertrans1989/31/8/31_8_743/_article/-char/ja/
91,0,0,0,2,0,0,0,0,0,0,7,0,0,0,0,0,0,873,3600,,,,0,0,18,0,2,0,0,7,0,0.021978022,0,0.076923077,0,,0,,0.285714286,,0,,0,0,0,0,58.71837826,15.10715557,91.224,4,,,,1.7,1000100001,https://www.jstage.jst.go.jp/article/matertrans1989/31/8/31_8_743/_article/-char/ja/
91,0,0,0,2,0,0,0,0,0,0,7,0,0,0,0,0,0,923,3600,,,,0,0,,0,2,0,0,7,0,0.021978022,0,0.076923077,0,,0,,0.285714286,,0,,0,0,0,0,58.71837826,15.10715557,91.224,4,,,,1.695219124,1000100001,https://www.jstage.jst.go.jp/article/matertrans1989/31/8/31_8_743/_article/-char/ja/
91,0,0,0,2,0,0,0,0,0,0,7,0,0,0,0,0,0,973,3600,,,,0,0,,0,2,0,0,7,0,0.021978022,0,0.076923077,0,,0,,0.285714286,,0,,0,0,0,0,58.71837826,15.10715557,91.224,4,,,,1.69123506,1000100001,https://www.jstage.jst.go.jp/article/matertrans1989/31/8/31_8_743/_article/-char/ja/
89,0,0,0,6,0,0,0,0,0,0,5,0,0,0,0,0,0,923,3600,,,,0,0,16,0,6,0,0,5,0,0.06741573,0,0.056179775,0,,0,,1.2,,0,,0,0,0,0,58.71837826,15.10715557,91.224,4,,,,1.7,1000100001,https://www.jstage.jst.go.jp/article/matertrans1989/31/8/31_8_743/_article/-char/ja/
91,0,0,0,2,0,0,0,0,0,0,7,0,0,0,0,0,0,573,3600,,,,0,0,,0,2,0,0,7,0,0.021978022,0,0.076923077,0,,0,,0.285714286,,0,,0,0,0,0,58.71837826,15.10715557,91.224,4,,,,0.189243028,1000100001,https://www.jstage.jst.go.jp/article/matertrans1989/31/8/31_8_743/_article/-char/ja/
86,0,0,0,6,0,0,1,0,0,0,7,0,0,0,0,0,0,770,3600,,775,993,0,0,21,0,6,0,1,7,0,0.069767442,0,0.081395349,0.011627907,7,0,0,0.857142857,6,0,0,20.47747469,7.484870061,63.546,2,58.71837826,15.10715557,91.224,4,,-5,-223,1.452333136,1000100011,https://www.jstage.jst.go.jp/article/matertrans1989/32/6/32_6_551/_article/-char/ja/
86,0,0,0,6,0,0,1,0,0,0,7,0,0,0,0,0,0,674,3600,,775,993,0,0,21,0,6,0,1,7,0,0.069767442,0,0.081395349,0.011627907,7,0,0,0.857142857,6,0,0,20.47747469,7.484870061,63.546,2,58.71837826,15.10715557,91.224,4,,-101,-319,0.614969201,1000100011,https://www.jstage.jst.go.jp/article/matertrans1989/32/6/32_6_551/_article/-char/ja/
86,0,0,0,6,0,0,1,0,0,0,7,0,0,0,0,0,0,825,3600,,775,993,0,0,21,0,6,0,1,7,0,0.069767442,0,0.081395349,0.011627907,7,0,0,0.857142857,6,0,0,20.47747469,7.484870061,63.546,2,58.71837826,15.10715557,91.224,4,,50,-168,1.498202683,1000100011,https://www.jstage.jst.go.jp/article/matertrans1989/32/6/32_6_551/_article/-char/ja/
86,0,0,0,6,0,0,1,0,0,0,7,0,0,0,0,0,0,724,3600,,775,993,0,0,21,0,6,0,1,7,0,0.069767442,0,0.081395349,0.011627907,7,0,0,0.857142857,6,0,0,20.47747469,7.484870061,63.546,2,58.71837826,15.10715557,91.224,4,,-51,-269,0.670407561,1000100011,https://www.jstage.jst.go.jp/article/matertrans1989/32/6/32_6_551/_article/-char/ja/
86,0,0,0,6,0,0,1,0,0,0,7,0,0,0,0,0,0,573,3600,,775,993,0,0,21,0,6,0,1,7,0,0.069767442,0,0.081395349,0.011627907,7,0,0,0.857142857,6,0,0,20.47747469,7.484870061,63.546,2,58.71837826,15.10715557,91.224,4,,-202,-420,0.593764239,1000100011,https://www.jstage.jst.go.jp/article/matertrans1989/32/6/32_6_551/_article/-char/ja/
86,0,0,0,6,0,0,1,0,0,0,7,0,0,0,0,0,0,977,3600,,775,993,0,0,21,0,6,0,1,7,0,0.069767442,0,0.081395349,0.011627907,7,0,0,0.857142857,6,0,0,20.47747469,7.484870061,63.546,2,58.71837826,15.10715557,91.224,4,,202,-16,1.607830563,1000100011,https://www.jstage.jst.go.jp/article/matertrans1989/32/6/32_6_551/_article/-char/ja/
86,0,0,0,6,0,0,1,0,0,0,7,0,0,0,0,0,0,875,3600,,775,993,0,0,21,0,6,0,1,7,0,0.069767442,0,0.081395349,0.011627907,7,0,0,0.857142857,6,0,0,20.47747469,7.484870061,63.546,2,58.71837826,15.10715557,91.224,4,,100,-118,1.501755126,1000100011,https://www.jstage.jst.go.jp/article/matertrans1989/32/6/32_6_551/_article/-char/ja/
86,0,0,0,6,0,0,1,0,0,0,7,0,0,0,0,0,0,925,3600,,775,993,0,0,21,0,6,0,1,7,0,0.069767442,0,0.081395349,0.011627907,7,0,0,0.857142857,6,0,0,20.47747469,7.484870061,63.546,2,58.71837826,15.10715557,91.224,4,,150,-68,1.514724496,1000100011,https://www.jstage.jst.go.jp/article/matertrans1989/32/6/32_6_551/_article/-char/ja/
75,15,0,0,3,0,0,0,0,0,0,7,0,0,0,0,0,0,873,3600,,,,0,0,20,15,3,0,0,7,0.2,0.04,0,0.093333333,0,,2.142857143,,0.428571429,,0,,0,0,0,0,58.71837826,15.10715557,91.224,4,,,,1.010012788,1100100001,https://www.jstage.jst.go.jp/article/matertrans1989/36/5/36_5_689/_article/-char/ja/
87,4,0,0,2,0,0,0,0,0,0,7,0,0,0,0,0,0,976,3600,789,819,1044,0,0,20,4,2,0,0,7,0.045977011,0.022988506,0,0.08045977,0,,0.571428571,,0.285714286,,0,,0,0,0,0,58.71837826,15.10715557,91.224,4,187,157,-68,1.563624327,1100100001,https://www.jstage.jst.go.jp/article/matertrans1989/36/5/36_5_689/_article/-char/ja/
86,4,0,0,3,0,0,0,0,0,0,7,0,0,0,0,0,0,976,3600,789,822,1043,0,0,20,4,3,0,0,7,0.046511628,0.034883721,0,0.081395349,0,,0.571428571,,0.428571429,,0,,0,0,0,0,58.71837826,15.10715557,91.224,4,187,154,-67,1.5902429,1100100001,https://www.jstage.jst.go.jp/article/matertrans1989/36/5/36_5_689/_article/-char/ja/
80,10,0,0,3,0,0,0,0,0,0,7,0,0,0,0,0,0,873,3600,,,,0,0,20,10,3,0,0,7,0.125,0.0375,0,0.0875,0,,1.428571429,,0.428571429,,0,,0,0,0,0,58.71837826,15.10715557,91.224,4,,,,1.305,1100100001,https://www.jstage.jst.go.jp/article/matertrans1989/36/5/36_5_689/_article/-char/ja/
86,4,0,0,3,0,0,0,0,0,0,7,0,0,0,0,0,0,716,3600,789,822,1043,0,0,20,4,3,0,0,7,0.046511628,0.034883721,0,0.081395349,0,,0.571428571,,0.428571429,,0,,0,0,0,0,58.71837826,15.10715557,91.224,4,-73,-106,-327,0.594055337,1100100001,https://www.jstage.jst.go.jp/article/matertrans1989/36/5/36_5_689/_article/-char/ja/
87,4,0,0,2,0,0,0,0,0,0,7,0,0,0,0,0,0,717,3600,789,819,1044,0,0,20,4,2,0,0,7,0.045977011,0.022988506,0,0.08045977,0,,0.571428571,,0.285714286,,0,,0,0,0,0,58.71837826,15.10715557,91.224,4,-72,-102,-327,0.594055337,1100100001,https://www.jstage.jst.go.jp/article/matertrans1989/36/5/36_5_689/_article/-char/ja/
86,4,0,0,3,0,0,0,0,0,0,7,0,0,0,0,0,0,774,3600,789,822,1043,0,0,20,4,3,0,0,7,0.046511628,0.034883721,0,0.081395349,0,,0.571428571,,0.428571429,,0,,0,0,0,0,58.71837826,15.10715557,91.224,4,-15,-48,-269,1.547712538,1100100001,https://www.jstage.jst.go.jp/article/matertrans1989/36/5/36_5_689/_article/-char/ja/
82.5,7.5,0,0,3,0,0,0,0,0,0,7,0,0,0,0,0,0,873,3600,,,,0,0,20,7.5,3,0,0,7,0.090909091,0.036363636,0,0.084848485,0,,1.071428571,,0.428571429,,0,,0,0,0,0,58.71837826,15.10715557,91.224,4,,,,1.372493606,1100100001,https://www.jstage.jst.go.jp/article/matertrans1989/36/5/36_5_689/_article/-char/ja/
87,4,0,0,2,0,0,0,0,0,0,7,0,0,0,0,0,0,774,3600,789,819,1044,0,0,20,4,2,0,0,7,0.045977011,0.022988506,0,0.08045977,0,,0.571428571,,0.285714286,,0,,0,0,0,0,58.71837826,15.10715557,91.224,4,-15,-45,-270,1.478517944,1100100001,https://www.jstage.jst.go.jp/article/matertrans1989/36/5/36_5_689/_article/-char/ja/
86,4,0,0,3,0,0,0,0,0,0,7,0,0,0,0,0,0,925,3600,789,822,1043,0,0,20,4,3,0,0,7,0.046511628,0.034883721,0,0.081395349,0,,0.571428571,,0.428571429,,0,,0,0,0,0,58.71837826,15.10715557,91.224,4,136,103,-118,1.573121176,1100100001,https://www.jstage.jst.go.jp/article/matertrans1989/36/5/36_5_689/_article/-char/ja/
86,4,0,0,3,0,0,0,0,0,0,7,0,0,0,0,0,0,826,3600,789,822,1043,0,0,20,4,3,0,0,7,0.046511628,0.034883721,0,0.081395349,0,,0.571428571,,0.428571429,,0,,0,0,0,0,58.71837826,15.10715557,91.224,4,37,4,-217,1.543831614,1100100001,https://www.jstage.jst.go.jp/article/matertrans1989/36/5/36_5_689/_article/-char/ja/
86,4,0,0,3,0,0,0,0,0,0,7,0,0,0,0,0,0,872,3600,789,822,1043,0,0,20,4,3,0,0,7,0.046511628,0.034883721,0,0.081395349,0,,0.571428571,,0.428571429,,0,,0,0,0,0,58.71837826,15.10715557,91.224,4,83,50,-171,1.566386631,1100100001,https://www.jstage.jst.go.jp/article/matertrans1989/36/5/36_5_689/_article/-char/ja/
86,4,0,0,3,0,0,0,0,0,0,7,0,0,0,0,0,0,873,3600,789,822,1043,0,0,20,4,3,0,0,7,0.046511628,0.034883721,0,0.081395349,0,,0.571428571,,0.428571429,,0,,0,0,0,0,58.71837826,15.10715557,91.224,4,84,51,-170,1.58398977,1100100001,https://www.jstage.jst.go.jp/article/matertrans1989/36/5/36_5_689/_article/-char/ja/
87,4,0,0,2,0,0,0,0,0,0,7,0,0,0,0,0,0,826,3600,789,819,1044,0,0,20,4,2,0,0,7,0.045977011,0.022988506,0,0.08045977,0,,0.571428571,,0.285714286,,0,,0,0,0,0,58.71837826,15.10715557,91.224,4,37,7,-218,1.480024655,1100100001,https://www.jstage.jst.go.jp/article/matertrans1989/36/5/36_5_689/_article/-char/ja/
90,0,0,0,3,0,0,0,0,0,0,7,0,0,0,0,0,0,873,3600,,,,0,0,20,0,3,0,0,7,0,0.033333333,0,0.077777778,0,,0,,0.428571429,,0,,0,0,0,0,58.71837826,15.10715557,91.224,4,,,,1.695025575,1000100001,https://www.jstage.jst.go.jp/article/matertrans1989/36/5/36_5_689/_article/-char/ja/
87.5,2.5,0,0,3,0,0,0,0,0,0,7,0,0,0,0,0,0,873,3600,,,,0,0,20,2.5,3,0,0,7,0.028571429,0.034285714,0,0.08,0,,0.357142857,,0.428571429,,0,,0,0,0,0,58.71837826,15.10715557,91.224,4,,,,1.642531969,1100100001,https://www.jstage.jst.go.jp/article/matertrans1989/36/5/36_5_689/_article/-char/ja/
87,4,0,0,2,0,0,0,0,0,0,7,0,0,0,0,0,0,871,3600,789,819,1044,0,0,20,4,2,0,0,7,0.045977011,0.022988506,0,0.08045977,0,,0.571428571,,0.285714286,,0,,0,0,0,0,58.71837826,15.10715557,91.224,4,82,52,-173,1.5770021,1100100001,https://www.jstage.jst.go.jp/article/matertrans1989/36/5/36_5_689/_article/-char/ja/
87,4,0,0,2,0,0,0,0,0,0,7,0,0,0,0,0,0,925,3600,789,819,1044,0,0,20,4,2,0,0,7,0.045977011,0.022988506,0,0.08045977,0,,0.571428571,,0.285714286,,0,,0,0,0,0,58.71837826,15.10715557,91.224,4,136,106,-119,1.573121176,1100100001,https://www.jstage.jst.go.jp/article/matertrans1989/36/5/36_5_689/_article/-char/ja/
81,8,0,0,10,0,0,1,0,0,0,0,0,0,0,0,0,0,743,300,,690,801,0,0,20.5,8,10,0,1,0,0.098765432,0.12345679,0,0,0.012345679,0,,8,,10,,0,20.47747469,7.484870061,63.546,2,0,0,0,0,,53,-58,1.754347826,1100100010,https://www.nature.com/articles/s41598-018-19665-8
81,6,0,0,10,2,0,1,0,0,0,0,0,0,0,0,0,0,743,300,,693,809,0,0,20.5,6,12,0,1,0,0.074074074,0.148148148,0,0,0.012345679,0,,6,,12,,0,20.47747469,7.484870061,63.546,2,0,0,0,0,,50,-66,1.745652174,1100110010,https://www.nature.com/articles/s41598-018-19665-8
81,4,0,0,10,4,0,1,0,0,0,0,0,0,0,0,0,0,743,300,,691,808,0,0,20.5,4,14,0,1,0,0.049382716,0.172839506,0,0,0.012345679,0,,4,,14,,0,20.47747469,7.484870061,63.546,2,0,0,0,0,,52,-65,1.718695652,1100110010,https://www.nature.com/articles/s41598-018-19665-8
81,2,0,0,10,6,0,1,0,0,0,0,0,0,0,0,0,0,743,300,,685,801,0,0,20.5,2,16,0,1,0,0.024691358,0.197530864,0,0,0.012345679,0,,2,,16,,0,20.47747469,7.484870061,63.546,2,0,0,0,0,,58,-58,1.685434783,1100110010,https://www.nature.com/articles/s41598-018-19665-8
81,0,0,0,10,8,0,1,0,0,0,0,0,0,0,0,0,0,743,300,,713,781,0,0,20.5,0,18,0,1,0,0,0.222222222,0,0,0.012345679,0,,0,,18,,0,20.47747469,7.484870061,63.546,2,0,0,0,0,,30,-38,1.672173913,1000110010,https://www.nature.com/articles/s41598-018-19665-8
84,0,0,0,9,0,0,0,0,0,0,0,7,0,0,0,0,0,773,3600,,,,0,0,22,0,9,0,0,7,0,0.107142857,0,0.083333333,0,,0,,1.285714286,,0,,0,0,0,0,52.13963205,13.95656817,92.90637,5,,,,1.006599942,1000100001,https://www.sciencedirect.com/science/article/pii/0304885394905592
84,0,0,0,9,0,0,0,0,0,0,0,7,0,0,0,0,0,823,3600,,,,0,0,22,0,9,0,0,7,0,0.107142857,0,0.083333333,0,,0,,1.285714286,,0,,0,0,0,0,52.13963205,13.95656817,92.90637,5,,,,1.210016992,1000100001,https://www.sciencedirect.com/science/article/pii/0304885394905592
89,0,0,0,4,0,0,0,0,0,0,0,0,0,7,0,0,0,773,3600,,,,0,0,17,0,4,0,0,7,0,0.04494382,0,0.078651685,0,,0,,0.571428571,,0,,0,0,0,0,60.44528033,15.40192239,178.49,4,,,,0.989649385,1000100001,https://www.sciencedirect.com/science/article/pii/0304885394905592
90,0,0,0,3,0,0,0,0,0,0,7,0,0,0,0,0,0,773,3600,,,,0,0,18,0,3,0,0,7,0,0.033333333,0,0.077777778,0,,0,,0.428571429,,0,,0,0,0,0,58.71837826,15.10715557,91.224,4,,,,1.315947615,1000100001,https://www.sciencedirect.com/science/article/pii/0304885394905592
84,0,0,0,9,0,0,0,0,0,0,0,7,0,0,0,0,0,873,3600,,,,0,0,22,0,9,0,0,7,0,0.107142857,0,0.083333333,0,,0,,1.285714286,,0,,0,0,0,0,52.13963205,13.95656817,92.90637,5,,,,1.345590368,1000100001,https://www.sciencedirect.com/science/article/pii/0304885394905592
90,0,0,0,3,0,0,0,0,0,0,7,0,0,0,0,0,0,823,3600,,,,0,0,18,0,3,0,0,7,0,0.033333333,0,0.077777778,0,,0,,0.428571429,,0,,0,0,0,0,58.71837826,15.10715557,91.224,4,,,,1.493897385,1000100001,https://www.sciencedirect.com/science/article/pii/0304885394905592
89,0,0,0,4,0,0,0,0,0,0,0,0,0,7,0,0,0,823,3600,,,,0,0,17,0,4,0,0,7,0,0.04494382,0,0.078651685,0,,0,,0.571428571,,0,,0,0,0,0,60.44528033,15.40192239,178.49,4,,,,1.438808073,1000100001,https://www.sciencedirect.com/science/article/pii/0304885394905592
90,0,0,0,3,0,0,0,0,0,0,7,0,0,0,0,0,0,873,3600,,,,0,0,18,0,3,0,0,7,0,0.033333333,0,0.077777778,0,,0,,0.428571429,,0,,0,0,0,0,58.71837826,15.10715557,91.224,4,,,,1.540563223,1000100001,https://www.sciencedirect.com/science/article/pii/0304885394905592
89,0,0,0,4,0,0,0,0,0,0,0,0,0,7,0,0,0,872,3600,,,,0,0,17,0,4,0,0,7,0,0.04494382,0,0.078651685,0,,0,,0.571428571,,0,,0,0,0,0,60.44528033,15.40192239,178.49,4,,,,1.532087944,1000100001,https://www.sciencedirect.com/science/article/pii/0304885394905592
84,0,0,0,9,0,0,0,0,0,0,0,7,0,0,0,0,0,923,3600,,,,0,0,22,0,9,0,0,7,0,0.107142857,0,0.083333333,0,,0,,1.285714286,,0,,0,0,0,0,52.13963205,13.95656817,92.90637,5,,,,1.481246633,1000100001,https://www.sciencedirect.com/science/article/pii/0304885394905592
90,0,0,0,3,0,0,0,0,0,0,7,0,0,0,0,0,0,923,3600,,,,0,0,18,0,3,0,0,7,0,0.033333333,0,0.077777778,0,,0,,0.428571429,,0,,0,0,0,0,58.71837826,15.10715557,91.224,4,,,,1.608417257,1000100001,https://www.sciencedirect.com/science/article/pii/0304885394905592
89,0,0,0,4,0,0,0,0,0,0,0,0,0,7,0,0,0,936,3600,,,,0,0,17,0,4,0,0,7,0,0.04494382,0,0.078651685,0,,0,,0.571428571,,0,,0,0,0,0,60.44528033,15.40192239,178.49,4,,,,1.56434493,1000100001,https://www.sciencedirect.com/science/article/pii/0304885394905592
89,0,0,0,4,0,0,0,0,0,0,0,0,0,7,0,0,0,921,3600,,,,0,0,17,0,4,0,0,7,0,0.04494382,0,0.078651685,0,,0,,0.571428571,,0,,0,0,0,0,60.44528033,15.40192239,178.49,4,,,,1.55806653,1000100001,https://www.sciencedirect.com/science/article/pii/0304885394905592
84,0,0,0,9,0,0,0,0,0,0,0,7,0,0,0,0,0,721,3600,,,,0,0,22,0,9,0,0,7,0,0.107142857,0,0.083333333,0,,0,,1.285714286,,0,,0,0,0,0,52.13963205,13.95656817,92.90637,5,,,,0.422265774,1000100001,https://www.sciencedirect.com/science/article/pii/0304885394905592
84,0,0,0,9,0,0,0,0,0,0,0,7,0,0,0,0,0,973,3600,,,,0,0,22,0,9,0,0,7,0,0.107142857,0,0.083333333,0,,0,,1.285714286,,0,,0,0,0,0,52.13963205,13.95656817,92.90637,5,,,,1.363228,1000100001,https://www.sciencedirect.com/science/article/pii/0304885394905592
89,0,0,0,4,0,0,0,0,0,0,0,0,0,7,0,0,0,972,3600,,,,0,0,17,0,4,0,0,7,0,0.04494382,0,0.078651685,0,,0,,0.571428571,,0,,0,0,0,0,60.44528033,15.40192239,178.49,4,,,,1.483350099,1000100001,https://www.sciencedirect.com/science/article/pii/0304885394905592
90,0,0,0,3,0,0,0,0,0,0,7,0,0,0,0,0,0,973,3600,,,,0,0,18,0,3,0,0,7,0,0.033333333,0,0.077777778,0,,0,,0.428571429,,0,,0,0,0,0,58.71837826,15.10715557,91.224,4,,,,1.560724898,1000100001,https://www.sciencedirect.com/science/article/pii/0304885394905592
72.5,17.5,0,1,5,0,0,1,0,0,0,0,3,0,0,0,0,0,823,1800,,760,994,0,0,,18.5,5,0,1,3,0.255172414,0.068965517,0,0.04137931,0.013793103,3,6.166666667,18.5,1.666666667,5,0,0,20.47747469,7.484870061,63.546,2,52.13963205,13.95656817,92.90637,5,,63,-171,1.13,1101100011,https://www.sciencedirect.com/science/article/pii/S0022309314006759
73.5,17.5,0,0,5,0,0,1,0,0,0,0,3,0,0,0,0,0,823,1800,,775,983,0,0,,17.5,5,0,1,3,0.238095238,0.068027211,0,0.040816327,0.013605442,3,5.833333333,17.5,1.666666667,5,0,0,20.47747469,7.484870061,63.546,2,52.13963205,13.95656817,92.90637,5,,48,-160,1.23,1100100011,https://www.sciencedirect.com/science/article/pii/S0022309314006759
73.3,17.5,0,0.2,5,0,0,1,0,0,0,0,3,0,0,0,0,0,823,1800,,776,988,0,0,,17.7,5,0,1,3,0.241473397,0.068212824,0,0.040927694,0.013642565,3,5.9,17.7,1.666666667,5,0,0,20.47747469,7.484870061,63.546,2,52.13963205,13.95656817,92.90637,5,,47,-165,1.22,1101100011,https://www.sciencedirect.com/science/article/pii/S0022309314006759
73.1,17.5,0,0.4,5,0,0,1,0,0,0,0,3,0,0,0,0,0,823,1800,,770,990,0,0,,17.9,5,0,1,3,0.244870041,0.068399453,0,0.041039672,0.013679891,3,5.966666667,17.9,1.666666667,5,0,0,20.47747469,7.484870061,63.546,2,52.13963205,13.95656817,92.90637,5,,53,-167,1.2,1101100011,https://www.sciencedirect.com/science/article/pii/S0022309314006759
72.9,17.5,0,0.6,5,0,0,1,0,0,0,0,3,0,0,0,0,0,823,1800,,765,993,0,0,,18.1,5,0,1,3,0.248285322,0.068587106,0,0.041152263,0.013717421,3,6.033333333,18.1,1.666666667,5,0,0,20.47747469,7.484870061,63.546,2,52.13963205,13.95656817,92.90637,5,,58,-170,1.17,1101100011,https://www.sciencedirect.com/science/article/pii/S0022309314006759
72.7,17.5,0,0.8,5,0,0,1,0,0,0,0,3,0,0,0,0,0,823,1800,,764,993,0,0,,18.3,5,0,1,3,0.251719395,0.068775791,0,0.041265475,0.013755158,3,6.1,18.3,1.666666667,5,0,0,20.47747469,7.484870061,63.546,2,52.13963205,13.95656817,92.90637,5,,59,-170,1.14,1101100011,https://www.sciencedirect.com/science/article/pii/S0022309314006759
73.5,0,0,0,9,0,13.5,1,0,0,0,0,3,0,0,0,0,0,573,3600,,705,937,0,0,,0,9,13.5,1,3,0,0.12244898,0.183673469,0.040816327,0.013605442,3,0,0,3,9,4.5,13.5,20.47747469,7.484870061,63.546,2,52.13963205,13.95656817,92.90637,5,,-132,-364,0.8,1000100111,https://www.sciencedirect.com/science/article/pii/S0921452604009469?via%3Dihub
73.5,0,0,0,9,0,13.5,1,0,0,0,0,3,0,0,0,0,0,773,3600,,705,937,0,0,,0,9,13.5,1,3,0,0.12244898,0.183673469,0.040816327,0.013605442,3,0,0,3,9,4.5,13.5,20.47747469,7.484870061,63.546,2,52.13963205,13.95656817,92.90637,5,,68,-164,0.85,1000100111,https://www.sciencedirect.com/science/article/pii/S0921452604009469?via%3Dihub
73.5,3.5,0,0,9,0,10,1,0,0,0,0,3,0,0,0,0,0,573,3600,,721,940,0,0,,3.5,9,10,1,3,0.047619048,0.12244898,0.136054422,0.040816327,0.013605442,3,1.166666667,3.5,3,9,3.333333333,10,20.47747469,7.484870061,63.546,2,52.13963205,13.95656817,92.90637,5,,-148,-367,0.873214286,1100100111,https://www.sciencedirect.com/science/article/pii/S0921452604009469?via%3Dihub
73.5,0,0,0,9,0,13.5,1,0,0,0,0,3,0,0,0,0,0,673,3600,,705,937,0,0,,0,9,13.5,1,3,0,0.12244898,0.183673469,0.040816327,0.013605442,3,0,0,3,9,4.5,13.5,20.47747469,7.484870061,63.546,2,52.13963205,13.95656817,92.90637,5,,-32,-264,0.885714286,1000100111,https://www.sciencedirect.com/science/article/pii/S0921452604009469?via%3Dihub
73.5,3.5,0,0,9,0,10,1,0,0,0,0,3,0,0,0,0,0,773,3600,,721,940,0,0,,3.5,9,10,1,3,0.047619048,0.12244898,0.136054422,0.040816327,0.013605442,3,1.166666667,3.5,3,9,3.333333333,10,20.47747469,7.484870061,63.546,2,52.13963205,13.95656817,92.90637,5,,52,-167,0.9875,1100100111,https://www.sciencedirect.com/science/article/pii/S0921452604009469?via%3Dihub
73.5,3.5,0,0,9,0,10,1,0,0,0,0,3,0,0,0,0,0,673,3600,,721,940,0,0,,3.5,9,10,1,3,0.047619048,0.12244898,0.136054422,0.040816327,0.013605442,3,1.166666667,3.5,3,9,3.333333333,10,20.47747469,7.484870061,63.546,2,52.13963205,13.95656817,92.90637,5,,-48,-267,1.155357143,1100100111,https://www.sciencedirect.com/science/article/pii/S0921452604009469?via%3Dihub
81.7,4,0,0,13,0,0,1.3,0,0,0,0,0,0,0,0,0,0,653,3600,,695,799,0,0,20,4,13,0,1.3,0,0.048959608,0.159118727,0,0,0.015911873,0,,3.076923077,,10,,0,20.47747469,7.484870061,63.546,2,0,0,0,0,,-42,-146,1.720448549,1100100010,https://www.sciencedirect.com/science/article/pii/S0925838817321278
81.7,4,0,0,13,0,0,1.3,0,0,0,0,0,0,0,0,0,0,668,3600,,695,799,0,0,20,4,13,0,1.3,0,0.048959608,0.159118727,0,0,0.015911873,0,,3.076923077,,10,,0,20.47747469,7.484870061,63.546,2,0,0,0,0,,-27,-131,1.730474934,1100100010,https://www.sciencedirect.com/science/article/pii/S0925838817321278
81.7,4,0,0,13,0,0,1.3,0,0,0,0,0,0,0,0,0,0,683,3600,,695,799,0,0,20,4,13,0,1.3,0,0.048959608,0.159118727,0,0,0.015911873,0,,3.076923077,,10,,0,20.47747469,7.484870061,63.546,2,0,0,0,0,,-12,-116,1.740501319,1100100010,https://www.sciencedirect.com/science/article/pii/S0925838817321278
81.7,4,0,0,13,0,0,1.3,0,0,0,0,0,0,0,0,0,0,698,3600,,695,799,0,0,20,4,13,0,1.3,0,0.048959608,0.159118727,0,0,0.015911873,0,,3.076923077,,10,,0,20.47747469,7.484870061,63.546,2,0,0,0,0,,3,-101,1.74525066,1100100010,https://www.sciencedirect.com/science/article/pii/S0925838817321278
81.7,4,0,0,13,0,0,1.3,0,0,0,0,0,0,0,0,0,0,723,3600,,695,799,0,0,20,4,13,0,1.3,0,0.048959608,0.159118727,0,0,0.015911873,0,,3.076923077,,10,,0,20.47747469,7.484870061,63.546,2,0,0,0,0,,28,-76,1.750527704,1100100010,https://www.sciencedirect.com/science/article/pii/S0925838817321278
81.5,4,0,0,13,0,0,1.5,0,0,0,0,0,0,0,0,0,0,653,3600,,672,798,0,0,20,4,13,0,1.5,0,0.049079755,0.159509202,0,0,0.018404908,0,,2.666666667,,8.666666667,,0,20.47747469,7.484870061,63.546,2,0,0,0,0,,-19,-145,1.72994723,1100100010,https://www.sciencedirect.com/science/article/pii/S0925838817321278
81.5,4,0,0,13,0,0,1.5,0,0,0,0,0,0,0,0,0,0,668,3600,,672,798,0,0,20,4,13,0,1.5,0,0.049079755,0.159509202,0,0,0.018404908,0,,2.666666667,,8.666666667,,0,20.47747469,7.484870061,63.546,2,0,0,0,0,,-4,-130,1.75,1100100010,https://www.sciencedirect.com/science/article/pii/S0925838817321278
81.5,4,0,0,13,0,0,1.5,0,0,0,0,0,0,0,0,0,0,683,3600,,672,798,0,0,20,4,13,0,1.5,0,0.049079755,0.159509202,0,0,0.018404908,0,,2.666666667,,8.666666667,,0,20.47747469,7.484870061,63.546,2,0,0,0,0,,11,-115,1.75,1100100010,https://www.sciencedirect.com/science/article/pii/S0925838817321278
81.5,4,0,0,13,0,0,1.5,0,0,0,0,0,0,0,0,0,0,698,3600,,672,798,0,0,20,4,13,0,1.5,0,0.049079755,0.159509202,0,0,0.018404908,0,,2.666666667,,8.666666667,,0,20.47747469,7.484870061,63.546,2,0,0,0,0,,26,-100,1.750527704,1100100010,https://www.sciencedirect.com/science/article/pii/S0925838817321278
81.5,4,0,0,13,0,0,1.5,0,0,0,0,0,0,0,0,0,0,723,3600,,672,798,0,0,20,4,13,0,1.5,0,0.049079755,0.159509202,0,0,0.018404908,0,,2.666666667,,8.666666667,,0,20.47747469,7.484870061,63.546,2,0,0,0,0,,51,-75,1.750527704,1100100010,https://www.sciencedirect.com/science/article/pii/S0925838817321278
81,4,0,0,13,0,0,2,0,0,0,0,0,0,0,0,0,0,723,3600,,630,791,0,0,20,4,13,0,2,0,0.049382716,0.160493827,0,0,0.024691358,0,,2,,6.5,,0,20.47747469,7.484870061,63.546,2,0,0,0,0,,93,-68,1.767414248,1100100010,https://www.sciencedirect.com/science/article/pii/S0925838817321278
81.7,4,0,0,13,0,0,1.3,0,0,0,0,0,0,0,0,0,0,638,3600,,695,799,0,0,20,4,13,0,1.3,0,0.048959608,0.159118727,0,0,0.015911873,0,,3.076923077,,10,,0,20.47747469,7.484870061,63.546,2,0,0,0,0,,-57,-161,1.660290237,1100100010,https://www.sciencedirect.com/science/article/pii/S0925838817321278
81.5,4,0,0,13,0,0,1.5,0,0,0,0,0,0,0,0,0,0,638,3600,,672,798,0,0,20,4,13,0,1.5,0,0.049079755,0.159509202,0,0,0.018404908,0,,2.666666667,,8.666666667,,0,20.47747469,7.484870061,63.546,2,0,0,0,0,,-34,-160,1.670316623,1100100010,https://www.sciencedirect.com/science/article/pii/S0925838817321278
81.3,4,0,0,13,0,0,1.7,0,0,0,0,0,0,0,0,0,0,723,3600,,639,795,0,0,20,4,13,0,1.7,0,0.049200492,0.159901599,0,0,0.020910209,0,,2.352941176,,7.647058824,,0,20.47747469,7.484870061,63.546,2,0,0,0,0,,84,-72,1.774802111,1100100010,https://www.sciencedirect.com/science/article/pii/S0925838817321278
81,4,0,0,13,0,0,2,0,0,0,0,0,0,0,0,0,0,698,3600,,630,791,0,0,20,4,13,0,2,0,0.049382716,0.160493827,0,0,0.024691358,0,,2,,6.5,,0,20.47747469,7.484870061,63.546,2,0,0,0,0,,68,-93,1.770580475,1100100010,https://www.sciencedirect.com/science/article/pii/S0925838817321278
81.3,4,0,0,13,0,0,1.7,0,0,0,0,0,0,0,0,0,0,698,3600,,639,795,0,0,20,4,13,0,1.7,0,0.049200492,0.159901599,0,0,0.020910209,0,,2.352941176,,7.647058824,,0,20.47747469,7.484870061,63.546,2,0,0,0,0,,59,-97,1.780079156,1100100010,https://www.sciencedirect.com/science/article/pii/S0925838817321278
81,4,0,0,13,0,0,2,0,0,0,0,0,0,0,0,0,0,683,3600,,630,791,0,0,20,4,13,0,2,0,0.049382716,0.160493827,0,0,0.024691358,0,,2,,6.5,,0,20.47747469,7.484870061,63.546,2,0,0,0,0,,53,-108,1.769525066,1100100010,https://www.sciencedirect.com/science/article/pii/S0925838817321278
81,4,0,0,13,0,0,2,0,0,0,0,0,0,0,0,0,0,668,3600,,630,791,0,0,20,4,13,0,2,0,0.049382716,0.160493827,0,0,0.024691358,0,,2,,6.5,,0,20.47747469,7.484870061,63.546,2,0,0,0,0,,38,-123,1.760026385,1100100010,https://www.sciencedirect.com/science/article/pii/S0925838817321278
81.3,4,0,0,13,0,0,1.7,0,0,0,0,0,0,0,0,0,0,638,3600,,639,795,0,0,20,4,13,0,1.7,0,0.049200492,0.159901599,0,0,0.020910209,0,,2.352941176,,7.647058824,,0,20.47747469,7.484870061,63.546,2,0,0,0,0,,-1,-157,1.719920844,1100100010,https://www.sciencedirect.com/science/article/pii/S0925838817321278
81,4,0,0,13,0,0,2,0,0,0,0,0,0,0,0,0,0,653,3600,,630,791,0,0,20,4,13,0,2,0,0.049382716,0.160493827,0,0,0.024691358,0,,2,,6.5,,0,20.47747469,7.484870061,63.546,2,0,0,0,0,,23,-138,1.739973615,1100100010,https://www.sciencedirect.com/science/article/pii/S0925838817321278
81.3,4,0,0,13,0,0,1.7,0,0,0,0,0,0,0,0,0,0,683,3600,,639,795,0,0,20,4,13,0,1.7,0,0.049200492,0.159901599,0,0,0.020910209,0,,2.352941176,,7.647058824,,0,20.47747469,7.484870061,63.546,2,0,0,0,0,,44,-112,1.775329815,1100100010,https://www.sciencedirect.com/science/article/pii/S0925838817321278
81.3,4,0,0,13,0,0,1.7,0,0,0,0,0,0,0,0,0,0,653,3600,,639,795,0,0,20,4,13,0,1.7,0,0.049200492,0.159901599,0,0,0.020910209,0,,2.352941176,,7.647058824,,0,20.47747469,7.484870061,63.546,2,0,0,0,0,,14,-142,1.750527704,1100100010,https://www.sciencedirect.com/science/article/pii/S0925838817321278
81.3,4,0,0,13,0,0,1.7,0,0,0,0,0,0,0,0,0,0,668,3600,,639,795,0,0,20,4,13,0,1.7,0,0.049200492,0.159901599,0,0,0.020910209,0,,2.352941176,,7.647058824,,0,20.47747469,7.484870061,63.546,2,0,0,0,0,,29,-127,1.770580475,1100100010,https://www.sciencedirect.com/science/article/pii/S0925838817321278
81,4,0,0,13,0,0,2,0,0,0,0,0,0,0,0,0,0,638,3600,,630,791,0,0,20,4,13,0,2,0,0.049382716,0.160493827,0,0,0.024691358,0,,2,,6.5,,0,20.47747469,7.484870061,63.546,2,0,0,0,0,,8,-153,1.709894459,1100100010,https://www.sciencedirect.com/science/article/pii/S0925838817321278
