Fe,Si,C,Al,B,P,Ge,Cu,Ag,Au,Ti,V,Cr,Zr,Nb,Mo,Hf,Ta,W,Annealing temperature (K),Annealing Time (s),Primary Crystallization Peak (K),Secondary Crystallization Peak (K),Longitudinal Annealing field,Transverse Annealing field,Ribbon Thickness (um),Total SiCAl,Total BP,Total GaGe,Total Late Transition,Total Early Transition,Relative to Fe SiCAl,Relative to Fe BP,Relative to Fe GaGe,Relative to Fe Early,Relative to Fe Late,Relative to Late Early,Relative to Early SiCAl,Relative to Late SiCAl,Relative to Early BP,Relative to Late BP,Relative to Late GaGe,Late Weighted Volume,Late Weighted Area,Late Weighted Mass,Late Mean Electrons,Early Weighted Volume,Early Weighted Area,Early Weighted Mass,Early Mean Electrons,Delta T0,Delta T1,Delta T2,Permeability,Composition ID,Reference DOI
73.5,13.5,0,0,9,0,0,1,0,0,0,0,0,0,3,0,0,0,0,813,1800,,,0,0,20,13.5,9,0,1,3,0.183673469,0.12244898,0,0.040816327,0.013605442,3,4.5,13.5,3,9,0,20.47747469,7.484870061,63.546,2,52.13963205,13.95656817,92.90637,5,,,,86518.51852,1100100011,10.1016/j.jallcom.2006.12.133
73.5,13.5,0,0,9,0,0,1,0,0,0,1,0,0,2,0,0,0,0,833,1800,,,0,0,20,13.5,9,0,1,3,0.183673469,0.12244898,0,0.040816327,0.013605442,3,4.5,13.5,3,9,0,20.47747469,7.484870061,63.546,2,45.9551509,12.7742969,78.9181,5,,,,94814.81481,1100100011,10.1016/j.jallcom.2006.12.133
73.5,13.5,0,0,9,0,0,1,0,0,0,2,0,0,1,0,0,0,0,833,1800,,,0,0,20,13.5,9,0,1,3,0.183673469,0.12244898,0,0.040816327,0.013605442,3,4.5,13.5,3,9,0,20.47747469,7.484870061,63.546,2,39.77066975,11.59202563,64.9298,5,,,,125629.6296,1100100011,10.1016/j.jallcom.2006.12.133
73.5,13.5,0,0,9,0,0,1,0,0,0,1.5,0,0,1.5,0,0,0,0,833,1800,,,0,0,20,13.5,9,0,1,3,0.183673469,0.12244898,0,0.040816327,0.013605442,3,4.5,13.5,3,9,0,20.47747469,7.484870061,63.546,2,42.86291032,12.18316127,71.923935,5,,,,135111.1111,1100100011,10.1016/j.jallcom.2006.12.133
84.3,4,0,0,8,3,0,0.7,0,0,0,0,0,0,0,0,0,0,0,748,600,,,0,0,20,4,11,0,0.7,0,0.047449585,0.130486358,0,0,0.008303677,0,,5.714285714,,15.71428571,0,20.47747469,7.484870061,63.546,2,0,0,0,0,,,,16000,1100110010,10.1063/1.3058624
83.3,4,0,0,8,4,0,0.7,0,0,0,0,0,0,0,0,0,0,0,748,600,,,0,0,20,4,12,0,0.7,0,0.048019208,0.144057623,0,0,0.008403361,0,,5.714285714,,17.14285714,0,20.47747469,7.484870061,63.546,2,0,0,0,0,,,,25000,1100110010,10.1063/1.3058624
74.5,13.5,0,0,9,0,0,0,0,0,0,0,0,0,3,0,0,0,0,763,3600,,,0,0,17.5,13.5,9,0,0,3,0.181208054,0.120805369,0,0.040268456,0,,4.5,,3,,,0,0,0,0,52.13963205,13.95656817,92.90637,5,,,,10000,1100100001,10.1063/1.342149
74,13.5,0,0,9,0,0,0.5,0,0,0,0,0,0,3,0,0,0,0,843,3600,,,0,0,17.5,13.5,9,0,0.5,3,0.182432432,0.121621622,0,0.040540541,0.006756757,6,4.5,27,3,18,0,20.47747469,7.484870061,63.546,2,52.13963205,13.95656817,92.90637,5,,,,53200,1100100011,10.1063/1.342149
73.5,16.5,0,0,6,0,0,1,0,0,0,0,0,0,3,0,0,0,0,853,3600,,,0,0,17.5,16.5,6,0,1,3,0.224489796,0.081632653,0,0.040816327,0.013605442,3,5.5,16.5,2,6,0,20.47747469,7.484870061,63.546,2,52.13963205,13.95656817,92.90637,5,,,,75000,1100100011,10.1063/1.342149
73.5,13.5,0,0,9,0,0,1,0,0,0,0,0,0,3,0,0,0,0,853,3600,,,0,0,17.5,13.5,9,0,1,3,0.183673469,0.12244898,0,0.040816327,0.013605442,3,4.5,13.5,3,9,0,20.47747469,7.484870061,63.546,2,52.13963205,13.95656817,92.90637,5,,,,100000,1100100011,10.1063/1.342149
73,13.5,0,0,9,0,0,1.5,0,0,0,0,0,0,3,0,0,0,0,833,3600,,,0,0,17.5,13.5,9,0,1.5,3,0.184931507,0.123287671,0,0.04109589,0.020547945,2,4.5,9,3,6,0,20.47747469,7.484870061,63.546,2,52.13963205,13.95656817,92.90637,5,,,,103000,1100100011,10.1063/1.342149
86,1,0,0,8,4,0,1,0,0,0,0,0,0,0,0,0,0,0,733,600,,,0,0,20,1,12,0,1,0,0.011627907,0.139534884,0,0,0.011627907,0,,1,,12,0,20.47747469,7.484870061,63.546,2,0,0,0,0,,,,24000,1100110010,10.1063/1.3535169
85,2,0,0,8,4,0,1,0,0,0,0,0,0,0,0,0,0,0,733,600,,,0,0,20,2,12,0,1,0,0.023529412,0.141176471,0,0,0.011764706,0,,2,,12,0,20.47747469,7.484870061,63.546,2,0,0,0,0,,,,27000,1100110010,10.1063/1.3535169
74.5,13.5,0,0,9,0,0,0,0,0,0,0,0,0,3,0,0,0,0,823,3600,,,0,0,20,13.5,9,0,0,3,0.181208054,0.120805369,0,0.040268456,0,,4.5,,3,,,0,0,0,0,52.13963205,13.95656817,92.90637,5,,,,40.1441,1100100001,10.1109/20.104389
74.5,13.5,0,0,9,0,0,0,0,0,0,0,0,0,3,0,0,0,0,833,3600,,,0,0,20,13.5,9,0,0,3,0.181208054,0.120805369,0,0.040268456,0,,4.5,,3,,,0,0,0,0,52.13963205,13.95656817,92.90637,5,,,,41.6599,1100100001,10.1109/20.104389
74.5,13.5,0,0,9,0,0,0,0,0,0,0,0,0,3,0,0,0,0,843,3600,,,0,0,20,13.5,9,0,0,3,0.181208054,0.120805369,0,0.040268456,0,,4.5,,3,,,0,0,0,0,52.13963205,13.95656817,92.90637,5,,,,68.7103,1100100001,10.1109/20.104389
74.5,13.5,0,0,9,0,0,0,0,0,0,0,0,0,3,0,0,0,0,813,3600,,,0,0,20,13.5,9,0,0,3,0.181208054,0.120805369,0,0.040268456,0,,4.5,,3,,,0,0,0,0,52.13963205,13.95656817,92.90637,5,,,,107.1966,1100100001,10.1109/20.104389
74.5,13.5,0,0,9,0,0,0,0,0,0,0,0,0,3,0,0,0,0,813,3600,,,0,0,20,13.5,9,0,0,3,0.181208054,0.120805369,0,0.040268456,0,,4.5,,3,,,0,0,0,0,52.13963205,13.95656817,92.90637,5,,,,108.1876,1100100001,10.1109/20.104389
74.5,13.5,0,0,9,0,0,0,0,0,0,0,0,0,3,0,0,0,0,853,3600,,,0,0,20,13.5,9,0,0,3,0.181208054,0.120805369,0,0.040268456,0,,4.5,,3,,,0,0,0,0,52.13963205,13.95656817,92.90637,5,,,,338.2011,1100100001,10.1109/20.104389
74.5,13.5,0,0,9,0,0,0,0,0,0,0,0,0,3,0,0,0,0,853,3600,,,0,0,20,13.5,9,0,0,3,0.181208054,0.120805369,0,0.040268456,0,,4.5,,3,,,0,0,0,0,52.13963205,13.95656817,92.90637,5,,,,347.8054,1100100001,10.1109/20.104389
74.5,13.5,0,0,9,0,0,0,0,0,0,0,0,0,3,0,0,0,0,883,3600,,,0,0,20,13.5,9,0,0,3,0.181208054,0.120805369,0,0.040268456,0,,4.5,,3,,,0,0,0,0,52.13963205,13.95656817,92.90637,5,,,,537.5047,1100100001,10.1109/20.104389
74.5,13.5,0,0,9,0,0,0,0,0,0,0,0,0,3,0,0,0,0,803,3600,,,0,0,20,13.5,9,0,0,3,0.181208054,0.120805369,0,0.040268456,0,,4.5,,3,,,0,0,0,0,52.13963205,13.95656817,92.90637,5,,,,600.7199,1100100001,10.1109/20.104389
74.5,13.5,0,0,9,0,0,0,0,0,0,0,0,0,3,0,0,0,0,803,3600,,,0,0,20,13.5,9,0,0,3,0.181208054,0.120805369,0,0.040268456,0,,4.5,,3,,,0,0,0,0,52.13963205,13.95656817,92.90637,5,,,,633.7115,1100100001,10.1109/20.104389
74.5,13.5,0,0,9,0,0,0,0,0,0,0,0,0,3,0,0,0,0,853,3600,,,0,0,20,13.5,9,0,0,3,0.181208054,0.120805369,0,0.040268456,0,,4.5,,3,,,0,0,0,0,52.13963205,13.95656817,92.90637,5,,,,646.9418,1100100001,10.1109/20.104389
73.5,13.5,0,0,9,0,0,1,0,0,0,0,0,0,3,0,0,0,0,880,3600,,,0,0,20,13.5,9,0,1,3,0.183673469,0.12244898,0,0.040816327,0.013605442,3,4.5,13.5,3,9,0,20.47747469,7.484870061,63.546,2,52.13963205,13.95656817,92.90637,5,,,,709.752,1100100011,10.1109/20.104389
73.5,13.5,0,0,9,0,0,1,0,0,0,0,0,0,3,0,0,0,0,863,3600,,,0,0,20,13.5,9,0,1,3,0.183673469,0.12244898,0,0.040816327,0.013605442,3,4.5,13.5,3,9,0,20.47747469,7.484870061,63.546,2,52.13963205,13.95656817,92.90637,5,,,,4445.159,1100100011,10.1109/20.104389
73.5,13.5,0,0,9,0,0,1,0,0,0,0,0,0,3,0,0,0,0,753,3600,,,0,0,20,13.5,9,0,1,3,0.183673469,0.12244898,0,0.040816327,0.013605442,3,4.5,13.5,3,9,0,20.47747469,7.484870061,63.546,2,52.13963205,13.95656817,92.90637,5,,,,5350.203,1100100011,10.1109/20.104389
74.5,13.5,0,0,9,0,0,0,0,0,0,0,0,0,3,0,0,0,0,795,3600,,,0,0,20,13.5,9,0,0,3,0.181208054,0.120805369,0,0.040268456,0,,4.5,,3,,,0,0,0,0,52.13963205,13.95656817,92.90637,5,,,,5979.432,1100100001,10.1109/20.104389
74.5,13.5,0,0,9,0,0,0,0,0,0,0,0,0,3,0,0,0,0,773,3600,,,0,0,20,13.5,9,0,0,3,0.181208054,0.120805369,0,0.040268456,0,,4.5,,3,,,0,0,0,0,52.13963205,13.95656817,92.90637,5,,,,8346.976,1100100001,10.1109/20.104389
73.5,13.5,0,0,9,0,0,1,0,0,0,0,0,0,3,0,0,0,0,773,3600,,,0,0,20,13.5,9,0,1,3,0.183673469,0.12244898,0,0.040816327,0.013605442,3,4.5,13.5,3,9,0,20.47747469,7.484870061,63.546,2,52.13963205,13.95656817,92.90637,5,,,,20696.43,1100100011,10.1109/20.104389
73.5,13.5,0,0,9,0,0,1,0,0,0,0,0,0,3,0,0,0,0,843,3600,,,0,0,20,13.5,9,0,1,3,0.183673469,0.12244898,0,0.040816327,0.013605442,3,4.5,13.5,3,9,0,20.47747469,7.484870061,63.546,2,52.13963205,13.95656817,92.90637,5,,,,27328.75,1100100011,10.1109/20.104389
73.5,16.5,0,0,6,0,0,1,0,0,0,0,0,0,3,0,0,0,0,813,3600,,,0,0,20,16.5,6,0,1,3,0.224489796,0.081632653,0,0.040816327,0.013605442,3,5.5,16.5,2,6,0,20.47747469,7.484870061,63.546,2,52.13963205,13.95656817,92.90637,5,,,,27609.4837,1100100011,10.1109/20.104389
73.5,13.5,0,0,9,0,0,1,0,0,0,0,0,0,3,0,0,0,0,813,3600,,,0,0,20,13.5,9,0,1,3,0.183673469,0.12244898,0,0.040816327,0.013605442,3,4.5,13.5,3,9,0,20.47747469,7.484870061,63.546,2,52.13963205,13.95656817,92.90637,5,,,,75731.34,1100100011,10.1109/20.104389
73.5,13.5,0,0,9,0,0,1,0,0,0,0,0,0,3,0,0,0,0,793,3600,,,0,0,20,13.5,9,0,1,3,0.183673469,0.12244898,0,0.040816327,0.013605442,3,4.5,13.5,3,9,0,20.47747469,7.484870061,63.546,2,52.13963205,13.95656817,92.90637,5,,,,75731.34,1100100011,10.1109/20.104389
73.5,13.5,0,0,9,0,0,1,0,0,0,0,0,0,3,0,0,0,0,833,3600,,,0,0,20,13.5,9,0,1,3,0.183673469,0.12244898,0,0.040816327,0.013605442,3,4.5,13.5,3,9,0,20.47747469,7.484870061,63.546,2,52.13963205,13.95656817,92.90637,5,,,,81558.42,1100100011,10.1109/20.104389
73.5,13.5,0,0,9,0,0,1,0,0,0,0,0,0,3,0,0,0,0,813,3600,,,0,0,20,13.5,9,0,1,3,0.183673469,0.12244898,0,0.040816327,0.013605442,3,4.5,13.5,3,9,0,20.47747469,7.484870061,63.546,2,52.13963205,13.95656817,92.90637,5,,,,82094.7301,1100100011,10.1109/20.104389
73.5,13.5,0,0,9,0,0,1,0,0,0,0,0,0,3,0,0,0,0,823,3600,,,1,0,18,13.5,9,0,1,3,0.183673469,0.12244898,0,0.040816327,0.013605442,3,4.5,13.5,3,9,0,20.47747469,7.484870061,63.546,2,52.13963205,13.95656817,92.90637,5,,,,25245,1100100011,10.1109/20.42291
73.5,13.5,0,0,9,0,0,1,0,0,0,0,0,0,3,0,0,0,0,823,3600,,,0,1,18,13.5,9,0,1,3,0.183673469,0.12244898,0,0.040816327,0.013605442,3,4.5,13.5,3,9,0,20.47747469,7.484870061,63.546,2,52.13963205,13.95656817,92.90637,5,,,,34417.5398,1100100011,10.1109/20.42291
73.5,13.5,0,0,9,0,0,1,0,0,0,0,0,0,3,0,0,0,0,823,3600,,,0,0,18,13.5,9,0,1,3,0.183673469,0.12244898,0,0.040816327,0.013605442,3,4.5,13.5,3,9,0,20.47747469,7.484870061,63.546,2,52.13963205,13.95656817,92.90637,5,,,,83823.6955,1100100011,10.1109/20.42291
73.5,13.5,0,0,9,0,0,1,0,0,0,0,0,0,3,0,0,0,0,673,15000,,,0,0,,13.5,9,0,1,3,0.183673469,0.12244898,0,0.040816327,0.013605442,3,4.5,13.5,3,9,0,20.47747469,7.484870061,63.546,2,52.13963205,13.95656817,92.90637,5,,,,36500,1100100011,10.1109/TJMJ.1990.4564397
73.5,13.5,0,0,9,0,0,1,0,0,0,0,0,0,3,0,0,0,0,673,42000,,,0,0,,13.5,9,0,1,3,0.183673469,0.12244898,0,0.040816327,0.013605442,3,4.5,13.5,3,9,0,20.47747469,7.484870061,63.546,2,52.13963205,13.95656817,92.90637,5,,,,42300,1100100011,10.1109/TJMJ.1990.4564397
73.5,13.5,0,0,9,0,0,1,0,0,0,0,0,0,3,0,0,0,0,573,42000,,,0,0,,13.5,9,0,1,3,0.183673469,0.12244898,0,0.040816327,0.013605442,3,4.5,13.5,3,9,0,20.47747469,7.484870061,63.546,2,52.13963205,13.95656817,92.90637,5,,,,55900,1100100011,10.1109/TJMJ.1990.4564397
73.5,13.5,0,0,9,0,0,1,0,0,0,0,0,0,3,0,0,0,0,673,3600,,,0,0,,13.5,9,0,1,3,0.183673469,0.12244898,0,0.040816327,0.013605442,3,4.5,13.5,3,9,0,20.47747469,7.484870061,63.546,2,52.13963205,13.95656817,92.90637,5,,,,58500,1100100011,10.1109/TJMJ.1990.4564397
73.5,13.5,0,0,9,0,0,1,0,0,0,0,0,0,3,0,0,0,0,573,3600,,,0,0,,13.5,9,0,1,3,0.183673469,0.12244898,0,0.040816327,0.013605442,3,4.5,13.5,3,9,0,20.47747469,7.484870061,63.546,2,52.13963205,13.95656817,92.90637,5,,,,66700,1100100011,10.1109/TJMJ.1990.4564397
73.5,13.5,0,0,9,0,0,1,0,0,0,0,0,0,3,0,0,0,0,573,15000,,,0,0,,13.5,9,0,1,3,0.183673469,0.12244898,0,0.040816327,0.013605442,3,4.5,13.5,3,9,0,20.47747469,7.484870061,63.546,2,52.13963205,13.95656817,92.90637,5,,,,69800,1100100011,10.1109/TJMJ.1990.4564397
73.5,13.5,0,0,9,0,0,1,0,0,0,0,0,0,3,0,0,0,0,373,15000,,,0,0,,13.5,9,0,1,3,0.183673469,0.12244898,0,0.040816327,0.013605442,3,4.5,13.5,3,9,0,20.47747469,7.484870061,63.546,2,52.13963205,13.95656817,92.90637,5,,,,84400,1100100011,10.1109/TJMJ.1990.4564397
73.5,13.5,0,0,9,0,0,1,0,0,0,0,0,0,3,0,0,0,0,373,36000,,,0,0,,13.5,9,0,1,3,0.183673469,0.12244898,0,0.040816327,0.013605442,3,4.5,13.5,3,9,0,20.47747469,7.484870061,63.546,2,52.13963205,13.95656817,92.90637,5,,,,84700,1100100011,10.1109/TJMJ.1990.4564397
73.5,13.5,0,0,9,0,0,1,0,0,0,0,0,0,3,0,0,0,0,373,480000,,,0,0,,13.5,9,0,1,3,0.183673469,0.12244898,0,0.040816327,0.013605442,3,4.5,13.5,3,9,0,20.47747469,7.484870061,63.546,2,52.13963205,13.95656817,92.90637,5,,,,85300,1100100011,10.1109/TJMJ.1990.4564397
73.5,13.5,0,0,9,0,0,1,0,0,0,0,0,0,3,0,0,0,0,373,96000,,,0,0,,13.5,9,0,1,3,0.183673469,0.12244898,0,0.040816327,0.013605442,3,4.5,13.5,3,9,0,20.47747469,7.484870061,63.546,2,52.13963205,13.95656817,92.90637,5,,,,85500,1100100011,10.1109/TJMJ.1990.4564397
73.5,13.5,0,0,9,0,0,1,0,0,0,0,0,0,3,0,0,0,0,373,3600,,,0,0,,13.5,9,0,1,3,0.183673469,0.12244898,0,0.040816327,0.013605442,3,4.5,13.5,3,9,0,20.47747469,7.484870061,63.546,2,52.13963205,13.95656817,92.90637,5,,,,86400,1100100011,10.1109/TJMJ.1990.4564397
73.5,13.5,0,0,9,0,0,1,0,0,0,0,0,0,3,0,0,0,0,373,960000,,,0,0,,13.5,9,0,1,3,0.183673469,0.12244898,0,0.040816327,0.013605442,3,4.5,13.5,3,9,0,20.47747469,7.484870061,63.546,2,52.13963205,13.95656817,92.90637,5,,,,86400,1100100011,10.1109/TJMJ.1990.4564397
85,1,0,0,9,4,0,1,0,0,0,0,0,0,0,0,0,0,0,653,7200,,,0,0,18.5,1,13,0,1,0,0.011764706,0.152941176,0,0,0.011764706,0,,1,,13,0,20.47747469,7.484870061,63.546,2,0,0,0,0,,,,24000,1100110010,10.1109/TMAG.2011.2175210
85,2,0,0,8,4,0,1,0,0,0,0,0,0,0,0,0,0,0,653,7200,,,0,0,18.5,2,12,0,1,0,0.023529412,0.141176471,0,0,0.011764706,0,,2,,12,0,20.47747469,7.484870061,63.546,2,0,0,0,0,,,,27000,1100110010,10.1109/TMAG.2011.2175210
73.5,13.5,0,0,9,0,0,1,0,0,0,0,0,0,3,0,0,0,0,653,7200,,,0,0,18.5,13.5,9,0,1,3,0.183673469,0.12244898,0,0.040816327,0.013605442,3,4.5,13.5,3,9,0,20.47747469,7.484870061,63.546,2,52.13963205,13.95656817,92.90637,5,,,,150000,1100100011,10.1109/TMAG.2011.2175210
73.5,13.5,0,0,9,0,0,1,0,0,0,0,0,0,3,0,0,0,0,869,15000,,,0,0,18,13.5,9,0,1,3,0.183673469,0.12244898,0,0.040816327,0.013605442,3,4.5,13.5,3,9,0,20.47747469,7.484870061,63.546,2,52.13963205,13.95656817,92.90637,5,,,,20,1100100011,10.1557/PROC-232-183
73.5,13.5,0,0,9,0,0,1,0,0,0,0,0,0,3,0,0,0,0,898,15000,,,0,0,18,13.5,9,0,1,3,0.183673469,0.12244898,0,0.040816327,0.013605442,3,4.5,13.5,3,9,0,20.47747469,7.484870061,63.546,2,52.13963205,13.95656817,92.90637,5,,,,100,1100100011,10.1557/PROC-232-183
73.5,13.5,0,0,9,0,0,1,0,0,0,0,0,0,3,0,0,0,0,900,3600,,,0,0,18,13.5,9,0,1,3,0.183673469,0.12244898,0,0.040816327,0.013605442,3,4.5,13.5,3,9,0,20.47747469,7.484870061,63.546,2,52.13963205,13.95656817,92.90637,5,,,,200,1100100011,10.1557/PROC-232-183
73.5,13.5,0,0,9,0,0,1,0,0,0,0,0,0,3,0,0,0,0,869,54000,,,0,0,18,13.5,9,0,1,3,0.183673469,0.12244898,0,0.040816327,0.013605442,3,4.5,13.5,3,9,0,20.47747469,7.484870061,63.546,2,52.13963205,13.95656817,92.90637,5,,,,200,1100100011,10.1557/PROC-232-183
73.5,13.5,0,0,9,0,0,1,0,0,0,0,0,0,3,0,0,0,0,898,1800,,,0,0,18,13.5,9,0,1,3,0.183673469,0.12244898,0,0.040816327,0.013605442,3,4.5,13.5,3,9,0,20.47747469,7.484870061,63.546,2,52.13963205,13.95656817,92.90637,5,,,,400,1100100011,10.1557/PROC-232-183
73.5,13.5,0,0,9,0,0,1,0,0,0,0,0,0,3,0,0,0,0,873,3600,,,0,0,18,13.5,9,0,1,3,0.183673469,0.12244898,0,0.040816327,0.013605442,3,4.5,13.5,3,9,0,20.47747469,7.484870061,63.546,2,52.13963205,13.95656817,92.90637,5,,,,1776,1100100011,10.1557/PROC-232-183
73.5,13.5,0,0,9,0,0,1,0,0,0,0,0,0,3,0,0,0,0,838,54000,,,0,0,18,13.5,9,0,1,3,0.183673469,0.12244898,0,0.040816327,0.013605442,3,4.5,13.5,3,9,0,20.47747469,7.484870061,63.546,2,52.13963205,13.95656817,92.90637,5,,,,5000,1100100011,10.1557/PROC-232-183
74.5,13.5,0,0,9,0,0,0,0,0,0,0,0,0,3,0,0,0,0,813,3600,,,0,0,18,13.5,9,0,0,3,0.181208054,0.120805369,0,0.040268456,0,,4.5,,3,,,0,0,0,0,52.13963205,13.95656817,92.90637,5,,,,5890,1100100001,10.1557/PROC-232-183
74.5,13.5,0,0,9,0,0,0,0,0,0,0,0,0,3,0,0,0,0,803,3600,,,0,0,18,13.5,9,0,0,3,0.181208054,0.120805369,0,0.040268456,0,,4.5,,3,,,0,0,0,0,52.13963205,13.95656817,92.90637,5,,,,8250,1100100001,10.1557/PROC-232-183
73.5,13.5,0,0,9,0,0,1,0,0,0,0,0,0,3,0,0,0,0,773,1800,,,0,0,18,13.5,9,0,1,3,0.183673469,0.12244898,0,0.040816327,0.013605442,3,4.5,13.5,3,9,0,20.47747469,7.484870061,63.546,2,52.13963205,13.95656817,92.90637,5,,,,9000,1100100011,10.1557/PROC-232-183
73.5,13.5,0,0,9,0,0,1,0,0,0,0,0,0,3,0,0,0,0,723,180000,,,0,0,18,13.5,9,0,1,3,0.183673469,0.12244898,0,0.040816327,0.013605442,3,4.5,13.5,3,9,0,20.47747469,7.484870061,63.546,2,52.13963205,13.95656817,92.90637,5,,,,9000,1100100011,10.1557/PROC-232-183
74.5,13.5,0,0,9,0,0,0,0,0,0,0,0,0,3,0,0,0,0,793,3600,,,0,0,18,13.5,9,0,0,3,0.181208054,0.120805369,0,0.040268456,0,,4.5,,3,,,0,0,0,0,52.13963205,13.95656817,92.90637,5,,,,10600,1100100001,10.1557/PROC-232-183
73.5,13.5,0,0,9,0,0,1,0,0,0,0,0,0,3,0,0,0,0,743,15000,,,0,0,18,13.5,9,0,1,3,0.183673469,0.12244898,0,0.040816327,0.013605442,3,4.5,13.5,3,9,0,20.47747469,7.484870061,63.546,2,52.13963205,13.95656817,92.90637,5,,,,11000,1100100011,10.1557/PROC-232-183
74.5,13.5,0,0,9,0,0,0,0,0,0,0,0,0,3,0,0,0,0,783,3600,,,0,0,18,13.5,9,0,0,3,0.181208054,0.120805369,0,0.040268456,0,,4.5,,3,,,0,0,0,0,52.13963205,13.95656817,92.90637,5,,,,11500,1100100001,10.1557/PROC-232-183
74.5,13.5,0,0,9,0,0,0,0,0,0,0,0,0,3,0,0,0,0,773,3600,,,0,0,18,13.5,9,0,0,3,0.181208054,0.120805369,0,0.040268456,0,,4.5,,3,,,0,0,0,0,52.13963205,13.95656817,92.90637,5,,,,12000,1100100001,10.1557/PROC-232-183
73.5,13.5,0,0,9,0,0,1,0,0,0,0,0,0,3,0,0,0,0,703,360000,,,0,0,18,13.5,9,0,1,3,0.183673469,0.12244898,0,0.040816327,0.013605442,3,4.5,13.5,3,9,0,20.47747469,7.484870061,63.546,2,52.13963205,13.95656817,92.90637,5,,,,12000,1100100011,10.1557/PROC-232-183
73.5,13.5,0,0,9,0,0,1,0,0,0,0,0,0,3,0,0,0,0,723,360000,,,0,0,18,13.5,9,0,1,3,0.183673469,0.12244898,0,0.040816327,0.013605442,3,4.5,13.5,3,9,0,20.47747469,7.484870061,63.546,2,52.13963205,13.95656817,92.90637,5,,,,12000,1100100011,10.1557/PROC-232-183
73.5,13.5,0,0,9,0,0,1,0,0,0,0,0,0,3,0,0,0,0,743,3600,,,0,0,18,13.5,9,0,1,3,0.183673469,0.12244898,0,0.040816327,0.013605442,3,4.5,13.5,3,9,0,20.47747469,7.484870061,63.546,2,52.13963205,13.95656817,92.90637,5,,,,14000,1100100011,10.1557/PROC-232-183
74.5,13.5,0,0,9,0,0,0,0,0,0,0,0,0,3,0,0,0,0,763,3600,,,0,0,18,13.5,9,0,0,3,0.181208054,0.120805369,0,0.040268456,0,,4.5,,3,,,0,0,0,0,52.13963205,13.95656817,92.90637,5,,,,14600,1100100001,10.1557/PROC-232-183
73.5,13.5,0,0,9,0,0,1,0,0,0,0,0,0,3,0,0,0,0,721,15000,,,0,0,18,13.5,9,0,1,3,0.183673469,0.12244898,0,0.040816327,0.013605442,3,4.5,13.5,3,9,0,20.47747469,7.484870061,63.546,2,52.13963205,13.95656817,92.90637,5,,,,15000,1100100011,10.1557/PROC-232-183
73.5,13.5,0,0,9,0,0,1,0,0,0,0,0,0,3,0,0,0,0,773,3600,,,0,0,18,13.5,9,0,1,3,0.183673469,0.12244898,0,0.040816327,0.013605442,3,4.5,13.5,3,9,0,20.47747469,7.484870061,63.546,2,52.13963205,13.95656817,92.90637,5,,,,17000,1100100011,10.1557/PROC-232-183
73.5,13.5,0,0,9,0,0,1,0,0,0,0,0,0,3,0,0,0,0,723,54000,,,0,0,18,13.5,9,0,1,3,0.183673469,0.12244898,0,0.040816327,0.013605442,3,4.5,13.5,3,9,0,20.47747469,7.484870061,63.546,2,52.13963205,13.95656817,92.90637,5,,,,17000,1100100011,10.1557/PROC-232-183
73.5,13.5,0,0,9,0,0,1,0,0,0,0,0,0,3,0,0,0,0,723,3600,,,0,0,18,13.5,9,0,1,3,0.183673469,0.12244898,0,0.040816327,0.013605442,3,4.5,13.5,3,9,0,20.47747469,7.484870061,63.546,2,52.13963205,13.95656817,92.90637,5,,,,18000,1100100011,10.1557/PROC-232-183
73.5,13.5,0,0,9,0,0,1,0,0,0,0,0,0,3,0,0,0,0,743,180000,,,0,0,18,13.5,9,0,1,3,0.183673469,0.12244898,0,0.040816327,0.013605442,3,4.5,13.5,3,9,0,20.47747469,7.484870061,63.546,2,52.13963205,13.95656817,92.90637,5,,,,18000,1100100011,10.1557/PROC-232-183
74,13.5,0,0,9,0,0,0.5,0,0,0,0,0,0,3,0,0,0,0,793,3600,,,0,0,18,13.5,9,0,0.5,3,0.182432432,0.121621622,0,0.040540541,0.006756757,6,4.5,27,3,18,0,20.47747469,7.484870061,63.546,2,52.13963205,13.95656817,92.90637,5,,,,18235,1100100011,10.1557/PROC-232-183
73.5,13.5,0,0,9,0,0,1,0,0,0,0,0,0,3,0,0,0,0,743,54000,,,0,0,18,13.5,9,0,1,3,0.183673469,0.12244898,0,0.040816327,0.013605442,3,4.5,13.5,3,9,0,20.47747469,7.484870061,63.546,2,52.13963205,13.95656817,92.90637,5,,,,19000,1100100011,10.1557/PROC-232-183
73.5,13.5,0,0,9,0,0,1,0,0,0,0,0,0,3,0,0,0,0,773,3600,,,0,0,18,13.5,9,0,1,3,0.183673469,0.12244898,0,0.040816327,0.013605442,3,4.5,13.5,3,9,0,20.47747469,7.484870061,63.546,2,52.13963205,13.95656817,92.90637,5,,,,19900,1100100011,10.1557/PROC-232-183
73.5,13.5,0,0,9,0,0,1,0,0,0,0,0,0,3,0,0,0,0,773,180000,,,0,0,18,13.5,9,0,1,3,0.183673469,0.12244898,0,0.040816327,0.013605442,3,4.5,13.5,3,9,0,20.47747469,7.484870061,63.546,2,52.13963205,13.95656817,92.90637,5,,,,24000,1100100011,10.1557/PROC-232-183
74,13.5,0,0,9,0,0,0.5,0,0,0,0,0,0,3,0,0,0,0,803,3600,,,0,0,18,13.5,9,0,0.5,3,0.182432432,0.121621622,0,0.040540541,0.006756757,6,4.5,27,3,18,0,20.47747469,7.484870061,63.546,2,52.13963205,13.95656817,92.90637,5,,,,28670,1100100011,10.1557/PROC-232-183
73.5,13.5,0,0,9,0,0,1,0,0,0,0,0,0,3,0,0,0,0,863,3600,,,0,0,18,13.5,9,0,1,3,0.183673469,0.12244898,0,0.040816327,0.013605442,3,4.5,13.5,3,9,0,20.47747469,7.484870061,63.546,2,52.13963205,13.95656817,92.90637,5,,,,30962,1100100011,10.1557/PROC-232-183
73.5,13.5,0,0,9,0,0,1,0,0,0,0,0,0,3,0,0,0,0,900,300,,,0,0,18,13.5,9,0,1,3,0.183673469,0.12244898,0,0.040816327,0.013605442,3,4.5,13.5,3,9,0,20.47747469,7.484870061,63.546,2,52.13963205,13.95656817,92.90637,5,,,,31000,1100100011,10.1557/PROC-232-183
73.5,13.5,0,0,9,0,0,1,0,0,0,0,0,0,3,0,0,0,0,778,54000,,,0,0,18,13.5,9,0,1,3,0.183673469,0.12244898,0,0.040816327,0.013605442,3,4.5,13.5,3,9,0,20.47747469,7.484870061,63.546,2,52.13963205,13.95656817,92.90637,5,,,,35000,1100100011,10.1557/PROC-232-183
73,13.5,0,0,9,0,0,1.5,0,0,0,0,0,0,3,0,0,0,0,793,3600,,,0,0,18,13.5,9,0,1.5,3,0.184931507,0.123287671,0,0.04109589,0.020547945,2,4.5,9,3,6,0,20.47747469,7.484870061,63.546,2,52.13963205,13.95656817,92.90637,5,,,,38043,1100100011,10.1557/PROC-232-183
73.5,13.5,0,0,9,0,0,1,0,0,0,0,0,0,3,0,0,0,0,803,1800,,,0,0,18,13.5,9,0,1,3,0.183673469,0.12244898,0,0.040816327,0.013605442,3,4.5,13.5,3,9,0,20.47747469,7.484870061,63.546,2,52.13963205,13.95656817,92.90637,5,,,,41000,1100100011,10.1557/PROC-232-183
73.5,13.5,0,0,9,0,0,1,0,0,0,0,0,0,3,0,0,0,0,803,15000,,,0,0,18,13.5,9,0,1,3,0.183673469,0.12244898,0,0.040816327,0.013605442,3,4.5,13.5,3,9,0,20.47747469,7.484870061,63.546,2,52.13963205,13.95656817,92.90637,5,,,,47000,1100100011,10.1557/PROC-232-183
73.5,13.5,0,0,9,0,0,1,0,0,0,0,0,0,3,0,0,0,0,793,3600,,,0,0,18,13.5,9,0,1,3,0.183673469,0.12244898,0,0.040816327,0.013605442,3,4.5,13.5,3,9,0,20.47747469,7.484870061,63.546,2,52.13963205,13.95656817,92.90637,5,,,,48100,1100100011,10.1557/PROC-232-183
74,13.5,0,0,9,0,0,0.5,0,0,0,0,0,0,3,0,0,0,0,853,3600,,,0,0,18,13.5,9,0,0.5,3,0.182432432,0.121621622,0,0.040540541,0.006756757,6,4.5,27,3,18,0,20.47747469,7.484870061,63.546,2,52.13963205,13.95656817,92.90637,5,,,,49472,1100100011,10.1557/PROC-232-183
73,13.5,0,0,9,0,0,1.5,0,0,0,0,0,0,3,0,0,0,0,803,3600,,,0,0,18,13.5,9,0,1.5,3,0.184931507,0.123287671,0,0.04109589,0.020547945,2,4.5,9,3,6,0,20.47747469,7.484870061,63.546,2,52.13963205,13.95656817,92.90637,5,,,,52137,1100100011,10.1557/PROC-232-183
73,13.5,0,0,9,0,0,1.5,0,0,0,0,0,0,3,0,0,0,0,813,3600,,,0,0,18,13.5,9,0,1.5,3,0.184931507,0.123287671,0,0.04109589,0.020547945,2,4.5,9,3,6,0,20.47747469,7.484870061,63.546,2,52.13963205,13.95656817,92.90637,5,,,,52517,1100100011,10.1557/PROC-232-183
74,13.5,0,0,9,0,0,0.5,0,0,0,0,0,0,3,0,0,0,0,813,3600,,,0,0,18,13.5,9,0,0.5,3,0.182432432,0.121621622,0,0.040540541,0.006756757,6,4.5,27,3,18,0,20.47747469,7.484870061,63.546,2,52.13963205,13.95656817,92.90637,5,,,,55263,1100100011,10.1557/PROC-232-183
74,13.5,0,0,9,0,0,0.5,0,0,0,0,0,0,3,0,0,0,0,833,3600,,,0,0,18,13.5,9,0,0.5,3,0.182432432,0.121621622,0,0.040540541,0.006756757,6,4.5,27,3,18,0,20.47747469,7.484870061,63.546,2,52.13963205,13.95656817,92.90637,5,,,,55419,1100100011,10.1557/PROC-232-183
73.5,13.5,0,0,9,0,0,1,0,0,0,0,0,0,3,0,0,0,0,803,3600,,,0,0,18,13.5,9,0,1,3,0.183673469,0.12244898,0,0.040816327,0.013605442,3,4.5,13.5,3,9,0,20.47747469,7.484870061,63.546,2,52.13963205,13.95656817,92.90637,5,,,,58000,1100100011,10.1557/PROC-232-183
74,13.5,0,0,9,0,0,0.5,0,0,0,0,0,0,3,0,0,0,0,823,3600,,,0,0,18,13.5,9,0,0.5,3,0.182432432,0.121621622,0,0.040540541,0.006756757,6,4.5,27,3,18,0,20.47747469,7.484870061,63.546,2,52.13963205,13.95656817,92.90637,5,,,,60217,1100100011,10.1557/PROC-232-183
73.5,13.5,0,0,9,0,0,1,0,0,0,0,0,0,3,0,0,0,0,869,3600,,,0,0,18,13.5,9,0,1,3,0.183673469,0.12244898,0,0.040816327,0.013605442,3,4.5,13.5,3,9,0,20.47747469,7.484870061,63.546,2,52.13963205,13.95656817,92.90637,5,,,,62000,1100100011,10.1557/PROC-232-183
73.5,13.5,0,0,9,0,0,1,0,0,0,0,0,0,3,0,0,0,0,803,54000,,,0,0,18,13.5,9,0,1,3,0.183673469,0.12244898,0,0.040816327,0.013605442,3,4.5,13.5,3,9,0,20.47747469,7.484870061,63.546,2,52.13963205,13.95656817,92.90637,5,,,,64000,1100100011,10.1557/PROC-232-183
73.5,13.5,0,0,9,0,0,1,0,0,0,0,0,0,3,0,0,0,0,843,600,,,0,0,18,13.5,9,0,1,3,0.183673469,0.12244898,0,0.040816327,0.013605442,3,4.5,13.5,3,9,0,20.47747469,7.484870061,63.546,2,52.13963205,13.95656817,92.90637,5,,,,66000,1100100011,10.1557/PROC-232-183
73.5,13.5,0,0,9,0,0,1,0,0,0,0,0,0,3,0,0,0,0,823,54000,,,0,0,18,13.5,9,0,1,3,0.183673469,0.12244898,0,0.040816327,0.013605442,3,4.5,13.5,3,9,0,20.47747469,7.484870061,63.546,2,52.13963205,13.95656817,92.90637,5,,,,68000,1100100011,10.1557/PROC-232-183
73.5,13.5,0,0,9,0,0,1,0,0,0,0,0,0,3,0,0,0,0,803,3600,,,0,0,18,13.5,9,0,1,3,0.183673469,0.12244898,0,0.040816327,0.013605442,3,4.5,13.5,3,9,0,20.47747469,7.484870061,63.546,2,52.13963205,13.95656817,92.90637,5,,,,68294,1100100011,10.1557/PROC-232-183
73,13.5,0,0,9,0,0,1.5,0,0,0,0,0,0,3,0,0,0,0,843,3600,,,0,0,18,13.5,9,0,1.5,3,0.184931507,0.123287671,0,0.04109589,0.020547945,2,4.5,9,3,6,0,20.47747469,7.484870061,63.546,2,52.13963205,13.95656817,92.90637,5,,,,71334,1100100011,10.1557/PROC-232-183
73.5,13.5,0,0,9,0,0,1,0,0,0,0,0,0,3,0,0,0,0,863,600,,,0,0,18,13.5,9,0,1,3,0.183673469,0.12244898,0,0.040816327,0.013605442,3,4.5,13.5,3,9,0,20.47747469,7.484870061,63.546,2,52.13963205,13.95656817,92.90637,5,,,,72000,1100100011,10.1557/PROC-232-183
73.5,13.5,0,0,9,0,0,1,0,0,0,0,0,0,3,0,0,0,0,838,15000,,,0,0,18,13.5,9,0,1,3,0.183673469,0.12244898,0,0.040816327,0.013605442,3,4.5,13.5,3,9,0,20.47747469,7.484870061,63.546,2,52.13963205,13.95656817,92.90637,5,,,,77000,1100100011,10.1557/PROC-232-183
73.5,13.5,0,0,9,0,0,1,0,0,0,0,0,0,3,0,0,0,0,813,3600,,,0,0,18,13.5,9,0,1,3,0.183673469,0.12244898,0,0.040816327,0.013605442,3,4.5,13.5,3,9,0,20.47747469,7.484870061,63.546,2,52.13963205,13.95656817,92.90637,5,,,,79036,1100100011,10.1557/PROC-232-183
73.5,13.5,0,0,9,0,0,1,0,0,0,0,0,0,3,0,0,0,0,823,1800,,,0,0,18,13.5,9,0,1,3,0.183673469,0.12244898,0,0.040816327,0.013605442,3,4.5,13.5,3,9,0,20.47747469,7.484870061,63.546,2,52.13963205,13.95656817,92.90637,5,,,,82000,1100100011,10.1557/PROC-232-183
73.5,13.5,0,0,9,0,0,1,0,0,0,0,0,0,3,0,0,0,0,823,3600,,,0,0,18,13.5,9,0,1,3,0.183673469,0.12244898,0,0.040816327,0.013605442,3,4.5,13.5,3,9,0,20.47747469,7.484870061,63.546,2,52.13963205,13.95656817,92.90637,5,,,,82767,1100100011,10.1557/PROC-232-183
73,13.5,0,0,9,0,0,1.5,0,0,0,0,0,0,3,0,0,0,0,823,3600,,,0,0,18,13.5,9,0,1.5,3,0.184931507,0.123287671,0,0.04109589,0.020547945,2,4.5,9,3,6,0,20.47747469,7.484870061,63.546,2,52.13963205,13.95656817,92.90637,5,,,,90692,1100100011,10.1557/PROC-232-183
73.5,13.5,0,0,9,0,0,1,0,0,0,0,0,0,3,0,0,0,0,823,3600,,,0,0,18,13.5,9,0,1,3,0.183673469,0.12244898,0,0.040816327,0.013605442,3,4.5,13.5,3,9,0,20.47747469,7.484870061,63.546,2,52.13963205,13.95656817,92.90637,5,,,,94000,1100100011,10.1557/PROC-232-183
73.5,13.5,0,0,9,0,0,1,0,0,0,0,0,0,3,0,0,0,0,863,300,,,0,0,18,13.5,9,0,1,3,0.183673469,0.12244898,0,0.040816327,0.013605442,3,4.5,13.5,3,9,0,20.47747469,7.484870061,63.546,2,52.13963205,13.95656817,92.90637,5,,,,103000,1100100011,10.1557/PROC-232-183
73.5,13.5,0,0,9,0,0,1,0,0,0,0,0,0,3,0,0,0,0,843,3600,,,0,0,18,13.5,9,0,1,3,0.183673469,0.12244898,0,0.040816327,0.013605442,3,4.5,13.5,3,9,0,20.47747469,7.484870061,63.546,2,52.13963205,13.95656817,92.90637,5,,,,104260,1100100011,10.1557/PROC-232-183
73.5,13.5,0,0,9,0,0,1,0,0,0,0,0,0,3,0,0,0,0,833,3600,,,0,0,18,13.5,9,0,1,3,0.183673469,0.12244898,0,0.040816327,0.013605442,3,4.5,13.5,3,9,0,20.47747469,7.484870061,63.546,2,52.13963205,13.95656817,92.90637,5,,,,106322,1100100011,10.1557/PROC-232-183
73,13.5,0,0,9,0,0,1.5,0,0,0,0,0,0,3,0,0,0,0,837,3600,,,0,0,18,13.5,9,0,1.5,3,0.184931507,0.123287671,0,0.04109589,0.020547945,2,4.5,9,3,6,0,20.47747469,7.484870061,63.546,2,52.13963205,13.95656817,92.90637,5,,,,108157,1100100011,10.1557/PROC-232-183
73.5,13.5,0,0,9,0,0,1,0,0,0,0,0,0,3,0,0,0,0,871,600,,,0,0,18,13.5,9,0,1,3,0.183673469,0.12244898,0,0.040816327,0.013605442,3,4.5,13.5,3,9,0,20.47747469,7.484870061,63.546,2,52.13963205,13.95656817,92.90637,5,,,,109000,1100100011,10.1557/PROC-232-183
73.5,13.5,0,0,9,0,0,1,0,0,0,0,0,0,3,0,0,0,0,871,1800,,,0,0,18,13.5,9,0,1,3,0.183673469,0.12244898,0,0.040816327,0.013605442,3,4.5,13.5,3,9,0,20.47747469,7.484870061,63.546,2,52.13963205,13.95656817,92.90637,5,,,,114000,1100100011,10.1557/PROC-232-183
73.5,13.5,0,0,9,0,0,1,0,0,0,0,0,0,3,0,0,0,0,853,3600,,,0,0,18,13.5,9,0,1,3,0.183673469,0.12244898,0,0.040816327,0.013605442,3,4.5,13.5,3,9,0,20.47747469,7.484870061,63.546,2,52.13963205,13.95656817,92.90637,5,,,,114700,1100100011,10.1557/PROC-232-183
73.5,13.5,0,0,9,0,0,1,0,0,0,0,0,0,3,0,0,0,0,838,3600,,,0,0,18,13.5,9,0,1,3,0.183673469,0.12244898,0,0.040816327,0.013605442,3,4.5,13.5,3,9,0,20.47747469,7.484870061,63.546,2,52.13963205,13.95656817,92.90637,5,,,,120000,1100100011,10.1557/PROC-232-183
73.5,13.5,0,0,9,0,0,1,0,0,0,0,0,0,3,0,0,0,0,823,15000,,,0,0,18,13.5,9,0,1,3,0.183673469,0.12244898,0,0.040816327,0.013605442,3,4.5,13.5,3,9,0,20.47747469,7.484870061,63.546,2,52.13963205,13.95656817,92.90637,5,,,,124000,1100100011,10.1557/PROC-232-183
73.5,13.5,0,0,9,0,0,1,0,0,0,0,0,0,3,0,0,0,0,863,1200,,,0,0,18,13.5,9,0,1,3,0.183673469,0.12244898,0,0.040816327,0.013605442,3,4.5,13.5,3,9,0,20.47747469,7.484870061,63.546,2,52.13963205,13.95656817,92.90637,5,,,,125000,1100100011,10.1557/PROC-232-183
73.5,13.5,0,0,9,0,0,1,0,0,0,0,0,0,3,0,0,0,0,838,1800,,,0,0,18,13.5,9,0,1,3,0.183673469,0.12244898,0,0.040816327,0.013605442,3,4.5,13.5,3,9,0,20.47747469,7.484870061,63.546,2,52.13963205,13.95656817,92.90637,5,,,,167000,1100100011,10.1557/PROC-232-183
73.5,13.5,0,0,9,0,0,0,0,1,0,0,0,0,0,0,0,3,0,778,3600,,,0,0,,13.5,9,0,1,3,0.183673469,0.12244898,0,0.040816327,0.013605442,3,4.5,13.5,3,9,0,35.38507627,10.77821289,196.966569,3,53.73563411,14.23994304,180.94788,5,,,,147.7136,1100100011,10.2320/matertrans1989.30.947
73.5,13.5,0,0,9,0,0,0,0,1,0,0,0,0,0,3,0,0,0,774,3600,,,0,0,,13.5,9,0,1,3,0.183673469,0.12244898,0,0.040816327,0.013605442,3,4.5,13.5,3,9,0,35.38507627,10.77821289,196.966569,3,46.0715893,12.85154859,95.95,6,,,,1304.1838,1100100011,10.2320/matertrans1989.30.947
73.5,13.5,0,0,9,0,0,0,0,1,0,0,0,0,3,0,0,0,0,828,3600,,,0,0,,13.5,9,0,1,3,0.183673469,0.12244898,0,0.040816327,0.013605442,3,4.5,13.5,3,9,0,35.38507627,10.77821289,196.966569,3,52.13963205,13.95656817,92.90637,5,,,,6628.4932,1100100011,10.2320/matertrans1989.30.947
84,0,0,0,8,0,0,1,0,0,0,0,0,0,7,0,0,0,0,1020,3600,688,1019,0,0,20,0,8,0,1,7,0,0.095238095,0,0.083333333,0.011904762,7,0,0,1.142857143,8,0,20.47747469,7.484870061,63.546,2,52.13963205,13.95656817,92.90637,5,,332,1,87.58909926,1000100011,http://iopscience.iop.org/article/10.1143/JJAP.30.L1729/meta
84,0,0,0,8,0,0,1,0,0,0,0,0,0,7,0,0,0,0,573,3600,688,1019,0,0,20,0,8,0,1,7,0,0.095238095,0,0.083333333,0.011904762,7,0,0,1.142857143,8,0,20.47747469,7.484870061,63.546,2,52.13963205,13.95656817,92.90637,5,,-115,-446,144.3709981,1000100011,http://iopscience.iop.org/article/10.1143/JJAP.30.L1729/meta
82,0,0,0,10,0,0,1,0,0,7,0,0,0,0,0,0,0,0,973,3600,688,975,0,0,20,0,10,0,1,7,0,0.12195122,0,0.085365854,0.012195122,7,0,0,1.428571429,10,0,20.47747469,7.484870061,63.546,2,36.61933005,11.02741189,47.867,4,,285,-2,236.878894,1000100011,http://iopscience.iop.org/article/10.1143/JJAP.30.L1729/meta
82,0,0,0,10,0,0,1,0,0,0,0,0,0,0,0,0,7,0,973,3600,720,1016,0,0,20,0,10,0,1,7,0,0.12195122,0,0.085365854,0.012195122,7,0,0,1.428571429,10,0,20.47747469,7.484870061,63.546,2,53.73563411,14.23994304,180.94788,5,,253,-43,460.985358,1000100011,http://iopscience.iop.org/article/10.1143/JJAP.30.L1729/meta
84,0,0,0,8,0,0,1,0,0,0,0,0,0,7,0,0,0,0,673,3600,688,1019,0,0,20,0,8,0,1,7,0,0.095238095,0,0.083333333,0.011904762,7,0,0,1.142857143,8,0,20.47747469,7.484870061,63.546,2,52.13963205,13.95656817,92.90637,5,,-15,-346,536.4940198,1000100011,http://iopscience.iop.org/article/10.1143/JJAP.30.L1729/meta
84,0,0,0,8,0,0,1,0,0,0,0,0,0,7,0,0,0,0,623,3600,688,1019,0,0,20,0,8,0,1,7,0,0.095238095,0,0.083333333,0.011904762,7,0,0,1.142857143,8,0,20.47747469,7.484870061,63.546,2,52.13963205,13.95656817,92.90637,5,,-65,-396,640.0476347,1000100011,http://iopscience.iop.org/article/10.1143/JJAP.30.L1729/meta
82,0,0,0,10,0,0,1,0,0,0,0,0,0,0,0,0,7,0,573,3600,720,1016,0,0,20,0,10,0,1,7,0,0.12195122,0,0.085365854,0.012195122,7,0,0,1.428571429,10,0,20.47747469,7.484870061,63.546,2,53.73563411,14.23994304,180.94788,5,,-147,-443,3186.085846,1000100011,http://iopscience.iop.org/article/10.1143/JJAP.30.L1729/meta
82,0,0,0,10,0,0,1,0,0,7,0,0,0,0,0,0,0,0,673,3600,688,975,0,0,20,0,10,0,1,7,0,0.12195122,0,0.085365854,0.012195122,7,0,0,1.428571429,10,0,20.47747469,7.484870061,63.546,2,36.61933005,11.02741189,47.867,4,,-15,-302,3762.189123,1000100011,http://iopscience.iop.org/article/10.1143/JJAP.30.L1729/meta
82,0,0,0,10,0,0,1,0,0,0,0,0,0,0,0,0,7,0,623,3600,720,1016,0,0,20,0,10,0,1,7,0,0.12195122,0,0.085365854,0.012195122,7,0,0,1.428571429,10,0,20.47747469,7.484870061,63.546,2,53.73563411,14.23994304,180.94788,5,,-97,-393,5064.030652,1000100011,http://iopscience.iop.org/article/10.1143/JJAP.30.L1729/meta
82,0,0,0,10,0,0,1,0,0,7,0,0,0,0,0,0,0,0,573,3600,688,975,0,0,20,0,10,0,1,7,0,0.12195122,0,0.085365854,0.012195122,7,0,0,1.428571429,10,0,20.47747469,7.484870061,63.546,2,36.61933005,11.02741189,47.867,4,,-115,-402,5858.804646,1000100011,http://iopscience.iop.org/article/10.1143/JJAP.30.L1729/meta
82,0,0,0,10,0,0,1,0,0,0,0,0,0,0,0,0,7,0,673,3600,720,1016,0,0,20,0,10,0,1,7,0,0.12195122,0,0.085365854,0.012195122,7,0,0,1.428571429,10,0,20.47747469,7.484870061,63.546,2,53.73563411,14.23994304,180.94788,5,,-47,-343,6434.907924,1000100011,http://iopscience.iop.org/article/10.1143/JJAP.30.L1729/meta
82,0,0,0,10,0,0,1,0,0,0,0,0,0,0,0,0,7,0,723,3600,720,1016,0,0,20,0,10,0,1,7,0,0.12195122,0,0.085365854,0.012195122,7,0,0,1.428571429,10,0,20.47747469,7.484870061,63.546,2,53.73563411,14.23994304,180.94788,5,,3,-293,7759.876426,1000100011,http://iopscience.iop.org/article/10.1143/JJAP.30.L1729/meta
82,0,0,0,10,0,0,1,0,0,7,0,0,0,0,0,0,0,0,623,3600,688,975,0,0,20,0,10,0,1,7,0,0.12195122,0,0.085365854,0.012195122,7,0,0,1.428571429,10,0,20.47747469,7.484870061,63.546,2,36.61933005,11.02741189,47.867,4,,-65,-352,7828.912169,1000100011,http://iopscience.iop.org/article/10.1143/JJAP.30.L1729/meta
82,0,0,0,10,0,0,1,0,0,7,0,0,0,0,0,0,0,0,923,3600,688,975,0,0,20,0,10,0,1,7,0,0.12195122,0,0.085365854,0.012195122,7,0,0,1.428571429,10,0,20.47747469,7.484870061,63.546,2,36.61933005,11.02741189,47.867,4,,235,-52,11000,1000100011,http://iopscience.iop.org/article/10.1143/JJAP.30.L1729/meta
82,0,0,0,10,0,0,1,0,0,0,0,0,0,0,0,0,7,0,923,3600,720,1016,0,0,20,0,10,0,1,7,0,0.12195122,0,0.085365854,0.012195122,7,0,0,1.428571429,10,0,20.47747469,7.484870061,63.546,2,53.73563411,14.23994304,180.94788,5,,203,-93,11000,1000100011,http://iopscience.iop.org/article/10.1143/JJAP.30.L1729/meta
82,0,0,0,10,0,0,1,0,0,0,0,0,0,0,0,0,7,0,773,3600,720,1016,0,0,20,0,10,0,1,7,0,0.12195122,0,0.085365854,0.012195122,7,0,0,1.428571429,10,0,20.47747469,7.484870061,63.546,2,53.73563411,14.23994304,180.94788,5,,53,-243,11296.75014,1000100011,http://iopscience.iop.org/article/10.1143/JJAP.30.L1729/meta
82,0,0,0,10,0,0,1,0,0,0,0,0,0,0,0,0,7,0,823,3600,720,1016,0,0,20,0,10,0,1,7,0,0.12195122,0,0.085365854,0.012195122,7,0,0,1.428571429,10,0,20.47747469,7.484870061,63.546,2,53.73563411,14.23994304,180.94788,5,,103,-193,11515.59345,1000100011,http://iopscience.iop.org/article/10.1143/JJAP.30.L1729/meta
82,0,0,0,10,0,0,1,0,0,0,0,0,0,0,0,0,7,0,873,3600,720,1016,0,0,20,0,10,0,1,7,0,0.12195122,0,0.085365854,0.012195122,7,0,0,1.428571429,10,0,20.47747469,7.484870061,63.546,2,53.73563411,14.23994304,180.94788,5,,153,-143,12103.08762,1000100011,http://iopscience.iop.org/article/10.1143/JJAP.30.L1729/meta
84,0,0,0,8,0,0,1,0,0,0,0,0,0,7,0,0,0,0,723,3600,688,1019,0,0,20,0,8,0,1,7,0,0.095238095,0,0.083333333,0.011904762,7,0,0,1.142857143,8,0,20.47747469,7.484870061,63.546,2,52.13963205,13.95656817,92.90637,5,,35,-296,12183.85944,1000100011,http://iopscience.iop.org/article/10.1143/JJAP.30.L1729/meta
84,0,0,0,8,0,0,1,0,0,0,0,0,0,7,0,0,0,0,973,3600,688,1019,0,0,20,0,8,0,1,7,0,0.095238095,0,0.083333333,0.011904762,7,0,0,1.142857143,8,0,20.47747469,7.484870061,63.546,2,52.13963205,13.95656817,92.90637,5,,285,-46,13000,1000100011,http://iopscience.iop.org/article/10.1143/JJAP.30.L1729/meta
84,0,0,0,8,0,0,1,0,0,0,0,0,0,7,0,0,0,0,773,3600,688,1019,0,0,20,0,8,0,1,7,0,0.095238095,0,0.083333333,0.011904762,7,0,0,1.142857143,8,0,20.47747469,7.484870061,63.546,2,52.13963205,13.95656817,92.90637,5,,85,-246,13147.34886,1000100011,http://iopscience.iop.org/article/10.1143/JJAP.30.L1729/meta
82,0,0,0,10,0,0,1,0,0,7,0,0,0,0,0,0,0,0,873,3600,688,975,0,0,20,0,10,0,1,7,0,0.12195122,0,0.085365854,0.012195122,7,0,0,1.428571429,10,0,20.47747469,7.484870061,63.546,2,36.61933005,11.02741189,47.867,4,,185,-102,14131,1000100011,http://iopscience.iop.org/article/10.1143/JJAP.30.L1729/meta
84,0,0,0,8,0,0,1,0,0,0,0,0,0,7,0,0,0,0,923,3600,688,1019,0,0,20,0,8,0,1,7,0,0.095238095,0,0.083333333,0.011904762,7,0,0,1.142857143,8,0,20.47747469,7.484870061,63.546,2,52.13963205,13.95656817,92.90637,5,,235,-96,14269.08407,1000100011,http://iopscience.iop.org/article/10.1143/JJAP.30.L1729/meta
84,0,0,0,8,0,0,1,0,0,0,0,0,0,7,0,0,0,0,873,3600,688,1019,0,0,20,0,8,0,1,7,0,0.095238095,0,0.083333333,0.011904762,7,0,0,1.142857143,8,0,20.47747469,7.484870061,63.546,2,52.13963205,13.95656817,92.90637,5,,185,-146,14272.64281,1000100011,http://iopscience.iop.org/article/10.1143/JJAP.30.L1729/meta
84,0,0,0,8,0,0,1,0,0,0,0,0,0,7,0,0,0,0,823,3600,688,1019,0,0,20,0,8,0,1,7,0,0.095238095,0,0.083333333,0.011904762,7,0,0,1.142857143,8,0,20.47747469,7.484870061,63.546,2,52.13963205,13.95656817,92.90637,5,,135,-196,16000,1000100011,http://iopscience.iop.org/article/10.1143/JJAP.30.L1729/meta
82,0,0,0,10,0,0,1,0,0,7,0,0,0,0,0,0,0,0,823,3600,688,975,0,0,20,0,10,0,1,7,0,0.12195122,0,0.085365854,0.012195122,7,0,0,1.428571429,10,0,20.47747469,7.484870061,63.546,2,36.61933005,11.02741189,47.867,4,,135,-152,16446,1000100011,http://iopscience.iop.org/article/10.1143/JJAP.30.L1729/meta
82,0,0,0,10,0,0,1,0,0,7,0,0,0,0,0,0,0,0,773,3600,688,975,0,0,20,0,10,0,1,7,0,0.12195122,0,0.085365854,0.012195122,7,0,0,1.428571429,10,0,20.47747469,7.484870061,63.546,2,36.61933005,11.02741189,47.867,4,,85,-202,18716,1000100011,http://iopscience.iop.org/article/10.1143/JJAP.30.L1729/meta
82,0,0,0,10,0,0,1,0,0,7,0,0,0,0,0,0,0,0,723,3600,688,975,0,0,20,0,10,0,1,7,0,0.12195122,0,0.085365854,0.012195122,7,0,0,1.428571429,10,0,20.47747469,7.484870061,63.546,2,36.61933005,11.02741189,47.867,4,,35,-252,20000,1000100011,http://iopscience.iop.org/article/10.1143/JJAP.30.L1729/meta
78,0.5,9,0,0,9,3,0.5,0,0,0,0,0,0,0,0,0,0,0,623,18000,,,0,0,,9.5,9,3,0.5,0,0.121794872,0.115384615,0.038461538,0,0.006410256,0,,19,,18,6,20.47747469,7.484870061,63.546,2,0,0,0,0,,,,1644.2,1110010110,https://aip.scitation.org/doi/abs/10.1063/1.350008
71.5,13.5,0,2,9,0,0,1,0,0,0,0,0,0,3,0,0,0,0,793,3600,,,0,0,20,15.5,9,0,1,3,0.216783217,0.125874126,0,0.041958042,0.013986014,3,5.166666667,15.5,3,9,0,20.47747469,7.484870061,63.546,2,52.13963205,13.95656817,92.90637,5,,,,92195.12195,1101100011,https://doi.org/10.1016/S0304-8853(00)00132-3
69.5,13.5,0,4,9,0,0,1,0,0,0,0,0,0,3,0,0,0,0,793,3600,,,0,0,20,17.5,9,0,1,3,0.251798561,0.129496403,0,0.043165468,0.014388489,3,5.833333333,17.5,3,9,0,20.47747469,7.484870061,63.546,2,52.13963205,13.95656817,92.90637,5,,,,94057.64967,1101100011,https://doi.org/10.1016/S0304-8853(00)00132-3
67.5,13.5,0,6,9,0,0,1,0,0,0,0,0,0,3,0,0,0,0,793,3600,,,0,0,20,19.5,9,0,1,3,0.288888889,0.133333333,0,0.044444444,0.014814815,3,6.5,19.5,3,9,0,20.47747469,7.484870061,63.546,2,52.13963205,13.95656817,92.90637,5,,,,106031.0421,1101100011,https://doi.org/10.1016/S0304-8853(00)00132-3
73.5,13.5,0,0,9,0,0,1,0,0,0,0,0,0,3,0,0,0,0,813,3600,,,0,0,20,13.5,9,0,1,3,0.183673469,0.12244898,0,0.040816327,0.013605442,3,4.5,13.5,3,9,0,20.47747469,7.484870061,63.546,2,52.13963205,13.95656817,92.90637,5,,,,119334.8115,1100100011,https://doi.org/10.1016/S0304-8853(00)00132-3
85,0,0,0,9,0,0,0,0,0,0,0,0,0,0,0,0,0,6,835,3600,727,797,0,0,45,0,9,0,0,6,0,0.105882353,0,0.070588235,0,,0,,1.5,,,0,0,0,0,48.28856707,13.26059096,183.84,6,,108,38,25.66295979,1000100001,https://doi.org/10.1016/S0921-5107(01)00934-5
79,0,0,0,9,0,0,0,0,0,0,0,0,0,0,0,0,0,12,507,3600,760,829,0,0,45,0,9,0,0,12,0,0.113924051,0,0.151898734,0,,0,,0.75,,,0,0,0,0,48.28856707,13.26059096,183.84,6,,-253,-322,266.2532079,1000100001,https://doi.org/10.1016/S0921-5107(01)00934-5
85,0,0,0,9,0,0,0,0,0,0,0,0,0,0,0,0,0,6,450,3600,727,797,0,0,45,0,9,0,0,6,0,0.105882353,0,0.070588235,0,,0,,1.5,,,0,0,0,0,48.28856707,13.26059096,183.84,6,,-277,-347,977.3310522,1000100001,https://doi.org/10.1016/S0921-5107(01)00934-5
85,0,0,0,9,0,0,0,0,0,0,0,0,0,0,0,0,0,6,504,3600,727,797,0,0,45,0,9,0,0,6,0,0.105882353,0,0.070588235,0,,0,,1.5,,,0,0,0,0,48.28856707,13.26059096,183.84,6,,-223,-293,2911.142002,1000100001,https://doi.org/10.1016/S0921-5107(01)00934-5
79,0,0,0,9,0,0,0,0,0,0,0,0,0,0,0,0,0,12,593,3600,760,829,0,0,45,0,9,0,0,12,0,0.113924051,0,0.151898734,0,,0,,0.75,,,0,0,0,0,48.28856707,13.26059096,183.84,6,,-167,-236,5175.898204,1000100001,https://doi.org/10.1016/S0921-5107(01)00934-5
85,0,0,0,9,0,0,0,0,0,0,0,0,0,0,0,0,0,6,592,3600,727,797,0,0,45,0,9,0,0,6,0,0.105882353,0,0.070588235,0,,0,,1.5,,,0,0,0,0,48.28856707,13.26059096,183.84,6,,-135,-205,6785.714286,1000100001,https://doi.org/10.1016/S0921-5107(01)00934-5
85,0,0,0,9,0,0,0,0,0,0,0,0,0,0,0,0,0,6,660,3600,727,797,0,0,45,0,9,0,0,6,0,0.105882353,0,0.070588235,0,,0,,1.5,,,0,0,0,0,48.28856707,13.26059096,183.84,6,,-67,-137,9518.284859,1000100001,https://doi.org/10.1016/S0921-5107(01)00934-5
79,0,0,0,9,0,0,0,0,0,0,0,0,0,0,0,0,0,12,657,3600,760,829,0,0,45,0,9,0,0,12,0,0.113924051,0,0.151898734,0,,0,,0.75,,,0,0,0,0,48.28856707,13.26059096,183.84,6,,-103,-172,10668.84089,1000100001,https://doi.org/10.1016/S0921-5107(01)00934-5
85,0,0,0,9,0,0,0,0,0,0,0,0,0,0,0,0,0,6,760,3600,727,797,0,0,45,0,9,0,0,6,0,0.105882353,0,0.070588235,0,,0,,1.5,,,0,0,0,0,48.28856707,13.26059096,183.84,6,,33,-37,18330.30368,1000100001,https://doi.org/10.1016/S0921-5107(01)00934-5
85,0,0,0,9,0,0,0,0,0,0,0,0,0,0,0,0,0,6,798,3600,727,797,0,0,45,0,9,0,0,6,0,0.105882353,0,0.070588235,0,,0,,1.5,,,0,0,0,0,48.28856707,13.26059096,183.84,6,,71,1,20155.04705,1000100001,https://doi.org/10.1016/S0921-5107(01)00934-5
79,0,0,0,9,0,0,0,0,0,0,0,0,0,0,0,0,0,12,763,3600,760,829,0,0,45,0,9,0,0,12,0,0.113924051,0,0.151898734,0,,0,,0.75,,,0,0,0,0,48.28856707,13.26059096,183.84,6,,3,-66,20398.31052,1000100001,https://doi.org/10.1016/S0921-5107(01)00934-5
79,0,0,0,9,0,0,0,0,0,0,0,0,0,0,0,0,0,12,797,3600,760,829,0,0,45,0,9,0,0,12,0,0.113924051,0,0.151898734,0,,0,,0.75,,,0,0,0,0,48.28856707,13.26059096,183.84,6,,37,-32,26017.42943,1000100001,https://doi.org/10.1016/S0921-5107(01)00934-5
79,0,0,0,9,0,0,0,0,0,0,0,0,0,0,0,0,0,12,831,3600,760,829,0,0,45,0,9,0,0,12,0,0.113924051,0,0.151898734,0,,0,,0.75,,,0,0,0,0,48.28856707,13.26059096,183.84,6,,71,2,31061.80496,1000100001,https://doi.org/10.1016/S0921-5107(01)00934-5
79,0,0,0,9,0,0,0,0,0,0,0,0,0,0,0,0,0,12,864,3600,760,829,0,0,45,0,9,0,0,12,0,0.113924051,0,0.151898734,0,,0,,0.75,,,0,0,0,0,48.28856707,13.26059096,183.84,6,,104,35,31738.66553,1000100001,https://doi.org/10.1016/S0921-5107(01)00934-5
76,0,0,0,22,0,0,0,0,0,0,0,2,0,0,0,0,0,0,623,3600,,,0,0,25,0,22,0,0,2,0,0.289473684,0,0.026315789,0,,0,,11,,,0,0,0,0,30.72533702,9.80989676,51.9961,6,,,,390.9465021,1000100001,https://doi.org/10.1016/S0928-4931(02)00234-5
78,0,0,0,22,0,0,0,0,0,0,0,0,0,0,0,0,0,0,623,3600,,,0,0,25,0,22,0,0,0,0,0.282051282,0,0,0,,,,,,,0,0,0,0,0,0,0,0,,,,445.8161866,1000100000,https://doi.org/10.1016/S0928-4931(02)00234-5
76,0,0,0,22,0,0,0,0,0,0,0,0,2,0,0,0,0,0,723,3600,,,0,0,25,0,22,0,0,2,0,0.289473684,0,0.026315789,0,,0,,11,,,0,0,0,0,58.71837826,15.10715557,91.224,4,,,,500.6858711,1000100001,https://doi.org/10.1016/S0928-4931(02)00234-5
76,0,0,0,22,0,0,0,0,0,0,0,0,2,0,0,0,0,0,698,3600,,,0,0,25,0,22,0,0,2,0,0.289473684,0,0.026315789,0,,0,,11,,,0,0,0,0,58.71837826,15.10715557,91.224,4,,,,4231.824417,1000100001,https://doi.org/10.1016/S0928-4931(02)00234-5
78,0,0,0,22,0,0,0,0,0,0,0,0,0,0,0,0,0,0,323,3600,,,0,0,25,0,22,0,0,0,0,0.282051282,0,0,0,,,,,,,0,0,0,0,0,0,0,0,,,,5438.957476,1000100000,https://doi.org/10.1016/S0928-4931(02)00234-5
76,0,0,0,22,0,0,0,0,0,0,0,0,2,0,0,0,0,0,348,3600,,,0,0,25,0,22,0,0,2,0,0.289473684,0,0.026315789,0,,0,,11,,,0,0,0,0,58.71837826,15.10715557,91.224,4,,,,6152.263374,1000100001,https://doi.org/10.1016/S0928-4931(02)00234-5
78,0,0,0,22,0,0,0,0,0,0,0,0,0,0,0,0,0,0,423,3600,,,0,0,25,0,22,0,0,0,0,0.282051282,0,0,0,,,,,,,0,0,0,0,0,0,0,0,,,,6152.263374,1000100000,https://doi.org/10.1016/S0928-4931(02)00234-5
78,0,0,0,22,0,0,0,0,0,0,0,0,0,0,0,0,0,0,373,3600,,,0,0,25,0,22,0,0,0,0,0.282051282,0,0,0,,,,,,,0,0,0,0,0,0,0,0,,,,6262.002743,1000100000,https://doi.org/10.1016/S0928-4931(02)00234-5
76,0,0,0,22,0,0,0,0,0,0,0,0,2,0,0,0,0,0,373,3600,,,0,0,25,0,22,0,0,2,0,0.289473684,0,0.026315789,0,,0,,11,,,0,0,0,0,58.71837826,15.10715557,91.224,4,,,,6262.002743,1000100001,https://doi.org/10.1016/S0928-4931(02)00234-5
76,0,0,0,22,0,0,0,0,0,0,0,0,0,2,0,0,0,0,323,3600,,,0,0,25,0,22,0,0,2,0,0.289473684,0,0.026315789,0,,0,,11,,,0,0,0,0,52.13963205,13.95656817,92.90637,5,,,,6316.872428,1000100001,https://doi.org/10.1016/S0928-4931(02)00234-5
78,0,0,0,22,0,0,0,0,0,0,0,0,0,0,0,0,0,0,348,3600,,,0,0,25,0,22,0,0,0,0,0.282051282,0,0,0,,,,,,,0,0,0,0,0,0,0,0,,,,6371.742112,1000100000,https://doi.org/10.1016/S0928-4931(02)00234-5
76,0,0,0,22,0,0,0,0,0,0,0,0,2,0,0,0,0,0,323,3600,,,0,0,25,0,22,0,0,2,0,0.289473684,0,0.026315789,0,,0,,11,,,0,0,0,0,58.71837826,15.10715557,91.224,4,,,,6481.481481,1000100001,https://doi.org/10.1016/S0928-4931(02)00234-5
76,0,0,0,22,0,0,0,0,0,0,0,0,0,2,0,0,0,0,448,3600,,,0,0,25,0,22,0,0,2,0,0.289473684,0,0.026315789,0,,0,,11,,,0,0,0,0,52.13963205,13.95656817,92.90637,5,,,,6481.481481,1000100001,https://doi.org/10.1016/S0928-4931(02)00234-5
76,0,0,0,22,0,0,0,0,0,0,0,0,0,2,0,0,0,0,348,3600,,,0,0,25,0,22,0,0,2,0,0.289473684,0,0.026315789,0,,0,,11,,,0,0,0,0,52.13963205,13.95656817,92.90637,5,,,,6591.22085,1000100001,https://doi.org/10.1016/S0928-4931(02)00234-5
76,0,0,0,22,0,0,0,0,0,0,0,0,2,0,0,0,0,0,448,3600,,,0,0,25,0,22,0,0,2,0,0.289473684,0,0.026315789,0,,0,,11,,,0,0,0,0,58.71837826,15.10715557,91.224,4,,,,6646.090535,1000100001,https://doi.org/10.1016/S0928-4931(02)00234-5
78,0,0,0,22,0,0,0,0,0,0,0,0,0,0,0,0,0,0,473,3600,,,0,0,25,0,22,0,0,0,0,0.282051282,0,0,0,,,,,,,0,0,0,0,0,0,0,0,,,,7030.178326,1000100000,https://doi.org/10.1016/S0928-4931(02)00234-5
76,0,0,0,22,0,0,0,0,0,0,0,0,0,2,0,0,0,0,573,3600,,,0,0,25,0,22,0,0,2,0,0.289473684,0,0.026315789,0,,0,,11,,,0,0,0,0,52.13963205,13.95656817,92.90637,5,,,,7030.178326,1000100001,https://doi.org/10.1016/S0928-4931(02)00234-5
76,0,0,0,22,0,0,0,0,0,0,0,0,0,2,0,0,0,0,398,3600,,,0,0,25,0,22,0,0,2,0,0.289473684,0,0.026315789,0,,0,,11,,,0,0,0,0,52.13963205,13.95656817,92.90637,5,,,,7085.048011,1000100001,https://doi.org/10.1016/S0928-4931(02)00234-5
76,0,0,0,22,0,0,0,0,0,0,0,0,0,2,0,0,0,0,498,3600,,,0,0,25,0,22,0,0,2,0,0.289473684,0,0.026315789,0,,0,,11,,,0,0,0,0,52.13963205,13.95656817,92.90637,5,,,,7194.78738,1000100001,https://doi.org/10.1016/S0928-4931(02)00234-5
76,0,0,0,22,0,0,0,0,0,0,0,0,0,2,0,0,0,0,548,3600,,,0,0,25,0,22,0,0,2,0,0.289473684,0,0.026315789,0,,0,,11,,,0,0,0,0,52.13963205,13.95656817,92.90637,5,,,,7194.78738,1000100001,https://doi.org/10.1016/S0928-4931(02)00234-5
76,0,0,0,22,0,0,0,0,0,0,0,0,0,2,0,0,0,0,373,3600,,,0,0,25,0,22,0,0,2,0,0.289473684,0,0.026315789,0,,0,,11,,,0,0,0,0,52.13963205,13.95656817,92.90637,5,,,,7469.135802,1000100001,https://doi.org/10.1016/S0928-4931(02)00234-5
76,0,0,0,22,0,0,0,0,0,0,0,0,2,0,0,0,0,0,398,3600,,,0,0,25,0,22,0,0,2,0,0.289473684,0,0.026315789,0,,0,,11,,,0,0,0,0,58.71837826,15.10715557,91.224,4,,,,7524.005487,1000100001,https://doi.org/10.1016/S0928-4931(02)00234-5
76,0,0,0,22,0,0,0,0,0,0,0,0,0,2,0,0,0,0,423,3600,,,0,0,25,0,22,0,0,2,0,0.289473684,0,0.026315789,0,,0,,11,,,0,0,0,0,52.13963205,13.95656817,92.90637,5,,,,7524.005487,1000100001,https://doi.org/10.1016/S0928-4931(02)00234-5
76,0,0,0,22,0,0,0,0,0,0,0,0,0,2,0,0,0,0,473,3600,,,0,0,25,0,22,0,0,2,0,0.289473684,0,0.026315789,0,,0,,11,,,0,0,0,0,52.13963205,13.95656817,92.90637,5,,,,7688.61454,1000100001,https://doi.org/10.1016/S0928-4931(02)00234-5
78,0,0,0,22,0,0,0,0,0,0,0,0,0,0,0,0,0,0,398,3600,,,0,0,25,0,22,0,0,0,0,0.282051282,0,0,0,,,,,,,0,0,0,0,0,0,0,0,,,,7743.484225,1000100000,https://doi.org/10.1016/S0928-4931(02)00234-5
78,0,0,0,22,0,0,0,0,0,0,0,0,0,0,0,0,0,0,498,3600,,,0,0,25,0,22,0,0,0,0,0.282051282,0,0,0,,,,,,,0,0,0,0,0,0,0,0,,,,7798.353909,1000100000,https://doi.org/10.1016/S0928-4931(02)00234-5
76,0,0,0,22,0,0,0,0,0,0,0,0,0,2,0,0,0,0,523,3600,,,0,0,25,0,22,0,0,2,0,0.289473684,0,0.026315789,0,,0,,11,,,0,0,0,0,52.13963205,13.95656817,92.90637,5,,,,7962.962963,1000100001,https://doi.org/10.1016/S0928-4931(02)00234-5
76,0,0,0,22,0,0,0,0,0,0,0,0,2,0,0,0,0,0,423,3600,,,0,0,25,0,22,0,0,2,0,0.289473684,0,0.026315789,0,,0,,11,,,0,0,0,0,58.71837826,15.10715557,91.224,4,,,,8017.832647,1000100001,https://doi.org/10.1016/S0928-4931(02)00234-5
76,0,0,0,22,0,0,0,0,0,0,0,0,2,0,0,0,0,0,473,3600,,,0,0,25,0,22,0,0,2,0,0.289473684,0,0.026315789,0,,0,,11,,,0,0,0,0,58.71837826,15.10715557,91.224,4,,,,8182.441701,1000100001,https://doi.org/10.1016/S0928-4931(02)00234-5
78,0,0,0,22,0,0,0,0,0,0,0,0,0,0,0,0,0,0,523,3600,,,0,0,25,0,22,0,0,0,0,0.282051282,0,0,0,,,,,,,0,0,0,0,0,0,0,0,,,,8237.311385,1000100000,https://doi.org/10.1016/S0928-4931(02)00234-5
76,0,0,0,22,0,0,0,0,0,0,0,0,0,2,0,0,0,0,598,3600,,,0,0,25,0,22,0,0,2,0,0.289473684,0,0.026315789,0,,0,,11,,,0,0,0,0,52.13963205,13.95656817,92.90637,5,,,,8621.399177,1000100001,https://doi.org/10.1016/S0928-4931(02)00234-5
76,0,0,0,22,0,0,0,0,0,0,0,0,2,0,0,0,0,0,498,3600,,,0,0,25,0,22,0,0,2,0,0.289473684,0,0.026315789,0,,0,,11,,,0,0,0,0,58.71837826,15.10715557,91.224,4,,,,8731.138546,1000100001,https://doi.org/10.1016/S0928-4931(02)00234-5
76,0,0,0,22,0,0,0,0,0,0,0,0,0,2,0,0,0,0,623,3600,,,0,0,25,0,22,0,0,2,0,0.289473684,0,0.026315789,0,,0,,11,,,0,0,0,0,52.13963205,13.95656817,92.90637,5,,,,9279.835391,1000100001,https://doi.org/10.1016/S0928-4931(02)00234-5
78,0,0,0,22,0,0,0,0,0,0,0,0,0,0,0,0,0,0,448,3600,,,0,0,25,0,22,0,0,0,0,0.282051282,0,0,0,,,,,,,0,0,0,0,0,0,0,0,,,,9828.532236,1000100000,https://doi.org/10.1016/S0928-4931(02)00234-5
78,0,0,0,22,0,0,0,0,0,0,0,0,0,0,0,0,0,0,548,3600,,,0,0,25,0,22,0,0,0,0,0.282051282,0,0,0,,,,,,,0,0,0,0,0,0,0,0,,,,9883.40192,1000100000,https://doi.org/10.1016/S0928-4931(02)00234-5
76,0,0,0,22,0,0,0,0,0,0,0,2,0,0,0,0,0,0,323,3600,,,0,0,25,0,22,0,0,2,0,0.289473684,0,0.026315789,0,,0,,11,,,0,0,0,0,30.72533702,9.80989676,51.9961,6,,,,10157.75034,1000100001,https://doi.org/10.1016/S0928-4931(02)00234-5
76,0,0,0,22,0,0,0,0,0,0,0,0,2,0,0,0,0,0,523,3600,,,0,0,25,0,22,0,0,2,0,0.289473684,0,0.026315789,0,,0,,11,,,0,0,0,0,58.71837826,15.10715557,91.224,4,,,,10267.48971,1000100001,https://doi.org/10.1016/S0928-4931(02)00234-5
78,0,0,0,22,0,0,0,0,0,0,0,0,0,0,0,0,0,0,608,3600,,,0,0,25,0,22,0,0,0,0,0.282051282,0,0,0,,,,,,,0,0,0,0,0,0,0,0,,,,10706.44719,1000100000,https://doi.org/10.1016/S0928-4931(02)00234-5
76,0,0,0,22,0,0,0,0,0,0,0,2,0,0,0,0,0,0,348,3600,,,0,0,25,0,22,0,0,2,0,0.289473684,0,0.026315789,0,,0,,11,,,0,0,0,0,30.72533702,9.80989676,51.9961,6,,,,10816.18656,1000100001,https://doi.org/10.1016/S0928-4931(02)00234-5
76,0,0,0,22,0,0,0,0,0,0,0,0,2,0,0,0,0,0,548,3600,,,0,0,25,0,22,0,0,2,0,0.289473684,0,0.026315789,0,,0,,11,,,0,0,0,0,58.71837826,15.10715557,91.224,4,,,,12407.40741,1000100001,https://doi.org/10.1016/S0928-4931(02)00234-5
76,0,0,0,22,0,0,0,0,0,0,0,2,0,0,0,0,0,0,423,3600,,,0,0,25,0,22,0,0,2,0,0.289473684,0,0.026315789,0,,0,,11,,,0,0,0,0,30.72533702,9.80989676,51.9961,6,,,,12791.4952,1000100001,https://doi.org/10.1016/S0928-4931(02)00234-5
76,0,0,0,22,0,0,0,0,0,0,0,2,0,0,0,0,0,0,373,3600,,,0,0,25,0,22,0,0,2,0,0.289473684,0,0.026315789,0,,0,,11,,,0,0,0,0,30.72533702,9.80989676,51.9961,6,,,,13010.97394,1000100001,https://doi.org/10.1016/S0928-4931(02)00234-5
76,0,0,0,22,0,0,0,0,0,0,0,2,0,0,0,0,0,0,398,3600,,,0,0,25,0,22,0,0,2,0,0.289473684,0,0.026315789,0,,0,,11,,,0,0,0,0,30.72533702,9.80989676,51.9961,6,,,,13065.84362,1000100001,https://doi.org/10.1016/S0928-4931(02)00234-5
76,0,0,0,22,0,0,0,0,0,0,0,0,0,2,0,0,0,0,648,3600,,,0,0,25,0,22,0,0,2,0,0.289473684,0,0.026315789,0,,0,,11,,,0,0,0,0,52.13963205,13.95656817,92.90637,5,,,,13614.54047,1000100001,https://doi.org/10.1016/S0928-4931(02)00234-5
76,0,0,0,22,0,0,0,0,0,0,0,2,0,0,0,0,0,0,473,3600,,,0,0,25,0,22,0,0,2,0,0.289473684,0,0.026315789,0,,0,,11,,,0,0,0,0,30.72533702,9.80989676,51.9961,6,,,,14327.84636,1000100001,https://doi.org/10.1016/S0928-4931(02)00234-5
76,0,0,0,22,0,0,0,0,0,0,0,0,0,2,0,0,0,0,773,3600,,,0,0,25,0,22,0,0,2,0,0.289473684,0,0.026315789,0,,0,,11,,,0,0,0,0,52.13963205,13.95656817,92.90637,5,,,,14437.58573,1000100001,https://doi.org/10.1016/S0928-4931(02)00234-5
76,0,0,0,22,0,0,0,0,0,0,0,2,0,0,0,0,0,0,448,3600,,,0,0,25,0,22,0,0,2,0,0.289473684,0,0.026315789,0,,0,,11,,,0,0,0,0,30.72533702,9.80989676,51.9961,6,,,,14657.06447,1000100001,https://doi.org/10.1016/S0928-4931(02)00234-5
78,0,0,0,22,0,0,0,0,0,0,0,0,0,0,0,0,0,0,573,3600,,,0,0,25,0,22,0,0,0,0,0.282051282,0,0,0,,,,,,,0,0,0,0,0,0,0,0,,,,14711.93416,1000100000,https://doi.org/10.1016/S0928-4931(02)00234-5
76,0,0,0,22,0,0,0,0,0,0,0,2,0,0,0,0,0,0,498,3600,,,0,0,25,0,22,0,0,2,0,0.289473684,0,0.026315789,0,,0,,11,,,0,0,0,0,30.72533702,9.80989676,51.9961,6,,,,14766.80384,1000100001,https://doi.org/10.1016/S0928-4931(02)00234-5
76,0,0,0,22,0,0,0,0,0,0,0,2,0,0,0,0,0,0,523,3600,,,0,0,25,0,22,0,0,2,0,0.289473684,0,0.026315789,0,,0,,11,,,0,0,0,0,30.72533702,9.80989676,51.9961,6,,,,16412.89438,1000100001,https://doi.org/10.1016/S0928-4931(02)00234-5
78,0,0,0,22,0,0,0,0,0,0,0,0,0,0,0,0,0,0,583,3600,,,0,0,25,0,22,0,0,0,0,0.282051282,0,0,0,,,,,,,0,0,0,0,0,0,0,0,,,,16577.50343,1000100000,https://doi.org/10.1016/S0928-4931(02)00234-5
76,0,0,0,22,0,0,0,0,0,0,0,0,2,0,0,0,0,0,573,3600,,,0,0,25,0,22,0,0,2,0,0.289473684,0,0.026315789,0,,0,,11,,,0,0,0,0,58.71837826,15.10715557,91.224,4,,,,17126.20027,1000100001,https://doi.org/10.1016/S0928-4931(02)00234-5
76,0,0,0,22,0,0,0,0,0,0,0,2,0,0,0,0,0,0,548,3600,,,0,0,25,0,22,0,0,2,0,0.289473684,0,0.026315789,0,,0,,11,,,0,0,0,0,30.72533702,9.80989676,51.9961,6,,,,18443.0727,1000100001,https://doi.org/10.1016/S0928-4931(02)00234-5
76,0,0,0,22,0,0,0,0,0,0,0,0,2,0,0,0,0,0,673,3600,,,0,0,25,0,22,0,0,2,0,0.289473684,0,0.026315789,0,,0,,11,,,0,0,0,0,58.71837826,15.10715557,91.224,4,,,,19869.6845,1000100001,https://doi.org/10.1016/S0928-4931(02)00234-5
78,0,0,0,22,0,0,0,0,0,0,0,0,0,0,0,0,0,0,598,3600,,,0,0,25,0,22,0,0,0,0,0.282051282,0,0,0,,,,,,,0,0,0,0,0,0,0,0,,,,20253.77229,1000100000,https://doi.org/10.1016/S0928-4931(02)00234-5
76,0,0,0,22,0,0,0,0,0,0,0,2,0,0,0,0,0,0,573,3600,,,0,0,25,0,22,0,0,2,0,0.289473684,0,0.026315789,0,,0,,11,,,0,0,0,0,30.72533702,9.80989676,51.9961,6,,,,21899.86283,1000100001,https://doi.org/10.1016/S0928-4931(02)00234-5
76,0,0,0,22,0,0,0,0,0,0,0,0,0,2,0,0,0,0,723,3600,,,0,0,25,0,22,0,0,2,0,0.289473684,0,0.026315789,0,,0,,11,,,0,0,0,0,52.13963205,13.95656817,92.90637,5,,,,22448.55967,1000100001,https://doi.org/10.1016/S0928-4931(02)00234-5
76,0,0,0,22,0,0,0,0,0,0,0,0,0,2,0,0,0,0,748,3600,,,0,0,25,0,22,0,0,2,0,0.289473684,0,0.026315789,0,,0,,11,,,0,0,0,0,52.13963205,13.95656817,92.90637,5,,,,23052.1262,1000100001,https://doi.org/10.1016/S0928-4931(02)00234-5
76,0,0,0,22,0,0,0,0,0,0,0,0,2,0,0,0,0,0,598,3600,,,0,0,25,0,22,0,0,2,0,0.289473684,0,0.026315789,0,,0,,11,,,0,0,0,0,58.71837826,15.10715557,91.224,4,,,,26728.39506,1000100001,https://doi.org/10.1016/S0928-4931(02)00234-5
76,0,0,0,22,0,0,0,0,0,0,0,0,0,2,0,0,0,0,673,3600,,,0,0,25,0,22,0,0,2,0,0.289473684,0,0.026315789,0,,0,,11,,,0,0,0,0,52.13963205,13.95656817,92.90637,5,,,,28813.44307,1000100001,https://doi.org/10.1016/S0928-4931(02)00234-5
76,0,0,0,22,0,0,0,0,0,0,0,0,2,0,0,0,0,0,623,3600,,,0,0,25,0,22,0,0,2,0,0.289473684,0,0.026315789,0,,0,,11,,,0,0,0,0,58.71837826,15.10715557,91.224,4,,,,30185.18519,1000100001,https://doi.org/10.1016/S0928-4931(02)00234-5
76,0,0,0,22,0,0,0,0,0,0,0,0,2,0,0,0,0,0,648,3600,,,0,0,25,0,22,0,0,2,0,0.289473684,0,0.026315789,0,,0,,11,,,0,0,0,0,58.71837826,15.10715557,91.224,4,,,,30843.6214,1000100001,https://doi.org/10.1016/S0928-4931(02)00234-5
76,0,0,0,22,0,0,0,0,0,0,0,0,0,2,0,0,0,0,698,3600,,,0,0,25,0,22,0,0,2,0,0.289473684,0,0.026315789,0,,0,,11,,,0,0,0,0,52.13963205,13.95656817,92.90637,5,,,,31886.1454,1000100001,https://doi.org/10.1016/S0928-4931(02)00234-5
76,0,0,0,22,0,0,0,0,0,0,0,2,0,0,0,0,0,0,598,3600,,,0,0,25,0,22,0,0,2,0,0.289473684,0,0.026315789,0,,0,,11,,,0,0,0,0,30.72533702,9.80989676,51.9961,6,,,,42969.82167,1000100001,https://doi.org/10.1016/S0928-4931(02)00234-5
85,0,0,0,8,0,0,0,0,0,0,0,0,1.2,5.8,0,0,0,0,923,300,,,0,0,25,0,8,0,0,7,0,0.094117647,0,0.082352941,0,,0,,1.142857143,,,0,0,0,0,53.26741711,14.15381173,92.61796371,4.828571429,,,,12000,1000100001,https://doi.org/10.1016/S1359-6454(01)00274-9
86,0,0,0,6,0,0,1,0,0,0,0,0,3.5,3.5,0,0,0,0,873,300,,,0,0,25,0,6,0,1,7,0,0.069767442,0,0.081395349,0.011627907,7,0,0,0.857142857,6,0,20.47747469,7.484870061,63.546,2,55.42900515,14.53186187,92.065185,4.5,,,,61000,1000100011,https://doi.org/10.1016/S1359-6454(01)00274-9
73.5,13.5,0,0,9,0,0,1,0,0,0,0,0,0,3,0,0,0,0,823,3600,758,,0,0,38,13.5,9,0,1,3,0.183673469,0.12244898,0,0.040816327,0.013605442,3,4.5,13.5,3,9,0,20.47747469,7.484870061,63.546,2,52.13963205,13.95656817,92.90637,5,,65,,15.92,1100100011,https://doi.org/10.1063/1.1565829
73.5,13.5,0,0,9,0,0,1,0,0,0,0,0,0,3,0,0,0,0,723,3600,758,,0,0,38,13.5,9,0,1,3,0.183673469,0.12244898,0,0.040816327,0.013605442,3,4.5,13.5,3,9,0,20.47747469,7.484870061,63.546,2,52.13963205,13.95656817,92.90637,5,,-35,,25.88,1100100011,https://doi.org/10.1063/1.1565829
73.5,13.5,0,0,9,0,0,1,0,0,0,0,0,0,3,0,0,0,0,923,3600,758,,0,0,38,13.5,9,0,1,3,0.183673469,0.12244898,0,0.040816327,0.013605442,3,4.5,13.5,3,9,0,20.47747469,7.484870061,63.546,2,52.13963205,13.95656817,92.90637,5,,165,,302.48,1100100011,https://doi.org/10.1063/1.1565829
73.5,13.5,0,0,9,0,0,1,0,0,0,0,0,0,3,0,0,0,0,1123,3600,758,,0,0,38,13.5,9,0,1,3,0.183673469,0.12244898,0,0.040816327,0.013605442,3,4.5,13.5,3,9,0,20.47747469,7.484870061,63.546,2,52.13963205,13.95656817,92.90637,5,,365,,1862.64,1100100011,https://doi.org/10.1063/1.1565829
73.5,13.5,0,0,9,0,0,1,0,0,0,0,0,0,3,0,0,0,0,883,3600,,,0,0,20,13.5,9,0,1,3,0.183673469,0.12244898,0,0.040816327,0.013605442,3,4.5,13.5,3,9,0,20.47747469,7.484870061,63.546,2,52.13963205,13.95656817,92.90637,5,,,,172.5091684,1100100011,https://doi.org/10.4028/www.scientific.net/MSF.307.51
73.5,13.5,0,0,9,0,0,1,0,0,0,0,0,0,3,0,0,0,0,903,3600,,,0,0,20,13.5,9,0,1,3,0.183673469,0.12244898,0,0.040816327,0.013605442,3,4.5,13.5,3,9,0,20.47747469,7.484870061,63.546,2,52.13963205,13.95656817,92.90637,5,,,,323.3010305,1100100011,https://doi.org/10.4028/www.scientific.net/MSF.307.51
73.5,13.5,0,0,9,0,0,1,0,0,0,0,0,0,3,0,0,0,0,893,3600,,,0,0,20,13.5,9,0,1,3,0.183673469,0.12244898,0,0.040816327,0.013605442,3,4.5,13.5,3,9,0,20.47747469,7.484870061,63.546,2,52.13963205,13.95656817,92.90637,5,,,,372.4722899,1100100011,https://doi.org/10.4028/www.scientific.net/MSF.307.51
74.5,13.5,0,0,9,0,0,0,0,0,0,0,0,0,3,0,0,0,0,823,3600,,,0,0,20,13.5,9,0,0,3,0.181208054,0.120805369,0,0.040268456,0,,4.5,,3,,,0,0,0,0,52.13963205,13.95656817,92.90637,5,,,,1007.671991,1100100001,https://doi.org/10.4028/www.scientific.net/MSF.307.51
73.5,13.5,0,0,9,0,0,1,0,0,0,0,0,0,3,0,0,0,0,873,3600,,,0,0,20,13.5,9,0,1,3,0.183673469,0.12244898,0,0.040816327,0.013605442,3,4.5,13.5,3,9,0,20.47747469,7.484870061,63.546,2,52.13963205,13.95656817,92.90637,5,,,,4234.055195,1100100011,https://doi.org/10.4028/www.scientific.net/MSF.307.51
73.5,13.5,0,0,9,0,0,1,0,0,0,0,0,0,3,0,0,0,0,743,3600,,,0,0,20,13.5,9,0,1,3,0.183673469,0.12244898,0,0.040816327,0.013605442,3,4.5,13.5,3,9,0,20.47747469,7.484870061,63.546,2,52.13963205,13.95656817,92.90637,5,,,,14165.01055,1100100011,https://doi.org/10.4028/www.scientific.net/MSF.307.51
73.5,13.5,0,0,9,0,0,1,0,0,0,0,0,0,3,0,0,0,0,773,3600,,,0,0,20,13.5,9,0,1,3,0.183673469,0.12244898,0,0.040816327,0.013605442,3,4.5,13.5,3,9,0,20.47747469,7.484870061,63.546,2,52.13963205,13.95656817,92.90637,5,,,,17023.49976,1100100011,https://doi.org/10.4028/www.scientific.net/MSF.307.51
73.5,13.5,0,0,9,0,0,1,0,0,0,0,0,0,3,0,0,0,0,723,3600,,,0,0,20,13.5,9,0,1,3,0.183673469,0.12244898,0,0.040816327,0.013605442,3,4.5,13.5,3,9,0,20.47747469,7.484870061,63.546,2,52.13963205,13.95656817,92.90637,5,,,,18028.2325,1100100011,https://doi.org/10.4028/www.scientific.net/MSF.307.51
73.5,13.5,0,0,9,0,0,1,0,0,0,0,0,0,3,0,0,0,0,863,3600,,,0,0,20,13.5,9,0,1,3,0.183673469,0.12244898,0,0.040816327,0.013605442,3,4.5,13.5,3,9,0,20.47747469,7.484870061,63.546,2,52.13963205,13.95656817,92.90637,5,,,,31620.80764,1100100011,https://doi.org/10.4028/www.scientific.net/MSF.307.51
73.5,13.5,0,0,9,0,0,1,0,0,0,0,0,0,3,0,0,0,0,803,3600,,,0,0,20,13.5,9,0,1,3,0.183673469,0.12244898,0,0.040816327,0.013605442,3,4.5,13.5,3,9,0,20.47747469,7.484870061,63.546,2,52.13963205,13.95656817,92.90637,5,,,,58504.37419,1100100011,https://doi.org/10.4028/www.scientific.net/MSF.307.51
74,13.5,0,0,9,0,0,0.5,0,0,0,0,0,0,3,0,0,0,0,823,3600,,,0,0,20,13.5,9,0,0.5,3,0.182432432,0.121621622,0,0.040540541,0.006756757,6,4.5,27,3,18,0,20.47747469,7.484870061,63.546,2,52.13963205,13.95656817,92.90637,5,,,,66905.29493,1100100011,https://doi.org/10.4028/www.scientific.net/MSF.307.51
73.5,13.5,0,0,9,0,0,1,0,0,0,0,0,0,3,0,0,0,0,813,3600,,,0,0,20,13.5,9,0,1,3,0.183673469,0.12244898,0,0.040816327,0.013605442,3,4.5,13.5,3,9,0,20.47747469,7.484870061,63.546,2,52.13963205,13.95656817,92.90637,5,,,,78767.85019,1100100011,https://doi.org/10.4028/www.scientific.net/MSF.307.51
73,13.5,0,0,9,0,0,1.5,0,0,0,0,0,0,3,0,0,0,0,823,3600,,,0,0,20,13.5,9,0,1.5,3,0.184931507,0.123287671,0,0.04109589,0.020547945,2,4.5,9,3,6,0,20.47747469,7.484870061,63.546,2,52.13963205,13.95656817,92.90637,5,,,,83022.00981,1100100011,https://doi.org/10.4028/www.scientific.net/MSF.307.51
73.5,13.5,0,0,9,0,0,1,0,0,0,0,0,0,3,0,0,0,0,823,3600,,,0,0,20,13.5,9,0,1,3,0.183673469,0.12244898,0,0.040816327,0.013605442,3,4.5,13.5,3,9,0,20.47747469,7.484870061,63.546,2,52.13963205,13.95656817,92.90637,5,,,,93091.68658,1100100011,https://doi.org/10.4028/www.scientific.net/MSF.307.51
73.5,13.5,0,0,9,0,0,1,0,0,0,0,0,0,3,0,0,0,0,823,3600,,,0,0,20,13.5,9,0,1,3,0.183673469,0.12244898,0,0.040816327,0.013605442,3,4.5,13.5,3,9,0,20.47747469,7.484870061,63.546,2,52.13963205,13.95656817,92.90637,5,,,,94015.85773,1100100011,https://doi.org/10.4028/www.scientific.net/MSF.307.51
73.5,13.5,0,0,9,0,0,1,0,0,0,0,0,0,3,0,0,0,0,843,3600,,,0,0,20,13.5,9,0,1,3,0.183673469,0.12244898,0,0.040816327,0.013605442,3,4.5,13.5,3,9,0,20.47747469,7.484870061,63.546,2,52.13963205,13.95656817,92.90637,5,,,,107708.4144,1100100011,https://doi.org/10.4028/www.scientific.net/MSF.307.51
73.5,13.5,0,0,9,0,0,1,0,0,0,0,0,0,3,0,0,0,0,853,3600,,,0,0,20,13.5,9,0,1,3,0.183673469,0.12244898,0,0.040816327,0.013605442,3,4.5,13.5,3,9,0,20.47747469,7.484870061,63.546,2,52.13963205,13.95656817,92.90637,5,,,,115683.9927,1100100011,https://doi.org/10.4028/www.scientific.net/MSF.307.51
83.25,0,7,0,0,9,0,0.75,0,0,0,0,0,0,0,0,0,0,0,773,600,683,740,0,0,20,7,9,0,0.75,0,0.084084084,0.108108108,0,0,0.009009009,0,,9.333333333,,12,0,20.47747469,7.484870061,63.546,2,0,0,0,0,,90,33,20890.28571,1010010010,https://link.springer.com/article/10.1007%2Fs10854-015-2950-2
80.25,0,7,0,0,9,0,0.75,0,0,0,0,0,0,3,0,0,0,0,773,600,616,760,0,0,20,7,9,0,0.75,3,0.087227414,0.112149533,0,0.037383178,0.009345794,4,2.333333333,9.333333333,3,12,0,20.47747469,7.484870061,63.546,2,52.13963205,13.95656817,92.90637,5,,157,13,24901.71429,1010010011,https://link.springer.com/article/10.1007%2Fs10854-015-2950-2
81.25,0,7,0,0,9,0,0.75,0,0,0,0,0,0,2,0,0,0,0,773,600,597,760,0,0,20,7,9,0,0.75,2,0.086153846,0.110769231,0,0.024615385,0.009230769,2.666666667,3.5,9.333333333,4.5,12,0,20.47747469,7.484870061,63.546,2,52.13963205,13.95656817,92.90637,5,,176,13,27401.14286,1010010011,https://link.springer.com/article/10.1007%2Fs10854-015-2950-2
82.25,0,7,0,0,9,0,0.75,0,0,0,0,0,0,1,0,0,0,0,773,600,631,751,0,0,20,7,9,0,0.75,1,0.085106383,0.109422492,0,0.012158055,0.009118541,1.333333333,7,9.333333333,9,12,0,20.47747469,7.484870061,63.546,2,52.13963205,13.95656817,92.90637,5,,142,22,28203.42857,1010010011,https://link.springer.com/article/10.1007%2Fs10854-015-2950-2
82.75,0,7,0,0,9,0,0.75,0,0,0,0,0,0,0.5,0,0,0,0,773,600,640,749,0,0,20,7,9,0,0.75,0.5,0.084592145,0.108761329,0,0.006042296,0.009063444,0.666666667,14,9.333333333,18,12,0,20.47747469,7.484870061,63.546,2,52.13963205,13.95656817,92.90637,5,,133,24,29005.71429,1010010011,https://link.springer.com/article/10.1007%2Fs10854-015-2950-2
77,13,0,0,8,0,0,1,0,0,0,0,0,0,1,0,0,0,0,853,600,768,962,0,0,,13,8,0,1,1,0.168831169,0.103896104,0,0.012987013,0.012987013,1,13,13,8,8,0,20.47747469,7.484870061,63.546,2,52.13963205,13.95656817,92.90637,5,,85,-109,745.7846952,1100100011,https://link.springer.com/article/10.1007%2Fs11664-016-4643-x
78,13,0,0,8,0,0,1,0,0,0,0,0,0,0,0,0,0,0,693,600,704,802,0,0,,13,8,0,1,0,0.166666667,0.102564103,0,0,0.012820513,0,,13,,8,0,20.47747469,7.484870061,63.546,2,0,0,0,0,,-11,-109,940.3372244,1100100010,https://link.springer.com/article/10.1007%2Fs11664-016-4643-x
78,13,0,0,8,0,0,1,0,0,0,0,0,0,0,0,0,0,0,724,600,704,802,0,0,,13,8,0,1,0,0.166666667,0.102564103,0,0,0.012820513,0,,13,,8,0,20.47747469,7.484870061,63.546,2,0,0,0,0,,20,-78,1037.613489,1100100010,https://link.springer.com/article/10.1007%2Fs11664-016-4643-x
77,13,0,0,8,0,0,1,0,0,0,0,0,0,1,0,0,0,0,723,600,768,962,0,0,,13,8,0,1,1,0.168831169,0.103896104,0,0.012987013,0.012987013,1,13,13,8,8,0,20.47747469,7.484870061,63.546,2,52.13963205,13.95656817,92.90637,5,,-45,-239,1329.442283,1100100011,https://link.springer.com/article/10.1007%2Fs11664-016-4643-x
78,13,0,0,8,0,0,1,0,0,0,0,0,0,0,0,0,0,0,743,600,704,802,0,0,,13,8,0,1,0,0.166666667,0.102564103,0,0,0.012820513,0,,13,,8,0,20.47747469,7.484870061,63.546,2,0,0,0,0,,39,-59,1394.293126,1100100010,https://link.springer.com/article/10.1007%2Fs11664-016-4643-x
78,13,0,0,8,0,0,1,0,0,0,0,0,0,0,0,0,0,0,773,600,704,802,0,0,,13,8,0,1,0,0.166666667,0.102564103,0,0,0.012820513,0,,13,,8,0,20.47747469,7.484870061,63.546,2,0,0,0,0,,69,-29,1718.547341,1100100010,https://link.springer.com/article/10.1007%2Fs11664-016-4643-x
77,13,0,0,8,0,0,1,0,0,0,0,0,0,1,0,0,0,0,743,600,768,962,0,0,,13,8,0,1,1,0.168831169,0.103896104,0,0.012987013,0.012987013,1,13,13,8,8,0,20.47747469,7.484870061,63.546,2,52.13963205,13.95656817,92.90637,5,,-25,-219,1718.547341,1100100011,https://link.springer.com/article/10.1007%2Fs11664-016-4643-x
77,13,0,0,8,0,0,1,0,0,0,0,0,0,1,0,0,0,0,793,600,768,962,0,0,,13,8,0,1,1,0.168831169,0.103896104,0,0.012987013,0.012987013,1,13,13,8,8,0,20.47747469,7.484870061,63.546,2,52.13963205,13.95656817,92.90637,5,,25,-169,2399.481193,1100100011,https://link.springer.com/article/10.1007%2Fs11664-016-4643-x
77,13,0,0,8,0,0,1,0,0,0,0,0,0,1,0,0,0,0,773,600,768,962,0,0,,13,8,0,1,1,0.168831169,0.103896104,0,0.012987013,0.012987013,1,13,13,8,8,0,20.47747469,7.484870061,63.546,2,52.13963205,13.95656817,92.90637,5,,5,-189,2399.481193,1100100011,https://link.springer.com/article/10.1007%2Fs11664-016-4643-x
77,13,0,0,8,0,0,1,0,0,0,0,0,0,1,0,0,0,0,813,600,768,962,0,0,,13,8,0,1,1,0.168831169,0.103896104,0,0.012987013,0.012987013,1,13,13,8,8,0,20.47747469,7.484870061,63.546,2,52.13963205,13.95656817,92.90637,5,,45,-149,3047.989624,1100100011,https://link.springer.com/article/10.1007%2Fs11664-016-4643-x
78,13,0,0,8,0,0,1,0,0,0,0,0,0,0,0,0,0,0,763,600,704,802,0,0,,13,8,0,1,0,0.166666667,0.102564103,0,0,0.012820513,0,,13,,8,0,20.47747469,7.484870061,63.546,2,0,0,0,0,,59,-39,3145.265888,1100100010,https://link.springer.com/article/10.1007%2Fs11664-016-4643-x
77,13,0,0,8,0,0,1,0,0,0,0,0,0,1,0,0,0,0,833,600,768,962,0,0,,13,8,0,1,1,0.168831169,0.103896104,0,0.012987013,0.012987013,1,13,13,8,8,0,20.47747469,7.484870061,63.546,2,52.13963205,13.95656817,92.90637,5,,65,-129,4345.006485,1100100011,https://link.springer.com/article/10.1007%2Fs11664-016-4643-x
76,13,0,0,8,0,0,1,0,0,0,0,0,0,2,0,0,0,0,913,600,751,911,0,0,,13,8,0,1,2,0.171052632,0.105263158,0,0.026315789,0.013157895,2,6.5,13,4,8,0,20.47747469,7.484870061,63.546,2,52.13963205,13.95656817,92.90637,5,,162,2,4701.686122,1100100011,https://link.springer.com/article/10.1007%2Fs11664-016-4643-x
78,13,0,0,8,0,0,1,0,0,0,0,0,0,0,0,0,0,0,673,600,704,802,0,0,,13,8,0,1,0,0.166666667,0.102564103,0,0,0.012820513,0,,13,,8,0,20.47747469,7.484870061,63.546,2,0,0,0,0,,-31,-129,4896.238651,1100100010,https://link.springer.com/article/10.1007%2Fs11664-016-4643-x
78,13,0,0,8,0,0,1,0,0,0,0,0,0,0,0,0,0,0,653,600,704,802,0,0,,13,8,0,1,0,0.166666667,0.102564103,0,0,0.012820513,0,,13,,8,0,20.47747469,7.484870061,63.546,2,0,0,0,0,,-51,-149,6517.509728,1100100010,https://link.springer.com/article/10.1007%2Fs11664-016-4643-x
78,13,0,0,8,0,0,1,0,0,0,0,0,0,0,0,0,0,0,633,600,704,802,0,0,,13,8,0,1,0,0.166666667,0.102564103,0,0,0.012820513,0,,13,,8,0,20.47747469,7.484870061,63.546,2,0,0,0,0,,-71,-169,6549.935149,1100100010,https://link.springer.com/article/10.1007%2Fs11664-016-4643-x
76,13,0,0,8,0,0,1,0,0,0,0,0,0,2,0,0,0,0,723,600,751,911,0,0,,13,8,0,1,2,0.171052632,0.105263158,0,0.026315789,0.013157895,2,6.5,13,4,8,0,20.47747469,7.484870061,63.546,2,52.13963205,13.95656817,92.90637,5,,-28,-188,6809.338521,1100100011,https://link.springer.com/article/10.1007%2Fs11664-016-4643-x
76,13,0,0,8,0,0,1,0,0,0,0,0,0,2,0,0,0,0,743,600,751,911,0,0,,13,8,0,1,2,0.171052632,0.105263158,0,0.026315789,0.013157895,2,6.5,13,4,8,0,20.47747469,7.484870061,63.546,2,52.13963205,13.95656817,92.90637,5,,-8,-168,7457.846952,1100100011,https://link.springer.com/article/10.1007%2Fs11664-016-4643-x
77,13,0,0,8,0,0,1,0,0,0,0,0,0,1,0,0,0,0,673,600,768,962,0,0,,13,8,0,1,1,0.168831169,0.103896104,0,0.012987013,0.012987013,1,13,13,8,8,0,20.47747469,7.484870061,63.546,2,52.13963205,13.95656817,92.90637,5,,-95,-289,7976.653696,1100100011,https://link.springer.com/article/10.1007%2Fs11664-016-4643-x
76,13,0,0,8,0,0,1,0,0,0,0,0,0,2,0,0,0,0,773,600,751,911,0,0,,13,8,0,1,2,0.171052632,0.105263158,0,0.026315789,0.013157895,2,6.5,13,4,8,0,20.47747469,7.484870061,63.546,2,52.13963205,13.95656817,92.90637,5,,22,-138,8625.162127,1100100011,https://link.springer.com/article/10.1007%2Fs11664-016-4643-x
76,13,0,0,8,0,0,1,0,0,0,0,0,0,2,0,0,0,0,673,600,751,911,0,0,,13,8,0,1,2,0.171052632,0.105263158,0,0.026315789,0.013157895,2,6.5,13,4,8,0,20.47747469,7.484870061,63.546,2,52.13963205,13.95656817,92.90637,5,,-78,-238,8722.438392,1100100011,https://link.springer.com/article/10.1007%2Fs11664-016-4643-x
76,13,0,0,8,0,0,1,0,0,0,0,0,0,2,0,0,0,0,893,600,751,911,0,0,,13,8,0,1,2,0.171052632,0.105263158,0,0.026315789,0.013157895,2,6.5,13,4,8,0,20.47747469,7.484870061,63.546,2,52.13963205,13.95656817,92.90637,5,,142,-18,9435.797665,1100100011,https://link.springer.com/article/10.1007%2Fs11664-016-4643-x
75,13,0,0,8,0,0,1,0,0,0,0,0,0,3,0,0,0,0,673,600,768,962,0,0,,13,8,0,1,3,0.173333333,0.106666667,0,0.04,0.013333333,3,4.333333333,13,2.666666667,8,0,20.47747469,7.484870061,63.546,2,52.13963205,13.95656817,92.90637,5,,-95,-289,9468.223087,1100100011,https://link.springer.com/article/10.1007%2Fs11664-016-4643-x
75,13,0,0,8,0,0,1,0,0,0,0,0,0,3,0,0,0,0,723,600,768,962,0,0,,13,8,0,1,3,0.173333333,0.106666667,0,0.04,0.013333333,3,4.333333333,13,2.666666667,8,0,20.47747469,7.484870061,63.546,2,52.13963205,13.95656817,92.90637,5,,-45,-239,10732.81453,1100100011,https://link.springer.com/article/10.1007%2Fs11664-016-4643-x
75,13,0,0,8,0,0,1,0,0,0,0,0,0,3,0,0,0,0,743,600,768,962,0,0,,13,8,0,1,3,0.173333333,0.106666667,0,0.04,0.013333333,3,4.333333333,13,2.666666667,8,0,20.47747469,7.484870061,63.546,2,52.13963205,13.95656817,92.90637,5,,-25,-219,12289.23476,1100100011,https://link.springer.com/article/10.1007%2Fs11664-016-4643-x
76,13,0,0,8,0,0,1,0,0,0,0,0,0,2,0,0,0,0,793,600,751,911,0,0,,13,8,0,1,2,0.171052632,0.105263158,0,0.026315789,0.013157895,2,6.5,13,4,8,0,20.47747469,7.484870061,63.546,2,52.13963205,13.95656817,92.90637,5,,42,-118,12483.78729,1100100011,https://link.springer.com/article/10.1007%2Fs11664-016-4643-x
75,13,0,0,8,0,0,1,0,0,0,0,0,0,3,0,0,0,0,773,600,768,962,0,0,,13,8,0,1,3,0.173333333,0.106666667,0,0.04,0.013333333,3,4.333333333,13,2.666666667,8,0,20.47747469,7.484870061,63.546,2,52.13963205,13.95656817,92.90637,5,,5,-189,12548.63813,1100100011,https://link.springer.com/article/10.1007%2Fs11664-016-4643-x
75,13,0,0,8,0,0,1,0,0,0,0,0,0,3,0,0,0,0,793,600,768,962,0,0,,13,8,0,1,3,0.173333333,0.106666667,0,0.04,0.013333333,3,4.333333333,13,2.666666667,8,0,20.47747469,7.484870061,63.546,2,52.13963205,13.95656817,92.90637,5,,25,-169,15077.82101,1100100011,https://link.springer.com/article/10.1007%2Fs11664-016-4643-x
76,13,0,0,8,0,0,1,0,0,0,0,0,0,2,0,0,0,0,813,600,751,911,0,0,,13,8,0,1,2,0.171052632,0.105263158,0,0.026315789,0.013157895,2,6.5,13,4,8,0,20.47747469,7.484870061,63.546,2,52.13963205,13.95656817,92.90637,5,,62,-98,15239.94812,1100100011,https://link.springer.com/article/10.1007%2Fs11664-016-4643-x
75,13,0,0,8,0,0,1,0,0,0,0,0,0,3,0,0,0,0,833,600,768,962,0,0,,13,8,0,1,3,0.173333333,0.106666667,0,0.04,0.013333333,3,4.333333333,13,2.666666667,8,0,20.47747469,7.484870061,63.546,2,52.13963205,13.95656817,92.90637,5,,65,-129,19130.9987,1100100011,https://link.springer.com/article/10.1007%2Fs11664-016-4643-x
75,13,0,0,8,0,0,1,0,0,0,0,0,0,3,0,0,0,0,813,600,768,962,0,0,,13,8,0,1,3,0.173333333,0.106666667,0,0.04,0.013333333,3,4.333333333,13,2.666666667,8,0,20.47747469,7.484870061,63.546,2,52.13963205,13.95656817,92.90637,5,,45,-149,19455.25292,1100100011,https://link.springer.com/article/10.1007%2Fs11664-016-4643-x
76,13,0,0,8,0,0,1,0,0,0,0,0,0,2,0,0,0,0,853,600,751,911,0,0,,13,8,0,1,2,0.171052632,0.105263158,0,0.026315789,0.013157895,2,6.5,13,4,8,0,20.47747469,7.484870061,63.546,2,52.13963205,13.95656817,92.90637,5,,102,-58,19552.52918,1100100011,https://link.springer.com/article/10.1007%2Fs11664-016-4643-x
76,13,0,0,8,0,0,1,0,0,0,0,0,0,2,0,0,0,0,873,600,751,911,0,0,,13,8,0,1,2,0.171052632,0.105263158,0,0.026315789,0.013157895,2,6.5,13,4,8,0,20.47747469,7.484870061,63.546,2,52.13963205,13.95656817,92.90637,5,,122,-38,19584.9546,1100100011,https://link.springer.com/article/10.1007%2Fs11664-016-4643-x
75,13,0,0,8,0,0,1,0,0,0,0,0,0,3,0,0,0,0,873,600,768,962,0,0,,13,8,0,1,3,0.173333333,0.106666667,0,0.04,0.013333333,3,4.333333333,13,2.666666667,8,0,20.47747469,7.484870061,63.546,2,52.13963205,13.95656817,92.90637,5,,105,-89,20136.18677,1100100011,https://link.springer.com/article/10.1007%2Fs11664-016-4643-x
75,13,0,0,8,0,0,1,0,0,0,0,0,0,3,0,0,0,0,853,600,768,962,0,0,,13,8,0,1,3,0.173333333,0.106666667,0,0.04,0.013333333,3,4.333333333,13,2.666666667,8,0,20.47747469,7.484870061,63.546,2,52.13963205,13.95656817,92.90637,5,,85,-109,21173.80026,1100100011,https://link.springer.com/article/10.1007%2Fs11664-016-4643-x
76,13,0,0,8,0,0,1,0,0,0,0,0,0,2,0,0,0,0,833,600,751,911,0,0,,13,8,0,1,2,0.171052632,0.105263158,0,0.026315789,0.013157895,2,6.5,13,4,8,0,20.47747469,7.484870061,63.546,2,52.13963205,13.95656817,92.90637,5,,82,-78,21498.05447,1100100011,https://link.springer.com/article/10.1007%2Fs11664-016-4643-x
75,13,0,0,8,0,0,1,0,0,0,0,0,0,3,0,0,0,0,893,600,768,962,0,0,,13,8,0,1,3,0.173333333,0.106666667,0,0.04,0.013333333,3,4.333333333,13,2.666666667,8,0,20.47747469,7.484870061,63.546,2,52.13963205,13.95656817,92.90637,5,,125,-69,21919.58495,1100100011,https://link.springer.com/article/10.1007%2Fs11664-016-4643-x
75,13,0,0,8,0,0,1,0,0,0,0,0,0,3,0,0,0,0,913,600,768,962,0,0,,13,8,0,1,3,0.173333333,0.106666667,0,0.04,0.013333333,3,4.333333333,13,2.666666667,8,0,20.47747469,7.484870061,63.546,2,52.13963205,13.95656817,92.90637,5,,145,-49,22178.98833,1100100011,https://link.springer.com/article/10.1007%2Fs11664-016-4643-x
91,0,0,0,2,0,0,0,0,0,0,0,0,7,0,0,0,0,0,673,3600,,,0,0,,0,2,0,0,7,0,0.021978022,0,0.076923077,0,,0,,0.285714286,,,0,0,0,0,58.71837826,15.10715557,91.224,4,,,,53.19148936,1000100001,https://www.jstage.jst.go.jp/article/matertrans1989/31/8/31_8_743/_article/-char/ja/
91,0,0,0,2,0,0,0,0,0,0,0,0,7,0,0,0,0,0,723,3600,,,0,0,,0,2,0,0,7,0,0.021978022,0,0.076923077,0,,0,,0.285714286,,,0,0,0,0,58.71837826,15.10715557,91.224,4,,,,79.78723404,1000100001,https://www.jstage.jst.go.jp/article/matertrans1989/31/8/31_8_743/_article/-char/ja/
89,0,0,0,4,0,0,0,0,0,0,0,0,7,0,0,0,0,0,923,3600,,,0,0,19,0,4,0,0,7,0,0.04494382,0,0.078651685,0,,0,,0.571428571,,,0,0,0,0,58.71837826,15.10715557,91.224,4,,,,186.1702128,1000100001,https://www.jstage.jst.go.jp/article/matertrans1989/31/8/31_8_743/_article/-char/ja/
91,0,0,0,2,0,0,0,0,0,0,0,0,7,0,0,0,0,0,773,3600,,,0,0,,0,2,0,0,7,0,0.021978022,0,0.076923077,0,,0,,0.285714286,,,0,0,0,0,58.71837826,15.10715557,91.224,4,,,,744.6808511,1000100001,https://www.jstage.jst.go.jp/article/matertrans1989/31/8/31_8_743/_article/-char/ja/
91,0,0,0,2,0,0,0,0,0,0,0,0,7,0,0,0,0,0,823,3600,,,0,0,,0,2,0,0,7,0,0.021978022,0,0.076923077,0,,0,,0.285714286,,,0,0,0,0,58.71837826,15.10715557,91.224,4,,,,7287.234043,1000100001,https://www.jstage.jst.go.jp/article/matertrans1989/31/8/31_8_743/_article/-char/ja/
91,0,0,0,2,0,0,0,0,0,0,0,0,7,0,0,0,0,0,873,3600,,,0,0,18,0,2,0,0,7,0,0.021978022,0,0.076923077,0,,0,,0.285714286,,,0,0,0,0,58.71837826,15.10715557,91.224,4,,,,9148.93617,1000100001,https://www.jstage.jst.go.jp/article/matertrans1989/31/8/31_8_743/_article/-char/ja/
91,0,0,0,2,0,0,0,0,0,0,0,0,7,0,0,0,0,0,923,3600,,,0,0,,0,2,0,0,7,0,0.021978022,0,0.076923077,0,,0,,0.285714286,,,0,0,0,0,58.71837826,15.10715557,91.224,4,,,,12632.97872,1000100001,https://www.jstage.jst.go.jp/article/matertrans1989/31/8/31_8_743/_article/-char/ja/
91,0,0,0,2,0,0,0,0,0,0,0,0,7,0,0,0,0,0,973,3600,,,0,0,,0,2,0,0,7,0,0.021978022,0,0.076923077,0,,0,,0.285714286,,,0,0,0,0,58.71837826,15.10715557,91.224,4,,,,14000,1000100001,https://www.jstage.jst.go.jp/article/matertrans1989/31/8/31_8_743/_article/-char/ja/
89,0,0,0,6,0,0,0,0,0,0,0,0,5,0,0,0,0,0,923,3600,,,0,0,16,0,6,0,0,5,0,0.06741573,0,0.056179775,0,,0,,1.2,,,0,0,0,0,58.71837826,15.10715557,91.224,4,,,,15000,1000100001,https://www.jstage.jst.go.jp/article/matertrans1989/31/8/31_8_743/_article/-char/ja/
86,0,0,0,6,0,0,1,0,0,0,0,0,7,0,0,0,0,0,770,3600,775,993,0,0,21,0,6,0,1,7,0,0.069767442,0,0.081395349,0.011627907,7,0,0,0.857142857,6,0,20.47747469,7.484870061,63.546,2,58.71837826,15.10715557,91.224,4,,-5,-223,3731,1000100011,https://www.jstage.jst.go.jp/article/matertrans1989/32/6/32_6_551/_article/-char/ja/
86,0,0,0,6,0,0,1,0,0,0,0,0,7,0,0,0,0,0,674,3600,775,993,0,0,21,0,6,0,1,7,0,0.069767442,0,0.081395349,0.011627907,7,0,0,0.857142857,6,0,20.47747469,7.484870061,63.546,2,58.71837826,15.10715557,91.224,4,,-101,-319,6894.4,1000100011,https://www.jstage.jst.go.jp/article/matertrans1989/32/6/32_6_551/_article/-char/ja/
86,0,0,0,6,0,0,1,0,0,0,0,0,7,0,0,0,0,0,825,3600,775,993,0,0,21,0,6,0,1,7,0,0.069767442,0,0.081395349,0.011627907,7,0,0,0.857142857,6,0,20.47747469,7.484870061,63.546,2,58.71837826,15.10715557,91.224,4,,50,-168,8956.7,1000100011,https://www.jstage.jst.go.jp/article/matertrans1989/32/6/32_6_551/_article/-char/ja/
86,0,0,0,6,0,0,1,0,0,0,0,0,7,0,0,0,0,0,724,3600,775,993,0,0,21,0,6,0,1,7,0,0.069767442,0,0.081395349,0.011627907,7,0,0,0.857142857,6,0,20.47747469,7.484870061,63.546,2,58.71837826,15.10715557,91.224,4,,-51,-269,10504,1000100011,https://www.jstage.jst.go.jp/article/matertrans1989/32/6/32_6_551/_article/-char/ja/
86,0,0,0,6,0,0,1,0,0,0,0,0,7,0,0,0,0,0,573,3600,775,993,0,0,21,0,6,0,1,7,0,0.069767442,0,0.081395349,0.011627907,7,0,0,0.857142857,6,0,20.47747469,7.484870061,63.546,2,58.71837826,15.10715557,91.224,4,,-202,-420,13000,1000100011,https://www.jstage.jst.go.jp/article/matertrans1989/32/6/32_6_551/_article/-char/ja/
86,0,0,0,6,0,0,1,0,0,0,0,0,7,0,0,0,0,0,977,3600,775,993,0,0,21,0,6,0,1,7,0,0.069767442,0,0.081395349,0.011627907,7,0,0,0.857142857,6,0,20.47747469,7.484870061,63.546,2,58.71837826,15.10715557,91.224,4,,202,-16,26041.5,1000100011,https://www.jstage.jst.go.jp/article/matertrans1989/32/6/32_6_551/_article/-char/ja/
86,0,0,0,6,0,0,1,0,0,0,0,0,7,0,0,0,0,0,875,3600,775,993,0,0,21,0,6,0,1,7,0,0.069767442,0,0.081395349,0.011627907,7,0,0,0.857142857,6,0,20.47747469,7.484870061,63.546,2,58.71837826,15.10715557,91.224,4,,100,-118,29464,1000100011,https://www.jstage.jst.go.jp/article/matertrans1989/32/6/32_6_551/_article/-char/ja/
86,0,0,0,6,0,0,1,0,0,0,0,0,7,0,0,0,0,0,925,3600,775,993,0,0,21,0,6,0,1,7,0,0.069767442,0,0.081395349,0.011627907,7,0,0,0.857142857,6,0,20.47747469,7.484870061,63.546,2,58.71837826,15.10715557,91.224,4,,150,-68,40316.3,1000100011,https://www.jstage.jst.go.jp/article/matertrans1989/32/6/32_6_551/_article/-char/ja/
75,15,0,0,3,0,0,0,0,0,0,0,0,7,0,0,0,0,0,873,3600,,,0,0,20,15,3,0,0,7,0.2,0.04,0,0.093333333,0,,2.142857143,,0.428571429,,,0,0,0,0,58.71837826,15.10715557,91.224,4,,,,112.931303,1100100001,https://www.jstage.jst.go.jp/article/matertrans1989/36/5/36_5_689/_article/-char/ja/
87,4,0,0,2,0,0,0,0,0,0,0,0,7,0,0,0,0,0,976,3600,819,1044,0,0,20,4,2,0,0,7,0.045977011,0.022988506,0,0.08045977,0,,0.571428571,,0.285714286,,,0,0,0,0,58.71837826,15.10715557,91.224,4,187,157,-68,1401.366477,1100100001,https://www.jstage.jst.go.jp/article/matertrans1989/36/5/36_5_689/_article/-char/ja/
86,4,0,0,3,0,0,0,0,0,0,0,0,7,0,0,0,0,0,976,3600,822,1043,0,0,20,4,3,0,0,7,0.046511628,0.034883721,0,0.081395349,0,,0.571428571,,0.428571429,,,0,0,0,0,58.71837826,15.10715557,91.224,4,187,154,-67,1401.366477,1100100001,https://www.jstage.jst.go.jp/article/matertrans1989/36/5/36_5_689/_article/-char/ja/
80,10,0,0,3,0,0,0,0,0,0,0,0,7,0,0,0,0,0,873,3600,,,0,0,20,10,3,0,0,7,0.125,0.0375,0,0.0875,0,,1.428571429,,0.428571429,,,0,0,0,0,58.71837826,15.10715557,91.224,4,,,,2114.377161,1100100001,https://www.jstage.jst.go.jp/article/matertrans1989/36/5/36_5_689/_article/-char/ja/
86,4,0,0,3,0,0,0,0,0,0,0,0,7,0,0,0,0,0,716,3600,822,1043,0,0,20,4,3,0,0,7,0.046511628,0.034883721,0,0.081395349,0,,0.571428571,,0.428571429,,,0,0,0,0,58.71837826,15.10715557,91.224,4,-73,-106,-327,2863.495808,1100100001,https://www.jstage.jst.go.jp/article/matertrans1989/36/5/36_5_689/_article/-char/ja/
87,4,0,0,2,0,0,0,0,0,0,0,0,7,0,0,0,0,0,717,3600,819,1044,0,0,20,4,2,0,0,7,0.045977011,0.022988506,0,0.08045977,0,,0.571428571,,0.285714286,,,0,0,0,0,58.71837826,15.10715557,91.224,4,-72,-102,-327,3492.234901,1100100001,https://www.jstage.jst.go.jp/article/matertrans1989/36/5/36_5_689/_article/-char/ja/
86,4,0,0,3,0,0,0,0,0,0,0,0,7,0,0,0,0,0,774,3600,822,1043,0,0,20,4,3,0,0,7,0.046511628,0.034883721,0,0.081395349,0,,0.571428571,,0.428571429,,,0,0,0,0,58.71837826,15.10715557,91.224,4,-15,-48,-269,4703.420342,1100100001,https://www.jstage.jst.go.jp/article/matertrans1989/36/5/36_5_689/_article/-char/ja/
82.5,7.5,0,0,3,0,0,0,0,0,0,0,0,7,0,0,0,0,0,873,3600,,,0,0,20,7.5,3,0,0,7,0.090909091,0.036363636,0,0.084848485,0,,1.071428571,,0.428571429,,,0,0,0,0,58.71837826,15.10715557,91.224,4,,,,5570.689701,1100100001,https://www.jstage.jst.go.jp/article/matertrans1989/36/5/36_5_689/_article/-char/ja/
87,4,0,0,2,0,0,0,0,0,0,0,0,7,0,0,0,0,0,774,3600,819,1044,0,0,20,4,2,0,0,7,0.045977011,0.022988506,0,0.08045977,0,,0.571428571,,0.285714286,,,0,0,0,0,58.71837826,15.10715557,91.224,4,-15,-45,-270,5736.15251,1100100001,https://www.jstage.jst.go.jp/article/matertrans1989/36/5/36_5_689/_article/-char/ja/
86,4,0,0,3,0,0,0,0,0,0,0,0,7,0,0,0,0,0,925,3600,822,1043,0,0,20,4,3,0,0,7,0.046511628,0.034883721,0,0.081395349,0,,0.571428571,,0.428571429,,,0,0,0,0,58.71837826,15.10715557,91.224,4,136,103,-118,9610.779662,1100100001,https://www.jstage.jst.go.jp/article/matertrans1989/36/5/36_5_689/_article/-char/ja/
86,4,0,0,3,0,0,0,0,0,0,0,0,7,0,0,0,0,0,826,3600,822,1043,0,0,20,4,3,0,0,7,0.046511628,0.034883721,0,0.081395349,0,,0.571428571,,0.428571429,,,0,0,0,0,58.71837826,15.10715557,91.224,4,37,4,-217,10200.4819,1100100001,https://www.jstage.jst.go.jp/article/matertrans1989/36/5/36_5_689/_article/-char/ja/
86,4,0,0,3,0,0,0,0,0,0,0,0,7,0,0,0,0,0,872,3600,822,1043,0,0,20,4,3,0,0,7,0.046511628,0.034883721,0,0.081395349,0,,0.571428571,,0.428571429,,,0,0,0,0,58.71837826,15.10715557,91.224,4,83,50,-171,12195.7046,1100100001,https://www.jstage.jst.go.jp/article/matertrans1989/36/5/36_5_689/_article/-char/ja/
86,4,0,0,3,0,0,0,0,0,0,0,0,7,0,0,0,0,0,873,3600,822,1043,0,0,20,4,3,0,0,7,0.046511628,0.034883721,0,0.081395349,0,,0.571428571,,0.428571429,,,0,0,0,0,58.71837826,15.10715557,91.224,4,84,51,-170,12377.50252,1100100001,https://www.jstage.jst.go.jp/article/matertrans1989/36/5/36_5_689/_article/-char/ja/
87,4,0,0,2,0,0,0,0,0,0,0,0,7,0,0,0,0,0,826,3600,819,1044,0,0,20,4,2,0,0,7,0.045977011,0.022988506,0,0.08045977,0,,0.571428571,,0.285714286,,,0,0,0,0,58.71837826,15.10715557,91.224,4,37,7,-218,12440.20641,1100100001,https://www.jstage.jst.go.jp/article/matertrans1989/36/5/36_5_689/_article/-char/ja/
90,0,0,0,3,0,0,0,0,0,0,0,0,7,0,0,0,0,0,873,3600,,,0,0,20,0,3,0,0,7,0,0.033333333,0,0.077777778,0,,0,,0.428571429,,,0,0,0,0,58.71837826,15.10715557,91.224,4,,,,13241.92792,1000100001,https://www.jstage.jst.go.jp/article/matertrans1989/36/5/36_5_689/_article/-char/ja/
87.5,2.5,0,0,3,0,0,0,0,0,0,0,0,7,0,0,0,0,0,873,3600,,,0,0,20,2.5,3,0,0,7,0.028571429,0.034285714,0,0.08,0,,0.357142857,,0.428571429,,,0,0,0,0,58.71837826,15.10715557,91.224,4,,,,13303.56834,1100100001,https://www.jstage.jst.go.jp/article/matertrans1989/36/5/36_5_689/_article/-char/ja/
87,4,0,0,2,0,0,0,0,0,0,0,0,7,0,0,0,0,0,871,3600,819,1044,0,0,20,4,2,0,0,7,0.045977011,0.022988506,0,0.08045977,0,,0.571428571,,0.285714286,,,0,0,0,0,58.71837826,15.10715557,91.224,4,82,52,-173,17090.65159,1100100001,https://www.jstage.jst.go.jp/article/matertrans1989/36/5/36_5_689/_article/-char/ja/
87,4,0,0,2,0,0,0,0,0,0,0,0,7,0,0,0,0,0,925,3600,819,1044,0,0,20,4,2,0,0,7,0.045977011,0.022988506,0,0.08045977,0,,0.571428571,,0.285714286,,,0,0,0,0,58.71837826,15.10715557,91.224,4,136,106,-119,17782.7941,1100100001,https://www.jstage.jst.go.jp/article/matertrans1989/36/5/36_5_689/_article/-char/ja/
84,0,0,0,9,0,0,0,0,0,0,0,0,0,7,0,0,0,0,773,3600,,,0,0,22,0,9,0,0,7,0,0.107142857,0,0.083333333,0,,0,,1.285714286,,,0,0,0,0,52.13963205,13.95656817,92.90637,5,,,,496.9174775,1000100001,https://www.sciencedirect.com/science/article/pii/0304885394905592
84,0,0,0,9,0,0,0,0,0,0,0,0,0,7,0,0,0,0,823,3600,,,0,0,22,0,9,0,0,7,0,0.107142857,0,0.083333333,0,,0,,1.285714286,,,0,0,0,0,52.13963205,13.95656817,92.90637,5,,,,1784.14915,1000100001,https://www.sciencedirect.com/science/article/pii/0304885394905592
89,0,0,0,4,0,0,0,0,0,0,0,0,0,0,0,7,0,0,773,3600,,,0,0,17,0,4,0,0,7,0,0.04494382,0,0.078651685,0,,0,,0.571428571,,,0,0,0,0,60.44528033,15.40192239,178.49,4,,,,2087.201961,1000100001,https://www.sciencedirect.com/science/article/pii/0304885394905592
90,0,0,0,3,0,0,0,0,0,0,0,0,7,0,0,0,0,0,773,3600,,,0,0,18,0,3,0,0,7,0,0.033333333,0,0.077777778,0,,0,,0.428571429,,,0,0,0,0,58.71837826,15.10715557,91.224,4,,,,3072.123598,1000100001,https://www.sciencedirect.com/science/article/pii/0304885394905592
84,0,0,0,9,0,0,0,0,0,0,0,0,0,7,0,0,0,0,873,3600,,,0,0,22,0,9,0,0,7,0,0.107142857,0,0.083333333,0,,0,,1.285714286,,,0,0,0,0,52.13963205,13.95656817,92.90637,5,,,,7898.313367,1000100001,https://www.sciencedirect.com/science/article/pii/0304885394905592
90,0,0,0,3,0,0,0,0,0,0,0,0,7,0,0,0,0,0,823,3600,,,0,0,18,0,3,0,0,7,0,0.033333333,0,0.077777778,0,,0,,0.428571429,,,0,0,0,0,58.71837826,15.10715557,91.224,4,,,,8830.127015,1000100001,https://www.sciencedirect.com/science/article/pii/0304885394905592
89,0,0,0,4,0,0,0,0,0,0,0,0,0,0,0,7,0,0,823,3600,,,0,0,17,0,4,0,0,7,0,0.04494382,0,0.078651685,0,,0,,0.571428571,,,0,0,0,0,60.44528033,15.40192239,178.49,4,,,,10648.44388,1000100001,https://www.sciencedirect.com/science/article/pii/0304885394905592
90,0,0,0,3,0,0,0,0,0,0,0,0,7,0,0,0,0,0,873,3600,,,0,0,18,0,3,0,0,7,0,0.033333333,0,0.077777778,0,,0,,0.428571429,,,0,0,0,0,58.71837826,15.10715557,91.224,4,,,,13632.10176,1000100001,https://www.sciencedirect.com/science/article/pii/0304885394905592
89,0,0,0,4,0,0,0,0,0,0,0,0,0,0,0,7,0,0,872,3600,,,0,0,17,0,4,0,0,7,0,0.04494382,0,0.078651685,0,,0,,0.571428571,,,0,0,0,0,60.44528033,15.40192239,178.49,4,,,,17695.16452,1000100001,https://www.sciencedirect.com/science/article/pii/0304885394905592
84,0,0,0,9,0,0,0,0,0,0,0,0,0,7,0,0,0,0,923,3600,,,0,0,22,0,9,0,0,7,0,0.107142857,0,0.083333333,0,,0,,1.285714286,,,0,0,0,0,52.13963205,13.95656817,92.90637,5,,,,21261.42428,1000100001,https://www.sciencedirect.com/science/article/pii/0304885394905592
90,0,0,0,3,0,0,0,0,0,0,0,0,7,0,0,0,0,0,923,3600,,,0,0,18,0,3,0,0,7,0,0.033333333,0,0.077777778,0,,0,,0.428571429,,,0,0,0,0,58.71837826,15.10715557,91.224,4,,,,21466.20244,1000100001,https://www.sciencedirect.com/science/article/pii/0304885394905592
89,0,0,0,4,0,0,0,0,0,0,0,0,0,0,0,7,0,0,936,3600,,,0,0,17,0,4,0,0,7,0,0.04494382,0,0.078651685,0,,0,,0.571428571,,,0,0,0,0,60.44528033,15.40192239,178.49,4,,,,31310.25774,1000100001,https://www.sciencedirect.com/science/article/pii/0304885394905592
89,0,0,0,4,0,0,0,0,0,0,0,0,0,0,0,7,0,0,921,3600,,,0,0,17,0,4,0,0,7,0,0.04494382,0,0.078651685,0,,0,,0.571428571,,,0,0,0,0,60.44528033,15.40192239,178.49,4,,,,31862.88346,1000100001,https://www.sciencedirect.com/science/article/pii/0304885394905592
83.44,3.89,0,0,7.92,4.06,0,0.69,0,0,0,0,0,0,0,0,0,0,0,748,600,685,827,0,0,12,3.89,11.98,0,0.69,0,0.046620326,0.143576222,0,0,0.008269415,0,,5.637681159,,17.36231884,0,20.47747469,7.484870061,63.546,2,0,0,0,0,,63,-79,1660.224129,1100110010,https://www.sciencedirect.com/science/article/pii/S0925838816313470
84.32,3.87,0,0,7.59,4.16,0,0,0.05,0,0,0,0,0,0,0,0,0,0,773,600,704,821,0,0,12,3.87,11.75,0,0.05,0,0.045896584,0.139350095,0,0,0.000592979,0,,77.4,,235,0,30.17339817,9.692061232,107.8682,1,0,0,0,0,,69,-48,2065.30605,1100110010,https://www.sciencedirect.com/science/article/pii/S0925838816313470
84.32,3.87,0,0,7.59,4.16,0,0,0.05,0,0,0,0,0,0,0,0,0,0,653,600,704,821,0,0,12,3.87,11.75,0,0.05,0,0.045896584,0.139350095,0,0,0.000592979,0,,77.4,,235,0,30.17339817,9.692061232,107.8682,1,0,0,0,0,,-51,-168,2077.487765,1100110010,https://www.sciencedirect.com/science/article/pii/S0925838816313470
84.32,3.87,0,0,7.59,4.16,0,0,0.05,0,0,0,0,0,0,0,0,0,0,673,600,704,821,0,0,12,3.87,11.75,0,0.05,0,0.045896584,0.139350095,0,0,0.000592979,0,,77.4,,235,0,30.17339817,9.692061232,107.8682,1,0,0,0,0,,-31,-148,2401.553302,1100110010,https://www.sciencedirect.com/science/article/pii/S0925838816313470
84.32,3.87,0,0,7.59,4.16,0,0,0.05,0,0,0,0,0,0,0,0,0,0,698,600,704,821,0,0,12,3.87,11.75,0,0.05,0,0.045896584,0.139350095,0,0,0.000592979,0,,77.4,,235,0,30.17339817,9.692061232,107.8682,1,0,0,0,0,,-6,-123,2513.130364,1100110010,https://www.sciencedirect.com/science/article/pii/S0925838816313470
83.47,3.89,0,0,7.88,4.04,0,0,0,0.71,0,0,0,0,0,0,0,0,0,773,600,710,824,0,0,12,3.89,11.92,0,0.71,0,0.04660357,0.142805798,0,0,0.00850605,0,,5.478873239,,16.78873239,0,35.38507627,10.77821289,196.966569,3,0,0,0,0,,63,-51,2831.636996,1100110010,https://www.sciencedirect.com/science/article/pii/S0925838816313470
83.47,3.89,0,0,7.88,4.04,0,0,0,0.71,0,0,0,0,0,0,0,0,0,698,600,710,824,0,0,12,3.89,11.92,0,0.71,0,0.04660357,0.142805798,0,0,0.00850605,0,,5.478873239,,16.78873239,0,35.38507627,10.77821289,196.966569,3,0,0,0,0,,-12,-126,3344.705298,1100110010,https://www.sciencedirect.com/science/article/pii/S0925838816313470
83.47,3.89,0,0,7.88,4.04,0,0,0,0.71,0,0,0,0,0,0,0,0,0,673,600,710,824,0,0,12,3.89,11.92,0,0.71,0,0.04660357,0.142805798,0,0,0.00850605,0,,5.478873239,,16.78873239,0,35.38507627,10.77821289,196.966569,3,0,0,0,0,,-37,-151,3510.302149,1100110010,https://www.sciencedirect.com/science/article/pii/S0925838816313470
84.32,3.87,0,0,7.59,4.16,0,0,0.05,0,0,0,0,0,0,0,0,0,0,633,600,704,821,0,0,12,3.87,11.75,0,0.05,0,0.045896584,0.139350095,0,0,0.000592979,0,,77.4,,235,0,30.17339817,9.692061232,107.8682,1,0,0,0,0,,-71,-188,3612.171076,1100110010,https://www.sciencedirect.com/science/article/pii/S0925838816313470
84.32,3.87,0,0,7.59,4.16,0,0,0.05,0,0,0,0,0,0,0,0,0,0,748,600,704,821,0,0,12,3.87,11.75,0,0.05,0,0.045896584,0.139350095,0,0,0.000592979,0,,77.4,,235,0,30.17339817,9.692061232,107.8682,1,0,0,0,0,,44,-73,3616.772466,1100110010,https://www.sciencedirect.com/science/article/pii/S0925838816313470
83.47,3.89,0,0,7.88,4.04,0,0,0,0.71,0,0,0,0,0,0,0,0,0,653,600,710,824,0,0,12,3.89,11.92,0,0.71,0,0.04660357,0.142805798,0,0,0.00850605,0,,5.478873239,,16.78873239,0,35.38507627,10.77821289,196.966569,3,0,0,0,0,,-57,-171,3707.975743,1100110010,https://www.sciencedirect.com/science/article/pii/S0925838816313470
83.47,3.89,0,0,7.88,4.04,0,0,0,0.71,0,0,0,0,0,0,0,0,0,723,600,710,824,0,0,12,3.89,11.92,0,0.71,0,0.04660357,0.142805798,0,0,0.00850605,0,,5.478873239,,16.78873239,0,35.38507627,10.77821289,196.966569,3,0,0,0,0,,13,-101,4467.151926,1100110010,https://www.sciencedirect.com/science/article/pii/S0925838816313470
83.44,3.89,0,0,7.92,4.06,0,0.69,0,0,0,0,0,0,0,0,0,0,0,633,600,685,827,0,0,12,3.89,11.98,0,0.69,0,0.046620326,0.143576222,0,0,0.008269415,0,,5.637681159,,17.36231884,0,20.47747469,7.484870061,63.546,2,0,0,0,0,,-52,-194,4883.910206,1100110010,https://www.sciencedirect.com/science/article/pii/S0925838816313470
83.47,3.89,0,0,7.88,4.04,0,0,0,0.71,0,0,0,0,0,0,0,0,0,748,600,710,824,0,0,12,3.89,11.92,0,0.71,0,0.04660357,0.142805798,0,0,0.00850605,0,,5.478873239,,16.78873239,0,35.38507627,10.77821289,196.966569,3,0,0,0,0,,38,-76,5654.815944,1100110010,https://www.sciencedirect.com/science/article/pii/S0925838816313470
83.44,3.89,0,0,7.92,4.06,0,0.69,0,0,0,0,0,0,0,0,0,0,0,653,600,685,827,0,0,12,3.89,11.98,0,0.69,0,0.046620326,0.143576222,0,0,0.008269415,0,,5.637681159,,17.36231884,0,20.47747469,7.484870061,63.546,2,0,0,0,0,,-32,-174,5794.905667,1100110010,https://www.sciencedirect.com/science/article/pii/S0925838816313470
83.44,3.89,0,0,7.92,4.06,0,0.69,0,0,0,0,0,0,0,0,0,0,0,613,600,685,827,0,0,12,3.89,11.98,0,0.69,0,0.046620326,0.143576222,0,0,0.008269415,0,,5.637681159,,17.36231884,0,20.47747469,7.484870061,63.546,2,0,0,0,0,,-72,-214,7266.366409,1100110010,https://www.sciencedirect.com/science/article/pii/S0925838816313470
84.32,3.87,0,0,7.59,4.16,0,0,0.05,0,0,0,0,0,0,0,0,0,0,613,600,704,821,0,0,12,3.87,11.75,0,0.05,0,0.045896584,0.139350095,0,0,0.000592979,0,,77.4,,235,0,30.17339817,9.692061232,107.8682,1,0,0,0,0,,-91,-208,8505.496844,1100110010,https://www.sciencedirect.com/science/article/pii/S0925838816313470
83.44,3.89,0,0,7.92,4.06,0,0.69,0,0,0,0,0,0,0,0,0,0,0,673,600,685,827,0,0,12,3.89,11.98,0,0.69,0,0.046620326,0.143576222,0,0,0.008269415,0,,5.637681159,,17.36231884,0,20.47747469,7.484870061,63.546,2,0,0,0,0,,-12,-154,9249.379389,1100110010,https://www.sciencedirect.com/science/article/pii/S0925838816313470
83.47,3.89,0,0,7.88,4.04,0,0,0,0.71,0,0,0,0,0,0,0,0,0,633,600,710,824,0,0,12,3.89,11.92,0,0.71,0,0.04660357,0.142805798,0,0,0.00850605,0,,5.478873239,,16.78873239,0,35.38507627,10.77821289,196.966569,3,0,0,0,0,,-77,-191,9383.910206,1100110010,https://www.sciencedirect.com/science/article/pii/S0925838816313470
83.47,3.89,0,0,7.88,4.04,0,0,0,0.71,0,0,0,0,0,0,0,0,0,613,600,710,824,0,0,12,3.89,11.92,0,0.71,0,0.04660357,0.142805798,0,0,0.00850605,0,,5.478873239,,16.78873239,0,35.38507627,10.77821289,196.966569,3,0,0,0,0,,-97,-211,10706.6104,1100110010,https://www.sciencedirect.com/science/article/pii/S0925838816313470
83.44,3.89,0,0,7.92,4.06,0,0.69,0,0,0,0,0,0,0,0,0,0,0,723,600,685,827,0,0,12,3.89,11.98,0,0.69,0,0.046620326,0.143576222,0,0,0.008269415,0,,5.637681159,,17.36231884,0,20.47747469,7.484870061,63.546,2,0,0,0,0,,38,-104,10972.56011,1100110010,https://www.sciencedirect.com/science/article/pii/S0925838816313470
83.44,3.89,0,0,7.92,4.06,0,0.69,0,0,0,0,0,0,0,0,0,0,0,698,600,685,827,0,0,12,3.89,11.98,0,0.69,0,0.046620326,0.143576222,0,0,0.008269415,0,,5.637681159,,17.36231884,0,20.47747469,7.484870061,63.546,2,0,0,0,0,,13,-129,11040.33087,1100110010,https://www.sciencedirect.com/science/article/pii/S0925838816313470
