,Fe,Si,C,Al,B,P,Ga,Ge,Cu,Ag,Au,Zn,Ti,V,Cr,Mn,Zr,Nb,Mo,Hf,Ta,W,Ce,Pr,Gd,U,Annealing temperature (K),Annealing Time (s),Primary Crystallization Onset (K),Primary Crystallization Peak (K),Secondary Crystallization Peak (K),Longitudinal Annealing field,Transverse Annealing field,Ribbon Thickness (um),Coercivity,Curie Temp,Core Loss,Electrical Resistivity,Permeability,Magnetostriction,Magnetic Saturation,Grain Diameter,Reference DOI
0,74.3,13.6,0,0.0,8.0,0.1,0,0.0,0.7,0.0,0.0,0.0,0,0.0,0,0,0.2,2.8,0.0,0,0.5,0,0,0,0,0,817.0,3480.0,,,,,,,3.2,,,,,,1.011,,Experimental
1,74.1,14.3,0,0.0,7.9,0.3,0,0.0,0.7,0.0,0.0,0.0,0,0.0,0,0,0.0,2.8,0.0,0,0.0,0,0,0,0,0,816.0,1200.0,,,,,,,6.2,,,,,,1.067,,Experimental
3,80.0,9.0,0,0.0,7.9,0.0,0,0.0,0.7,0.0,0.0,0.0,0,0.0,0,0,0.0,2.5,0.0,0,0.0,0,0,0,0,0,785.0,1140.0,,,,,,,30.2,,,,,,0.993,,Experimental
4,78.9,8.9,0,0.0,7.7,0.2,0,0.0,0.6,0.0,0.0,0.0,0,0.0,0,0,1.2,2.5,0.0,0,0.0,0,0,0,0,0,783.0,6060.0,,,,,,,5.6,,,,,,1.182,,Experimental
5,72.9,16.2,0,0.0,6.9,0.0,0,0.0,1.0,0.0,0.0,0.0,0,0.0,0,0,0.0,3.0,0.0,0,0.0,0,0,0,0,0,813.0,3600.0,,,,,,,4.4,,,,,,0.997,,Experimental
12,73.5,13.5,0,0.0,9.0,0.0,0,0.0,0.0,1.0,0.0,0.0,0,0.0,0,0,0.0,3.0,0.0,0,0.0,0,0,0,0,0,1023.0,3600.0,887.0,1068.0,,0.0,0.0,30.0,1108.8,,,,,,0.77,130.497687,https://doi.org/10.1007/s11741-000-0017-x
13,73.5,13.5,0,0.0,9.0,0.0,0,0.0,0.0,1.0,0.0,0.0,0,0.0,0,0,0.0,3.0,0.0,0,0.0,0,0,0,0,0,1123.0,3600.0,887.0,1068.0,,0.0,0.0,30.0,1140.0,,,,,,0.74,130.5777858,https://doi.org/10.1007/s11741-000-0017-x
14,73.5,13.5,0,0.0,9.0,0.0,0,0.0,0.0,1.0,0.0,0.0,0,0.0,0,0,0.0,3.0,0.0,0,0.0,0,0,0,0,0,1073.0,3600.0,887.0,1068.0,,0.0,0.0,30.0,1124.8,,,,,,0.64,130.5375969,https://doi.org/10.1007/s11741-000-0017-x
16,73.5,13.5,0,0.0,9.0,0.0,0,0.0,0.0,1.0,0.0,0.0,0,0.0,0,0,0.0,3.0,0.0,0,0.0,0,0,0,0,0,973.0,3600.0,887.0,1068.0,,0.0,0.0,30.0,992.8,,,,,,0.89,117.0712307,https://doi.org/10.1007/s11741-000-0017-x
17,73.5,13.5,0,0.0,9.0,0.0,0,0.0,0.0,1.0,0.0,0.0,0,0.0,0,0,0.0,3.0,0.0,0,0.0,0,0,0,0,0,923.0,3600.0,887.0,1068.0,,0.0,0.0,30.0,961.6,,,,,,1.21,92.17111001,https://doi.org/10.1007/s11741-000-0017-x
19,73.5,13.5,0,0.0,9.0,0.0,0,0.0,0.0,1.0,0.0,0.0,0,0.0,0,0,0.0,3.0,0.0,0,0.0,0,0,0,0,0,873.0,3600.0,887.0,1068.0,,0.0,0.0,30.0,520.0,,,,,,1.15,80.33853603,https://doi.org/10.1007/s11741-000-0017-x
99,74.5,13.5,0,0.0,9.0,0.0,0,0.0,0.0,0.0,0.0,0.0,0,0.0,0,0,0.0,3.0,0.0,0,0.0,0,0,0,0,0,763.0,3600.0,,,,0.0,0.0,17.5,1.5,,1231.0,,10000.0,,1.28,,10.1063/1.342149
100,74.0,13.5,0,0.0,9.0,0.0,0,0.0,0.5,0.0,0.0,0.0,0,0.0,0,0,0.0,3.0,0.0,0,0.0,0,0,0,0,0,843.0,3600.0,,,,0.0,0.0,17.5,0.9788,,305.57,,53200.0,,1.2553,,10.1063/1.342149
101,73.5,13.5,0,0.0,9.0,0.0,0,0.0,1.0,0.0,0.0,0.0,0,0.0,0,0,0.0,3.0,0.0,0,0.0,0,0,0,0,0,853.0,3600.0,,,,0.0,0.0,17.5,0.5551,843.0,280.0,,100000.0,,1.2401,,10.1063/1.342149
107,73.0,13.5,0,0.0,9.0,0.0,0,0.0,1.5,0.0,0.0,0.0,0,0.0,0,0,0.0,3.0,0.0,0,0.0,0,0,0,0,0,833.0,3600.0,,,,0.0,0.0,17.5,0.6899,,314.68,,103000.0,,1.225,,10.1063/1.342149
108,73.5,16.5,0,0.0,6.0,0.0,0,0.0,1.0,0.0,0.0,0.0,0,0.0,0,0,0.0,3.0,0.0,0,0.0,0,0,0,0,0,853.0,3600.0,,,,0.0,0.0,17.5,1.1,833.0,280.0,,75000.0,,1.18,,10.1063/1.342149
109,73.5,13.5,0,0.0,9.0,0.0,0,0.0,1.0,0.0,0.0,0.0,0,0.0,0,0,0.0,3.0,0.0,0,0.0,0,0,0,0,0,813.15,3600.0,,,,0.0,0.0,20.0,0.81823,,,,82094.7301,,,11.2085,10.1109/20.104389
110,73.5,13.5,0,0.0,9.0,0.0,0,0.0,1.0,0.0,0.0,0.0,0,0.0,0,0,0.0,3.0,0.0,0,0.0,0,0,0,0,0,1173.15,3600.0,,,,0.0,0.0,20.0,1753.81,,,,83.1958,,,297.7811,10.1109/20.104389
111,73.5,13.5,0,0.0,9.0,0.0,0,0.0,1.0,0.0,0.0,0.0,0,0.0,0,0,0.0,3.0,0.0,0,0.0,0,0,0,0,0,973.15,3600.0,,,,0.0,0.0,20.0,3316.29,,,,59.5775,,,160.2419,10.1109/20.104389
112,74.5,13.5,0,0.0,9.0,0.0,0,0.0,0.0,0.0,0.0,0.0,0,0.0,0,0,0.0,3.0,0.0,0,0.0,0,0,0,0,0,813.15,3600.0,,,,0.0,0.0,20.0,1144.05,,,,108.1876,,,53.2477,10.1109/20.104389
113,74.5,13.5,0,0.0,9.0,0.0,0,0.0,0.0,0.0,0.0,0.0,0,0.0,0,0,0.0,3.0,0.0,0,0.0,0,0,0,0,0,853.15,3600.0,,,,0.0,0.0,20.0,232.79,,,,347.8054,,,29.58,10.1109/20.104389
114,74.5,13.5,0,0.0,9.0,0.0,0,0.0,0.0,0.0,0.0,0.0,0,0.0,0,0,0.0,3.0,0.0,0,0.0,0,0,0,0,0,803.15,3600.0,,,,0.0,0.0,20.0,93.29,,,,633.7115,,,25.1013,10.1109/20.104389
115,73.5,16.5,0,0.0,6.0,0.0,0,0.0,1.0,0.0,0.0,0.0,0,0.0,0,0,0.0,3.0,0.0,0,0.0,0,0,0,0,0,813.15,3600.0,,,,0.0,0.0,20.0,2.04,,,,27609.4837,,,14.0829,10.1109/20.104389
116,73.5,13.5,0,0.0,9.0,0.0,0,0.0,1.0,0.0,0.0,0.0,0,0.0,0,0,0.0,3.0,0.0,0,0.0,0,0,0,0,0,753.7266,3600.0,,,,0.0,0.0,20.0,2.21,,,,5350.203,,,,10.1109/20.104389
117,73.5,13.5,0,0.0,9.0,0.0,0,0.0,1.0,0.0,0.0,0.0,0,0.0,0,0,0.0,3.0,0.0,0,0.0,0,0,0,0,0,773.15,3600.0,,,,0.0,0.0,20.0,0.68783,,,,20696.43,,,,10.1109/20.104389
118,73.5,13.5,0,0.0,9.0,0.0,0,0.0,1.0,0.0,0.0,0.0,0,0.0,0,0,0.0,3.0,0.0,0,0.0,0,0,0,0,0,793.7873,3600.0,,,,0.0,0.0,20.0,0.5666,,,,75731.34,,,,10.1109/20.104389
119,73.5,13.5,0,0.0,9.0,0.0,0,0.0,1.0,0.0,0.0,0.0,0,0.0,0,0,0.0,3.0,0.0,0,0.0,0,0,0,0,0,813.2107,3600.0,,,,0.0,0.0,20.0,0.87656,,,,75731.34,,,,10.1109/20.104389
120,73.5,13.5,0,0.0,9.0,0.0,0,0.0,1.0,0.0,0.0,0.0,0,0.0,0,0,0.0,3.0,0.0,0,0.0,0,0,0,0,0,833.2410000000001,3600.0,,,,0.0,0.0,20.0,1.19,,,,81558.42,,,,10.1109/20.104389
121,73.5,13.5,0,0.0,9.0,0.0,0,0.0,1.0,0.0,0.0,0.0,0,0.0,0,0,0.0,3.0,0.0,0,0.0,0,0,0,0,0,844.1667,3600.0,,,,0.0,0.0,20.0,3.52,,,,27328.75,,,,10.1109/20.104389
122,73.5,13.5,0,0.0,9.0,0.0,0,0.0,1.0,0.0,0.0,0.0,0,0.0,0,0,0.0,3.0,0.0,0,0.0,0,0,0,0,0,863.5901,3600.0,,,,0.0,0.0,20.0,74.41,,,,4445.159000000001,,,,10.1109/20.104389
123,73.5,13.5,0,0.0,9.0,0.0,0,0.0,1.0,0.0,0.0,0.0,0,0.0,0,0,0.0,3.0,0.0,0,0.0,0,0,0,0,0,881.7995,3600.0,,,,0.0,0.0,20.0,1160.25,,,,709.752,,,,10.1109/20.104389
124,73.5,13.5,0,0.0,9.0,0.0,0,0.0,1.0,0.0,0.0,0.0,0,0.0,0,0,0.0,3.0,0.0,0,0.0,0,0,0,0,0,903.6508,3600.0,,,,0.0,0.0,20.0,3062.53,,,,,,,,10.1109/20.104389
125,73.5,13.5,0,0.0,9.0,0.0,0,0.0,1.0,0.0,0.0,0.0,0,0.0,0,0,0.0,3.0,0.0,0,0.0,0,0,0,0,0,933.9998,3600.0,,,,0.0,0.0,20.0,3049.25,,,,,,,,10.1109/20.104389
126,73.5,13.5,0,0.0,9.0,0.0,0,0.0,1.0,0.0,0.0,0.0,0,0.0,0,0,0.0,3.0,0.0,0,0.0,0,0,0,0,0,973.4535,3600.0,,,,0.0,0.0,20.0,2918.47,,,,,,,,10.1109/20.104389
127,73.5,13.5,0,0.0,9.0,0.0,0,0.0,1.0,0.0,0.0,0.0,0,0.0,0,0,0.0,3.0,0.0,0,0.0,0,0,0,0,0,1072.391,3600.0,,,,0.0,0.0,20.0,2079.89,,,,,,,,10.1109/20.104389
128,73.5,13.5,0,0.0,9.0,0.0,0,0.0,1.0,0.0,0.0,0.0,0,0.0,0,0,0.0,3.0,0.0,0,0.0,0,0,0,0,0,1173.757,3600.0,,,,0.0,0.0,20.0,1599.35,,,,,,,,10.1109/20.104389
129,74.5,13.5,0,0.0,9.0,0.0,0,0.0,0.0,0.0,0.0,0.0,0,0.0,0,0,0.0,3.0,0.0,0,0.0,0,0,0,0,0,772.543,3600.0,,,,0.0,0.0,20.0,1.66,,,,8346.976,,,,10.1109/20.104389
130,74.5,13.5,0,0.0,9.0,0.0,0,0.0,0.0,0.0,0.0,0.0,0,0.0,0,0,0.0,3.0,0.0,0,0.0,0,0,0,0,0,795.0013,3600.0,,,,0.0,0.0,20.0,1.78,,,,5979.432,,,,10.1109/20.104389
131,74.5,13.5,0,0.0,9.0,0.0,0,0.0,0.0,0.0,0.0,0.0,0,0.0,0,0,0.0,3.0,0.0,0,0.0,0,0,0,0,0,802.2851,3600.0,,,,0.0,0.0,20.0,98.07,,,,600.7199,,,,10.1109/20.104389
132,74.5,13.5,0,0.0,9.0,0.0,0,0.0,0.0,0.0,0.0,0.0,0,0.0,0,0,0.0,3.0,0.0,0,0.0,0,0,0,0,0,812.6037,3600.0,,,,0.0,0.0,20.0,1149.65,,,,107.1966,,,,10.1109/20.104389
133,74.5,13.5,0,0.0,9.0,0.0,0,0.0,0.0,0.0,0.0,0.0,0,0.0,0,0,0.0,3.0,0.0,0,0.0,0,0,0,0,0,823.5294,3600.0,,,,0.0,0.0,20.0,1363.05,,,,40.1441,,,,10.1109/20.104389
134,74.5,13.5,0,0.0,9.0,0.0,0,0.0,0.0,0.0,0.0,0.0,0,0.0,0,0,0.0,3.0,0.0,0,0.0,0,0,0,0,0,832.6341,3600.0,,,,0.0,0.0,20.0,1062.07,,,,41.6599,,,,10.1109/20.104389
135,74.5,13.5,0,0.0,9.0,0.0,0,0.0,0.0,0.0,0.0,0.0,0,0.0,0,0,0.0,3.0,0.0,0,0.0,0,0,0,0,0,842.9527,3600.0,,,,0.0,0.0,20.0,586.76,,,,68.7103,,,,10.1109/20.104389
136,74.5,13.5,0,0.0,9.0,0.0,0,0.0,0.0,0.0,0.0,0.0,0,0.0,0,0,0.0,3.0,0.0,0,0.0,0,0,0,0,0,853.2714,3600.0,,,,0.0,0.0,20.0,330.42,,,,338.2011,,,,10.1109/20.104389
137,74.5,13.5,0,0.0,9.0,0.0,0,0.0,0.0,0.0,0.0,0.0,0,0.0,0,0,0.0,3.0,0.0,0,0.0,0,0,0,0,0,852.6644,3600.0,,,,0.0,0.0,20.0,229.91,,,,646.9418,,,,10.1109/20.104389
138,74.5,13.5,0,0.0,9.0,0.0,0,0.0,0.0,0.0,0.0,0.0,0,0.0,0,0,0.0,3.0,0.0,0,0.0,0,0,0,0,0,883.0134,3600.0,,,,0.0,0.0,20.0,59.01,,,,537.5047,,,,10.1109/20.104389
139,74.5,13.5,0,0.0,9.0,0.0,0,0.0,0.0,0.0,0.0,0.0,0,0.0,0,0,0.0,3.0,0.0,0,0.0,0,0,0,0,0,903.6508,3600.0,,,,0.0,0.0,20.0,96.66,,,,,,,,10.1109/20.104389
140,74.5,13.5,0,0.0,9.0,0.0,0,0.0,0.0,0.0,0.0,0.0,0,0.0,0,0,0.0,3.0,0.0,0,0.0,0,0,0,0,0,933.3928,3600.0,,,,0.0,0.0,20.0,339.36,,,,,,,,10.1109/20.104389
141,74.5,13.5,0,0.0,9.0,0.0,0,0.0,0.0,0.0,0.0,0.0,0,0.0,0,0,0.0,3.0,0.0,0,0.0,0,0,0,0,0,972.8465,3600.0,,,,0.0,0.0,20.0,513.6,,,,,,,,10.1109/20.104389
142,74.5,13.5,0,0.0,9.0,0.0,0,0.0,0.0,0.0,0.0,0.0,0,0.0,0,0,0.0,3.0,0.0,0,0.0,0,0,0,0,0,1072.391,3600.0,,,,0.0,0.0,20.0,932.79,,,,,,,,10.1109/20.104389
143,74.5,13.5,0,0.0,9.0,0.0,0,0.0,0.0,0.0,0.0,0.0,0,0.0,0,0,0.0,3.0,0.0,0,0.0,0,0,0,0,0,1172.5430000000001,3600.0,,,,0.0,0.0,20.0,1178.54,,,,,,,,10.1109/20.104389
144,76.5,13.5,0,0.0,9.0,0.0,0,0.0,0.0,0.0,1.0,0.0,0,0.0,0,0,0.0,0.0,0.0,0,0.0,0,0,0,0,0,727.2123,3600.0,,,,0.0,0.0,,63.701,,,,,,,,10.2320/matertrans1989.30.947
145,76.5,13.5,0,0.0,9.0,0.0,0,0.0,0.0,0.0,1.0,0.0,0,0.0,0,0,0.0,0.0,0.0,0,0.0,0,0,0,0,0,777.6741,3600.0,,,,0.0,0.0,,3233.7136,,,,,,,,10.2320/matertrans1989.30.947
146,73.5,13.5,0,0.0,9.0,0.0,0,0.0,1.0,0.0,0.0,0.0,0,0.0,0,0,0.0,3.0,0.0,0,0.0,0,0,0,0,0,726.3937,3600.0,,,,0.0,0.0,,9.9487,,,,,,,,10.2320/matertrans1989.30.947
147,73.5,13.5,0,0.0,9.0,0.0,0,0.0,1.0,0.0,0.0,0.0,0,0.0,0,0,0.0,3.0,0.0,0,0.0,0,0,0,0,0,775.2444,3600.0,,,,0.0,0.0,,13.0548,,,,,,,,10.2320/matertrans1989.30.947
148,73.5,13.5,0,0.0,9.0,0.0,0,0.0,1.0,0.0,0.0,0.0,0,0.0,0,0,0.0,3.0,0.0,0,0.0,0,0,0,0,0,829.4325,3600.0,,,,0.0,0.0,,3.0972,,,,,,,,10.2320/matertrans1989.30.947
149,73.5,13.5,0,0.0,9.0,0.0,0,0.0,1.0,0.0,0.0,0.0,0,0.0,0,0,0.0,3.0,0.0,0,0.0,0,0,0,0,0,876.9337,3600.0,,,,0.0,0.0,,1904.19,,,,,,,,10.2320/matertrans1989.30.947
150,73.5,13.5,0,0.0,9.0,0.0,0,0.0,0.0,0.0,1.0,0.0,0,0.0,0,0,0.0,0.0,0.0,3,0.0,0,0,0,0,0,726.5332,3600.0,,,,0.0,0.0,,157.2306,,,,,,,,10.2320/matertrans1989.30.947
151,73.5,13.5,0,0.0,9.0,0.0,0,0.0,0.0,0.0,1.0,0.0,0,0.0,0,0,0.0,0.0,0.0,3,0.0,0,0,0,0,0,774.7421,3600.0,,,,0.0,0.0,,40.7952,,,,,,,,10.2320/matertrans1989.30.947
152,73.5,13.5,0,0.0,9.0,0.0,0,0.0,0.0,0.0,1.0,0.0,0,0.0,0,0,0.0,0.0,0.0,3,0.0,0,0,0,0,0,825.4074,3600.0,,,,0.0,0.0,,34.8831,,,,,,,,10.2320/matertrans1989.30.947
153,73.5,13.5,0,0.0,9.0,0.0,0,0.0,0.0,0.0,1.0,0.0,0,0.0,0,0,0.0,0.0,0.0,3,0.0,0,0,0,0,0,875.8231,3600.0,,,,0.0,0.0,,1654.7079,,,,,,,,10.2320/matertrans1989.30.947
154,73.5,13.5,0,0.0,9.0,0.0,0,0.0,0.0,0.0,1.0,0.0,0,0.0,0,0,0.0,0.0,0.0,0,3.0,0,0,0,0,0,728.1021,3600.0,,,,0.0,0.0,,63.7681,,,,,,,,10.2320/matertrans1989.30.947
155,73.5,13.5,0,0.0,9.0,0.0,0,0.0,0.0,0.0,1.0,0.0,0,0.0,0,0,0.0,0.0,0.0,0,3.0,0,0,0,0,0,778.2989,3600.0,,,,0.0,0.0,,18.0468,,,,147.7136,,,,10.2320/matertrans1989.30.947
156,73.5,13.5,0,0.0,9.0,0.0,0,0.0,0.0,0.0,1.0,0.0,0,0.0,0,0,0.0,0.0,0.0,0,3.0,0,0,0,0,0,825.2564,3600.0,,,,0.0,0.0,,2442.3697,,,,,,,,10.2320/matertrans1989.30.947
157,73.5,13.5,0,0.0,9.0,0.0,0,0.0,0.0,0.0,1.0,0.0,0,3.0,0,0,0.0,0.0,0.0,0,0.0,0,0,0,0,0,725.6702,3600.0,,,,0.0,0.0,,20.5089,,,,,,,,10.2320/matertrans1989.30.947
158,73.5,13.5,0,0.0,9.0,0.0,0,0.0,0.0,0.0,1.0,0.0,0,3.0,0,0,0.0,0.0,0.0,0,0.0,0,0,0,0,0,777.7195,3600.0,,,,0.0,0.0,,4.5968,,,,,,,,10.2320/matertrans1989.30.947
159,73.5,13.5,0,0.0,9.0,0.0,0,0.0,0.0,0.0,1.0,0.0,0,3.0,0,0,0.0,0.0,0.0,0,0.0,0,0,0,0,0,829.0876,3600.0,,,,0.0,0.0,,20.6433,,,,,,,,10.2320/matertrans1989.30.947
160,73.5,13.5,0,0.0,9.0,0.0,0,0.0,0.0,0.0,1.0,0.0,0,3.0,0,0,0.0,0.0,0.0,0,0.0,0,0,0,0,0,880.0489,3600.0,,,,0.0,0.0,,35.4874,,,,,,,,10.2320/matertrans1989.30.947
161,73.5,13.5,0,0.0,9.0,0.0,0,0.0,0.0,0.0,1.0,0.0,0,0.0,0,0,0.0,3.0,0.0,0,0.0,0,0,0,0,0,727.3253,3600.0,,,,0.0,0.0,,10.1969,,,,,,,,10.2320/matertrans1989.30.947
162,73.5,13.5,0,0.0,9.0,0.0,0,0.0,0.0,0.0,1.0,0.0,0,0.0,0,0,0.0,3.0,0.0,0,0.0,0,0,0,0,0,778.0524,3600.0,,,,0.0,0.0,,10.0846,,,,,,,,10.2320/matertrans1989.30.947
163,73.5,13.5,0,0.0,9.0,0.0,0,0.0,0.0,0.0,1.0,0.0,0,0.0,0,0,0.0,3.0,0.0,0,0.0,0,0,0,0,0,828.1136,3600.0,,,,0.0,0.0,,2.0723,,,,6628.4932,,,,10.2320/matertrans1989.30.947
164,73.5,13.5,0,0.0,9.0,0.0,0,0.0,0.0,0.0,1.0,0.0,0,0.0,0,0,0.0,3.0,0.0,0,0.0,0,0,0,0,0,876.9019,3600.0,,,,0.0,0.0,,2.1109,,,,,,,,10.2320/matertrans1989.30.947
165,73.5,13.5,0,0.0,9.0,0.0,0,0.0,0.0,0.0,1.0,0.0,0,0.0,0,0,0.0,3.0,0.0,0,0.0,0,0,0,0,0,926.4515,3600.0,,,,0.0,0.0,,1296.6316,,,,,,,,10.2320/matertrans1989.30.947
166,73.5,13.5,0,0.0,9.0,0.0,0,0.0,0.0,0.0,1.0,0.0,0,0.0,0,0,0.0,0.0,0.0,0,0.0,3,0,0,0,0,723.4506,3600.0,,,,0.0,0.0,,40.2514,,,,,,,,10.2320/matertrans1989.30.947
167,73.5,13.5,0,0.0,9.0,0.0,0,0.0,0.0,0.0,1.0,0.0,0,0.0,0,0,0.0,0.0,0.0,0,0.0,3,0,0,0,0,772.6326,3600.0,,,,0.0,0.0,,27.8054,,,,,,,,10.2320/matertrans1989.30.947
168,73.5,13.5,0,0.0,9.0,0.0,0,0.0,0.0,0.0,1.0,0.0,0,0.0,0,0,0.0,0.0,0.0,0,0.0,3,0,0,0,0,838.4811,3600.0,,,,0.0,0.0,,1307.8209,,,,,,,,10.2320/matertrans1989.30.947
169,73.5,13.5,0,0.0,9.0,0.0,0,0.0,0.0,0.0,1.0,0.0,0,0.0,0,0,0.0,0.0,3.0,0,0.0,0,0,0,0,0,725.0891,3600.0,,,,0.0,0.0,,8.5281,,,,,,,,10.2320/matertrans1989.30.947
170,73.5,13.5,0,0.0,9.0,0.0,0,0.0,0.0,0.0,1.0,0.0,0,0.0,0,0,0.0,0.0,3.0,0,0.0,0,0,0,0,0,774.3462,3600.0,,,,0.0,0.0,,8.3719,,,,1304.1838,,,,10.2320/matertrans1989.30.947
171,73.5,13.5,0,0.0,9.0,0.0,0,0.0,0.0,0.0,1.0,0.0,0,0.0,0,0,0.0,0.0,3.0,0,0.0,0,0,0,0,0,816.8553,3600.0,,,,0.0,0.0,,1645.2587,,,,,,,,10.2320/matertrans1989.30.947
246,73.5,13.5,0,0.0,9.0,0.0,0,0.0,1.0,0.0,0.0,0.0,0,0.0,0,0,0.0,3.0,0.0,0,0.0,0,0,0,0,0,823.0,3600.0,,,,1.0,0.0,18.0,0.35,,750.0,,25245.0,,1.24,,10.1109/20.42291
247,73.5,13.5,0,0.0,9.0,0.0,0,0.0,1.0,0.0,0.0,0.0,0,0.0,0,0,0.0,3.0,0.0,0,0.0,0,0,0,0,0,823.0,3600.0,,,,0.0,1.0,18.0,1.6,,246.85,,34417.5398,,1.24,,10.1109/20.42291
248,73.5,13.5,0,0.0,9.0,0.0,0,0.0,1.0,0.0,0.0,0.0,0,0.0,0,0,0.0,3.0,0.0,0,0.0,0,0,0,0,0,823.0,3600.0,,,,0.0,0.0,18.0,0.53,,246.85,,83823.6955,,1.24,,10.1109/20.42291
279,73.5,15.5,0,0.0,7.0,0.0,0,0.0,1.0,0.0,0.0,0.0,0,0.0,0,0,0.0,3.0,0.0,0,0.0,0,0,0,0,0,823.0,3600.0,,,,0.0,1.0,22.0,0.75,,338.91767999999996,,,,1.18,,10.1016/j.pnsc.2017.09.002
280,73.5,15.5,0,0.0,7.0,0.0,0,0.0,1.0,0.0,0.0,0.0,0,0.0,0,0,0.0,3.0,0.0,0,0.0,0,0,0,0,0,823.0,3600.0,,,,0.0,1.0,18.0,0.72,,331.87032,,,,1.18,,10.1016/j.pnsc.2017.09.002
281,73.5,15.5,0,0.0,7.0,0.0,0,0.0,1.0,0.0,0.0,0.0,0,0.0,0,0,0.0,3.0,0.0,0,0.0,0,0,0,0,0,823.0,3600.0,,,,0.0,1.0,14.0,0.65,,161.36568,,,,1.18,,10.1016/j.pnsc.2017.09.002
293,84.0,4.0,0,0.0,8.0,4.0,0,0.0,0.0,0.0,0.0,0.0,0,0.0,0,0,0.0,0.0,0.0,0,0.0,0,0,0,0,0,623.0,1800.0,,701.0,808.0,0.0,0.0,22.5,55.30511164,,,,,,,,10.1063/1.3535290
294,84.0,4.0,0,0.0,8.0,4.0,0,0.0,0.0,0.0,0.0,0.0,0,0.0,0,0,0.0,0.0,0.0,0,0.0,0,0,0,0,0,642.8137803,1800.0,,701.0,808.0,0.0,0.0,22.5,172.9585844,,,,,,,,10.1063/1.3535290
295,84.0,4.0,0,0.0,8.0,4.0,0,0.0,0.0,0.0,0.0,0.0,0,0.0,0,0,0.0,0.0,0.0,0,0.0,0,0,0,0,0,662.8882682,1800.0,,701.0,808.0,0.0,0.0,22.5,618.0118245,,,,,,,,10.1063/1.3535290
296,84.0,4.0,0,0.0,8.0,4.0,0,0.0,0.0,0.0,0.0,0.0,0,0.0,0,0,0.0,0.0,0.0,0,0.0,0,0,0,0,0,682.9627561000001,1800.0,,701.0,808.0,0.0,0.0,22.5,573.9082182,,,,,,,,10.1063/1.3535290
297,84.0,4.0,0,0.0,8.0,4.0,0,0.0,0.0,0.0,0.0,0.0,0,0.0,0,0,0.0,0.0,0.0,0,0.0,0,0,0,0,0,703.0372438999999,1800.0,,701.0,808.0,0.0,0.0,22.5,548.9715514999999,,,,,,,,10.1063/1.3535290
298,84.0,4.0,0,0.0,8.0,4.0,0,0.0,0.0,0.0,0.0,0.0,0,0.0,0,0,0.0,0.0,0.0,0,0.0,0,0,0,0,0,722.8510242000001,1800.0,,701.0,808.0,0.0,0.0,22.5,494.91858439999993,,,,,,1.81617,53.09553001,10.1063/1.3535290
299,84.0,4.0,0,0.0,8.0,4.0,0,0.0,0.0,0.0,0.0,0.0,0,0.0,0,0,0.0,0.0,0.0,0,0.0,0,0,0,0,0,742.9255121,1800.0,,701.0,808.0,0.0,0.0,22.5,599.9776163,,,,,,,,10.1063/1.3535290
300,84.0,4.0,0,0.0,8.0,4.0,0,0.0,0.0,0.0,0.0,0.0,0,0.0,0,0,0.0,0.0,0.0,0,0.0,0,0,0,0,0,763.2607076,1800.0,,701.0,808.0,0.0,0.0,22.5,627.2311995,,,,,,,,10.1063/1.3535290
301,83.5,4.0,0,0.0,8.0,4.0,0,0.0,0.5,0.0,0.0,0.0,0,0.0,0,0,0.0,0.0,0.0,0,0.0,0,0,0,0,0,723.0,1800.0,,675.0,810.0,0.0,0.0,22.5,4.50396255,,,,,,1.8097712,22.81966794,10.1063/1.3535290
302,83.25,4.0,0,0.0,8.0,4.0,0,0.0,0.75,0.0,0.0,0.0,0,0.0,0,0,0.0,0.0,0.0,0,0.0,0,0,0,0,0,623.0,1800.0,,673.0,810.0,0.0,0.0,22.5,57.81730946,,,,,,,,10.1063/1.3535290
303,83.25,4.0,0,0.0,8.0,4.0,0,0.0,0.75,0.0,0.0,0.0,0,0.0,0,0,0.0,0.0,0.0,0,0.0,0,0,0,0,0,643.0744879,1800.0,,673.0,810.0,0.0,0.0,22.5,65.08858394,,,,,,,,10.1063/1.3535290
304,83.25,4.0,0,0.0,8.0,4.0,0,0.0,0.75,0.0,0.0,0.0,0,0.0,0,0,0.0,0.0,0.0,0,0.0,0,0,0,0,0,662.6275605000001,1800.0,,673.0,810.0,0.0,0.0,22.5,56.13014207,,,,,,,,10.1063/1.3535290
305,83.25,4.0,0,0.0,8.0,4.0,0,0.0,0.75,0.0,0.0,0.0,0,0.0,0,0,0.0,0.0,0.0,0,0.0,0,0,0,0,0,682.9627561000001,1800.0,,673.0,810.0,0.0,0.0,22.5,21.75808048,,,,,,,,10.1063/1.3535290
306,83.25,4.0,0,0.0,8.0,4.0,0,0.0,0.75,0.0,0.0,0.0,0,0.0,0,0,0.0,0.0,0.0,0,0.0,0,0,0,0,0,703.0372438999999,1800.0,,673.0,810.0,0.0,0.0,22.5,4.082559058,,,,,,,,10.1063/1.3535290
307,83.25,4.0,0,0.0,8.0,4.0,0,0.0,0.75,0.0,0.0,0.0,0,0.0,0,0,0.0,0.0,0.0,0,0.0,0,0,0,0,0,723.1117318,1800.0,,673.0,810.0,0.0,0.0,22.5,4.595993663,,,,,,1.812788589,17.09604087,10.1063/1.3535290
308,83.25,4.0,0,0.0,8.0,4.0,0,0.0,0.75,0.0,0.0,0.0,0,0.0,0,0,0.0,0.0,0.0,0,0.0,0,0,0,0,0,742.9255121,1800.0,,673.0,810.0,0.0,0.0,22.5,30.58655373,,,,,,,,10.1063/1.3535290
309,83.25,4.0,0,0.0,8.0,4.0,0,0.0,0.75,0.0,0.0,0.0,0,0.0,0,0,0.0,0.0,0.0,0,0.0,0,0,0,0,0,763.2607076,1800.0,,673.0,810.0,0.0,0.0,22.5,114.2556837,,,,,,,,10.1063/1.3535290
310,83.0,4.0,0,0.0,8.0,4.0,0,0.0,1.0,0.0,0.0,0.0,0,0.0,0,0,0.0,0.0,0.0,0,0.0,0,0,0,0,0,723.0,1800.0,,673.0,808.0,0.0,0.0,22.5,2.32280671,,,,,,1.820885122,16.54482759,10.1063/1.3535290
311,82.75,4.0,0,0.0,8.0,4.0,0,0.0,1.25,0.0,0.0,0.0,0,0.0,0,0,0.0,0.0,0.0,0,0.0,0,0,0,0,0,622.7392924,1800.0,,671.0,810.0,0.0,0.0,22.5,38.19386152,,,,,,,,10.1063/1.3535290
312,82.75,4.0,0,0.0,8.0,4.0,0,0.0,1.25,0.0,0.0,0.0,0,0.0,0,0,0.0,0.0,0.0,0,0.0,0,0,0,0,0,642.8137803,1800.0,,671.0,810.0,0.0,0.0,22.5,44.95035428,,,,,,,,10.1063/1.3535290
313,82.75,4.0,0,0.0,8.0,4.0,0,0.0,1.25,0.0,0.0,0.0,0,0.0,0,0,0.0,0.0,0.0,0,0.0,0,0,0,0,0,662.8882682,1800.0,,671.0,810.0,0.0,0.0,22.5,37.07932613,,,,,,,,10.1063/1.3535290
314,82.75,4.0,0,0.0,8.0,4.0,0,0.0,1.25,0.0,0.0,0.0,0,0.0,0,0,0.0,0.0,0.0,0,0.0,0,0,0,0,0,683.2234637,1800.0,,671.0,810.0,0.0,0.0,22.5,26.77026887,,,,,,,,10.1063/1.3535290
315,82.75,4.0,0,0.0,8.0,4.0,0,0.0,1.25,0.0,0.0,0.0,0,0.0,0,0,0.0,0.0,0.0,0,0.0,0,0,0,0,0,703.0372438999999,1800.0,,671.0,810.0,0.0,0.0,22.5,13.74876426,,,,,,,,10.1063/1.3535290
316,82.75,4.0,0,0.0,8.0,4.0,0,0.0,1.25,0.0,0.0,0.0,0,0.0,0,0,0.0,0.0,0.0,0,0.0,0,0,0,0,0,723.1117318,1800.0,,671.0,810.0,0.0,0.0,22.5,2.065915434,,,,,,1.8318120999999998,15.99463602,10.1063/1.3535290
317,82.75,4.0,0,0.0,8.0,4.0,0,0.0,1.25,0.0,0.0,0.0,0,0.0,0,0,0.0,0.0,0.0,0,0.0,0,0,0,0,0,742.9255121,1800.0,,671.0,810.0,0.0,0.0,22.5,30.58655373,,,,,,,,10.1063/1.3535290
318,82.75,4.0,0,0.0,8.0,4.0,0,0.0,1.25,0.0,0.0,0.0,0,0.0,0,0,0.0,0.0,0.0,0,0.0,0,0,0,0,0,762.7392924,1800.0,,671.0,810.0,0.0,0.0,22.5,72.19729069,,,,,,,,10.1063/1.3535290
319,82.5,4.0,0,0.0,8.0,4.0,0,0.0,1.5,0.0,0.0,0.0,0,0.0,0,0,0.0,0.0,0.0,0,0.0,0,0,0,0,0,623.0,1800.0,,666.0,808.0,0.0,0.0,22.5,44.95035428,,,,,,,,10.1063/1.3535290
320,82.5,4.0,0,0.0,8.0,4.0,0,0.0,1.5,0.0,0.0,0.0,0,0.0,0,0,0.0,0.0,0.0,0,0.0,0,0,0,0,0,643.0744879,1800.0,,666.0,808.0,0.0,0.0,22.5,45.62091454,,,,,,,,10.1063/1.3535290
321,82.5,4.0,0,0.0,8.0,4.0,0,0.0,1.5,0.0,0.0,0.0,0,0.0,0,0,0.0,0.0,0.0,0,0.0,0,0,0,0,0,662.8882682,1800.0,,666.0,808.0,0.0,0.0,22.5,44.28965026,,,,,,,,10.1063/1.3535290
322,82.5,4.0,0,0.0,8.0,4.0,0,0.0,1.5,0.0,0.0,0.0,0,0.0,0,0,0.0,0.0,0.0,0,0.0,0,0,0,0,0,682.9627561000001,1800.0,,666.0,808.0,0.0,0.0,22.5,31.04283774,,,,,,,,10.1063/1.3535290
323,82.5,4.0,0,0.0,8.0,4.0,0,0.0,1.5,0.0,0.0,0.0,0,0.0,0,0,0.0,0.0,0.0,0,0.0,0,0,0,0,0,703.0372438999999,1800.0,,666.0,808.0,0.0,0.0,22.5,25.98908543,,,,,,,,10.1063/1.3535290
324,82.5,4.0,0,0.0,8.0,4.0,0,0.0,1.5,0.0,0.0,0.0,0,0.0,0,0,0.0,0.0,0.0,0,0.0,0,0,0,0,0,723.1117318,1800.0,,666.0,808.0,0.0,0.0,22.5,3.318182905,,,,,,1.81448211,16.06309068,10.1063/1.3535290
325,82.5,4.0,0,0.0,8.0,4.0,0,0.0,1.5,0.0,0.0,0.0,0,0.0,0,0,0.0,0.0,0.0,0,0.0,0,0,0,0,0,742.9255121,1800.0,,666.0,808.0,0.0,0.0,22.5,29.25754907,,,,,,,,10.1063/1.3535290
326,82.5,4.0,0,0.0,8.0,4.0,0,0.0,1.5,0.0,0.0,0.0,0,0.0,0,0,0.0,0.0,0.0,0,0.0,0,0,0,0,0,763.0,1800.0,,666.0,808.0,0.0,0.0,22.5,83.72006985,,,,,,,,10.1063/1.3535290
329,73.5,13.5,0,0.0,9.0,0.0,0,0.0,1.0,0.0,0.0,0.0,0,0.0,0,0,0.0,3.0,0.0,0,0.0,0,0,0,0,0,653.0,7200.0,,,,0.0,0.0,18.5,0.5,844.0,,,150000.0,2.1,1.23,,10.1109/TMAG.2011.2175210
330,84.3,4.0,0,0.0,8.0,3.0,0,0.0,0.7,0.0,0.0,0.0,0,0.0,0,0,0.0,0.0,0.0,0,0.0,0,0,0,0,0,697.2049641,600.0,,,,0.0,0.0,20.0,114.33104569999999,,,,,,,,10.1063/1.3058624
331,84.3,4.0,0,0.0,8.0,3.0,0,0.0,0.7,0.0,0.0,0.0,0,0.0,0,0,0.0,0.0,0.0,0,0.0,0,0,0,0,0,722.4097839,600.0,,,,0.0,0.0,20.0,9.766168401,,,,,,,,10.1063/1.3058624
332,84.3,4.0,0,0.0,8.0,3.0,0,0.0,0.7,0.0,0.0,0.0,0,0.0,0,0,0.0,0.0,0.0,0,0.0,0,0,0,0,0,747.7656728,600.0,,,,0.0,0.0,20.0,10.63843937,,,,16000.0,3.0,1.94,17.0,10.1063/1.3058624
333,84.3,4.0,0,0.0,8.0,3.0,0,0.0,0.7,0.0,0.0,0.0,0,0.0,0,0,0.0,0.0,0.0,0,0.0,0,0,0,0,0,772.5590484,600.0,,,,0.0,0.0,20.0,131.20407279999998,,,,,,,,10.1063/1.3058624
334,84.3,4.0,0,0.0,8.0,3.0,0,0.0,0.7,0.0,0.0,0.0,0,0.0,0,0,0.0,0.0,0.0,0,0.0,0,0,0,0,0,797.6045496,600.0,,,,0.0,0.0,20.0,1115.224953,,,,,,,,10.1063/1.3058624
335,83.3,4.0,0,0.0,12.0,0.0,0,0.0,0.7,0.0,0.0,0.0,0,0.0,0,0,0.0,0.0,0.0,0,0.0,0,0,0,0,0,722.6900092999999,600.0,,,,0.0,0.0,20.0,94.55782409999999,,,,,,,,10.1063/1.3058624
336,83.3,4.0,0,0.0,12.0,0.0,0,0.0,0.7,0.0,0.0,0.0,0,0.0,0,0,0.0,0.0,0.0,0,0.0,0,0,0,0,0,747.8600265,600.0,,,,0.0,0.0,20.0,697.7215986000001,,,,,,,,10.1063/1.3058624
337,83.3,4.0,0,0.0,12.0,0.0,0,0.0,0.7,0.0,0.0,0.0,0,0.0,0,0,0.0,0.0,0.0,0,0.0,0,0,0,0,0,772.5868905,600.0,,,,0.0,0.0,20.0,1856.9815350000001,,,,,,,,10.1063/1.3058624
338,83.3,4.0,0,0.0,8.0,4.0,0,0.0,0.7,0.0,0.0,0.0,0,0.0,0,0,0.0,0.0,0.0,0,0.0,0,0,0,0,0,697.6104789,600.0,,,,0.0,0.0,20.0,29.71725196,,,,,,,,10.1063/1.3058624
339,83.3,4.0,0,0.0,8.0,4.0,0,0.0,0.7,0.0,0.0,0.0,0,0.0,0,0,0.0,0.0,0.0,0,0.0,0,0,0,0,0,722.6559801,600.0,,,,0.0,0.0,20.0,7.9877379379999995,,,,,,,,10.1063/1.3058624
340,83.3,4.0,0,0.0,8.0,4.0,0,0.0,0.7,0.0,0.0,0.0,0,0.0,0,0,0.0,0.0,0.0,0,0.0,0,0,0,0,0,747.7824296,600.0,,,,0.0,0.0,20.0,6.557639363,,,,25000.0,2.0,1.88,10.0,10.1063/1.3058624
341,83.3,4.0,0,0.0,8.0,4.0,0,0.0,0.7,0.0,0.0,0.0,0,0.0,0,0,0.0,0.0,0.0,0,0.0,0,0,0,0,0,772.8189079,600.0,,,,0.0,0.0,20.0,72.32856115,,,,,,,,10.1063/1.3058624
342,83.3,4.0,0,0.0,8.0,4.0,0,0.0,0.7,0.0,0.0,0.0,0,0.0,0,0,0.0,0.0,0.0,0,0.0,0,0,0,0,0,797.8476522000001,600.0,,,,0.0,0.0,20.0,997.3678874,,,,,,,,10.1063/1.3058624
343,73.5,13.5,0,0.0,9.0,0.0,0,0.0,1.0,0.0,0.0,0.0,0,0.0,0,0,0.0,3.0,0.0,0,0.0,0,0,0,0,0,772.8571429,1800.0,,,,0.0,0.0,24.0,1.72351632,,,,18202.30491,,1.148653632,,10.1016/j.jallcom.2006.08.321
344,73.5,13.5,0,0.0,9.0,0.0,0,0.0,1.0,0.0,0.0,0.0,0,0.0,0,0,0.0,3.0,0.0,0,0.0,0,0,0,0,0,792.9323307999999,1800.0,,,,0.0,0.0,24.0,0.832452139,,,,396617.2459,,1.158461345,,10.1016/j.jallcom.2006.08.321
345,73.5,13.5,0,0.0,9.0,0.0,0,0.0,1.0,0.0,0.0,0.0,0,0.0,0,0,0.0,3.0,0.0,0,0.0,0,0,0,0,0,812.7819549,1800.0,,,,0.0,0.0,24.0,0.5830991870000001,,,,500747.9393,,1.179037306,,10.1016/j.jallcom.2006.08.321
346,73.5,13.5,0,0.0,9.0,0.0,0,0.0,1.0,0.0,0.0,0.0,0,0.0,0,0,0.0,3.0,0.0,0,0.0,0,0,0,0,0,822.9323307999999,1800.0,,,,0.0,0.0,24.0,0.565374583,,,,443167.72,,1.208341728,,10.1016/j.jallcom.2006.08.321
347,73.5,13.5,0,0.0,9.0,0.0,0,0.0,1.0,0.0,0.0,0.0,0,0.0,0,0,0.0,3.0,0.0,0,0.0,0,0,0,0,0,832.8571429,1800.0,,,,0.0,0.0,24.0,2.151525222,,,,188341.3643,,1.218270857,,10.1016/j.jallcom.2006.08.321
348,73.5,13.5,0,0.0,9.0,0.0,0,0.0,1.0,0.0,0.0,0.0,0,0.0,0,0,0.0,3.0,0.0,0,0.0,0,0,0,0,0,852.9323308,1800.0,,,,0.0,0.0,24.0,7.249765854,,,,55788.10563,,1.198652732,,10.1016/j.jallcom.2006.08.321
349,73.5,13.5,0,0.0,9.0,0.0,0,0.0,1.0,0.0,0.0,0.0,0,0.0,0,0,0.0,3.0,0.0,0,0.0,0,0,0,0,0,813.0,1800.0,,,,0.0,0.0,20.0,1.196052632,,296.874236,,86518.51852,,1.25,12.5,10.1016/j.jallcom.2006.12.133
350,73.5,13.5,0,0.0,9.0,0.0,0,0.0,1.0,0.0,0.0,0.0,0,1.0,0,0,0.0,2.0,0.0,0,0.0,0,0,0,0,0,833.0,1800.0,,,,0.0,0.0,20.0,0.9,,274.8184685,,94814.81481,,1.239583333,12.00961538,10.1016/j.jallcom.2006.12.133
351,73.5,13.5,0,0.0,9.0,0.0,0,0.0,1.0,0.0,0.0,0.0,0,1.5,0,0,0.0,1.5,0.0,0,0.0,0,0,0,0,0,833.0,1800.0,,,,0.0,0.0,20.0,0.788157895,,234.9885091,,135111.1111,,1.260416667,11.0,10.1016/j.jallcom.2006.12.133
352,73.5,13.5,0,0.0,9.0,0.0,0,0.0,1.0,0.0,0.0,0.0,0,2.0,0,0,0.0,1.0,0.0,0,0.0,0,0,0,0,0,833.0,1800.0,,,,0.0,0.0,20.0,0.544736842,,197.6095301,,125629.6296,,1.2881944440000002,9.009615385,10.1016/j.jallcom.2006.12.133
360,80.6,5.0,0,0.0,13.0,0.0,0,0.0,1.4,0.0,0.0,0.0,0,0.0,0,0,0.0,0.0,0.0,0,0.0,0,0,0,0,0,664.00271,3600.0,,,,0.0,0.0,21.0,5.7,,,,,,1.8,,10.1143/JJAP.46.L477
409,73.5,15.5,0,0.0,7.0,0.0,0,0.0,1.0,0.0,0.0,0.0,0,0.0,0,0,0.0,3.0,0.0,0,0.0,0,0,0,0,0,813.15,1800.0,,824.0,999.0,0.0,0.0,20.0,1.591549431,,,,,,1.01,,10.1016/S0921-4526(02)01741-6
410,73.5,15.5,0,0.0,6.0,1.0,0,0.0,1.0,0.0,0.0,0.0,0,0.0,0,0,0.0,3.0,0.0,0,0.0,0,0,0,0,0,813.15,1800.0,,824.0,963.0,0.0,0.0,20.0,3.183098862,,,,,,0.93,,10.1016/S0921-4526(02)01741-6
411,73.5,15.5,0,0.0,5.0,2.0,0,0.0,1.0,0.0,0.0,0.0,0,0.0,0,0,0.0,3.0,0.0,0,0.0,0,0,0,0,0,813.15,1800.0,,823.0,924.0,0.0,0.0,20.0,3.0239439189999997,,,,,,0.78,,10.1016/S0921-4526(02)01741-6
412,73.5,15.5,0,0.0,4.0,3.0,0,0.0,1.0,0.0,0.0,0.0,0,0.0,0,0,0.0,3.0,0.0,0,0.0,0,0,0,0,0,813.15,1800.0,,823.0,916.0,0.0,0.0,20.0,2.785211504,,,,,,0.67,,10.1016/S0921-4526(02)01741-6
413,73.5,15.5,0,0.0,3.0,4.0,0,0.0,1.0,0.0,0.0,0.0,0,0.0,0,0,0.0,3.0,0.0,0,0.0,0,0,0,0,0,813.15,1800.0,,830.0,895.0,0.0,0.0,20.0,6.366197724,,,,,,0.69,,10.1016/S0921-4526(02)01741-6
433,73.5,13.5,0,0.0,9.0,0.0,0,0.0,1.0,0.0,0.0,0.0,0,0.0,0,0,0.0,3.0,0.0,0,0.0,0,0,0,0,0,565.0,3600.0,,769.0,905.0,0.0,0.0,20.0,0.9961289090000001,,,,,2.0,1.247222601,,10.1063/1.352574
434,73.5,13.5,0,0.1,9.0,0.0,0,0.0,1.0,0.0,0.0,0.0,0,0.0,0,0,0.0,3.0,0.0,0,0.0,0,0,0,0,0,565.0,3600.0,,773.0,917.0,0.0,0.0,20.0,0.860179103,,,,,,1.116364133,,10.1063/1.352574
435,73.5,13.5,0,0.5,9.0,0.0,0,0.0,1.0,0.0,0.0,0.0,0,0.0,0,0,0.0,3.0,0.0,0,0.0,0,0,0,0,0,565.0,3600.0,,756.0,913.0,0.0,0.0,20.0,0.773290115,,,,,,1.109703835,,10.1063/1.352574
436,73.5,13.5,0,1.0,9.0,0.0,0,0.0,1.0,0.0,0.0,0.0,0,0.0,0,0,0.0,3.0,0.0,0,0.0,0,0,0,0,0,565.0,3600.0,,760.0,916.0,0.0,0.0,20.0,0.737777957,,,,,5.0,1.076620718,,10.1063/1.352574
437,73.0,11.0,0,0.0,9.0,0.0,4,0.0,0.0,0.0,0.0,0.0,0,0.0,0,0,0.0,3.0,0.0,0,0.0,0,0,0,0,0,722.4215247000001,3600.0,,785.0,965.0,0.0,0.0,25.0,4.511745962,,,,,,,,10.1016/0921-5093(94)90259-3
438,73.0,11.0,0,0.0,9.0,0.0,4,0.0,0.0,0.0,0.0,0.0,0,0.0,0,0,0.0,3.0,0.0,0,0.0,0,0,0,0,0,747.9820628,3600.0,,785.0,965.0,0.0,0.0,25.0,2.148175488,,,,,,,,10.1016/0921-5093(94)90259-3
439,73.0,11.0,0,0.0,9.0,0.0,4,0.0,0.0,0.0,0.0,0.0,0,0.0,0,0,0.0,3.0,0.0,0,0.0,0,0,0,0,0,773.5426008999999,3600.0,,785.0,965.0,0.0,0.0,25.0,1.0340325540000002,,,,,,,,10.1016/0921-5093(94)90259-3
440,73.0,11.0,0,0.0,9.0,0.0,4,0.0,0.0,0.0,0.0,0.0,0,0.0,0,0,0.0,3.0,0.0,0,0.0,0,0,0,0,0,797.7578474999999,3600.0,,785.0,965.0,0.0,0.0,25.0,1.045378462,,,,,,,,10.1016/0921-5093(94)90259-3
441,73.0,11.0,0,0.0,9.0,0.0,4,0.0,0.0,0.0,0.0,0.0,0,0.0,0,0,0.0,3.0,0.0,0,0.0,0,0,0,0,0,823.3183857,3600.0,,785.0,965.0,0.0,0.0,25.0,1.450285962,,,,,,,,10.1016/0921-5093(94)90259-3
442,73.0,11.0,0,0.0,9.0,0.0,4,0.0,0.0,0.0,0.0,0.0,0,0.0,0,0,0.0,3.0,0.0,0,0.0,0,0,0,0,0,848.2062779999999,3600.0,,785.0,965.0,0.0,0.0,25.0,1.765069051,,,,,,,,10.1016/0921-5093(94)90259-3
443,73.0,11.0,0,0.0,9.0,0.0,4,0.0,0.0,0.0,0.0,0.0,0,0.0,0,0,0.0,3.0,0.0,0,0.0,0,0,0,0,0,873.0941703999999,3600.0,,785.0,965.0,0.0,0.0,25.0,27.01443091,,,,,,,,10.1016/0921-5093(94)90259-3
444,73.5,13.5,0,0.0,9.0,0.0,0,0.0,0.5,0.0,0.0,0.5,0,0.0,0,0,0.0,3.0,0.0,0,0.0,0,0,0,0,0,803.0,1800.0,,,,0.0,0.0,25.0,0.06,,,,,,,,https://doi.org/10.1016/j.jmmm.2006.01.057
445,73.5,13.5,0,0.0,9.0,0.0,0,0.0,0.5,0.5,0.0,0.0,0,0.0,0,0,0.0,3.0,0.0,0,0.0,0,0,0,0,0,828.0,1800.0,,,,0.0,0.0,25.0,0.046,,,,,,,,https://doi.org/10.1016/j.jmmm.2006.01.057
446,73.5,13.5,0,0.0,9.0,0.0,0,0.0,0.0,0.0,1.0,0.0,0,0.0,0,0,0.0,3.0,0.0,0,0.0,0,0,0,0,0,803.0,5400.0,,,,0.0,0.0,25.0,0.022000000000000002,,,,,,,,https://doi.org/10.1016/j.jmmm.2006.01.057
447,72.5,13.5,0,0.0,9.0,0.0,0,0.0,1.0,0.0,0.0,0.0,0,2.0,0,0,0.0,1.0,1.0,0,0.0,0,0,0,0,0,813.0,1800.0,,,,0.0,0.0,,1.13,,,,,,0.82,,https://doi.org/10.1016/j.jmmm.2010.05.008
448,72.5,13.5,0,0.0,9.0,0.0,0,0.0,1.0,0.0,0.0,0.0,0,2.0,0,0,0.0,0.0,1.0,0,0.0,1,0,0,0,0,813.0,1800.0,,,,0.0,0.0,,0.78,,,,,,0.96,,https://doi.org/10.1016/j.jmmm.2010.05.008
449,72.5,13.5,0,0.0,9.0,0.0,0,0.0,1.0,0.0,0.0,0.0,0,2.0,0,0,0.0,0.0,2.0,0,0.0,0,0,0,0,0,813.0,1800.0,,,,0.0,0.0,,1.06,,,,,,0.87,,https://doi.org/10.1016/j.jmmm.2010.05.008
450,72.5,13.5,0,0.0,9.0,0.0,0,0.0,1.0,0.0,0.0,0.0,0,2.0,0,0,0.0,2.0,0.0,0,0.0,0,0,0,0,0,813.0,1800.0,,,,0.0,0.0,,0.56,,,,,,1.04,,https://doi.org/10.1016/j.jmmm.2010.05.008
451,81.0,4.0,0,0.0,11.0,2.0,0,0.0,1.0,0.0,0.0,0.0,0,1.0,0,0,0.0,0.0,0.0,0,0.0,0,0,0,0,0,698.0,60.0,,696.0,817.0,0.0,0.0,22.5,7.079107512,,,,,,1.6297989030000002,,https://doi.org/10.1016/j.jallcom.2014.10.202
452,81.0,4.0,0,0.0,11.0,2.0,0,0.0,1.0,0.0,0.0,0.0,0,1.0,0,0,0.0,0.0,0.0,0,0.0,0,0,0,0,0,698.0,180.0,,696.0,817.0,0.0,0.0,22.5,5.043141568999999,,,,,,1.689579525,,https://doi.org/10.1016/j.jallcom.2014.10.202
453,81.0,4.0,0,0.0,11.0,2.0,0,0.0,1.0,0.0,0.0,0.0,0,1.0,0,0,0.0,0.0,0.0,0,0.0,0,0,0,0,0,698.0,300.0,,696.0,817.0,0.0,0.0,22.5,5.626602338,,,,,,1.689579525,,https://doi.org/10.1016/j.jallcom.2014.10.202
454,81.0,4.0,0,0.0,11.0,2.0,0,0.0,1.0,0.0,0.0,0.0,0,1.0,0,0,0.0,0.0,0.0,0,0.0,0,0,0,0,0,698.0,600.0,,696.0,817.0,0.0,0.0,22.5,8.055993413,,,,,,1.7191956119999998,,https://doi.org/10.1016/j.jallcom.2014.10.202
455,81.0,4.0,0,0.0,11.0,2.0,0,0.0,1.0,0.0,0.0,0.0,0,1.0,0,0,0.0,0.0,0.0,0,0.0,0,0,0,0,0,698.0,900.0,,696.0,817.0,0.0,0.0,22.5,10.17720202,,,,,,1.7394881169999998,,https://doi.org/10.1016/j.jallcom.2014.10.202
458,81.0,4.0,0,0.0,10.0,4.0,0,0.0,1.0,0.0,0.0,0.0,0,0.0,0,0,0.0,0.0,0.0,0,0.0,0,0,0,0,0,743.0,300.0,,691.0,808.0,0.0,0.0,20.5,12.51996008,,,,,,1.7186956519999999,,https://www.nature.com/articles/s41598-018-19665-8
459,81.0,6.0,0,0.0,10.0,2.0,0,0.0,1.0,0.0,0.0,0.0,0,0.0,0,0,0.0,0.0,0.0,0,0.0,0,0,0,0,0,743.0,300.0,,693.0,809.0,0.0,0.0,20.5,20.31344324,,,,,,1.7456521740000002,,https://www.nature.com/articles/s41598-018-19665-8
460,81.0,8.0,0,0.0,10.0,0.0,0,0.0,1.0,0.0,0.0,0.0,0,0.0,0,0,0.0,0.0,0.0,0,0.0,0,0,0,0,0,743.0,300.0,,690.0,801.0,0.0,0.0,20.5,36.94831374,,,,,,1.7543478259999998,,https://www.nature.com/articles/s41598-018-19665-8
461,73.5,13.5,0,0.0,9.0,0.0,0,0.0,1.0,0.0,0.0,0.0,0,0.0,0,0,0.0,2.0,1.0,0,0.0,0,0,0,0,0,847.0,3600.0,,813.0,918.0,0.0,0.0,20.5,3.456790123,,,,,,1.20414586,,https://doi.org/10.1002/pssa.201700074
462,73.5,13.5,0,0.0,9.0,0.0,0,0.0,1.0,0.0,0.0,0.0,0,0.0,0,0,0.0,2.0,1.0,0,0.0,0,0,0,0,0,847.0,2700.0,,813.0,918.0,0.0,0.0,20.5,3.312757202,,,,,,1.210019161,,https://doi.org/10.1002/pssa.201700074
463,73.5,13.5,0,0.0,9.0,0.0,0,0.0,1.0,0.0,0.0,0.0,0,0.0,0,0,0.0,2.0,1.0,0,0.0,0,0,0,0,0,847.0,1800.0,,813.0,918.0,0.0,0.0,20.5,2.628600823,,,,,,1.2307484579999999,,https://doi.org/10.1002/pssa.201700074
464,73.5,13.5,0,0.0,9.0,0.0,0,0.0,1.0,0.0,0.0,0.0,0,0.0,0,0,0.0,2.0,1.0,0,0.0,0,0,0,0,0,847.0,900.0,,813.0,918.0,0.0,0.0,20.5,2.5565843619999997,,,,,,1.2515929190000001,,https://doi.org/10.1002/pssa.201700074
465,73.5,13.5,0,0.0,9.0,0.0,0,0.0,1.0,0.0,0.0,0.0,0,0.0,0,0,0.0,1.0,2.0,0,0.0,0,0,0,0,0,838.0,3600.0,,806.0,896.0,0.0,0.0,20.5,33.45164609,,,,,,,,https://doi.org/10.1002/pssa.201700074
466,73.5,13.5,0,0.0,9.0,0.0,0,0.0,1.0,0.0,0.0,0.0,0,0.0,0,0,0.0,1.0,2.0,0,0.0,0,0,0,0,0,838.0,2700.0,,806.0,896.0,0.0,0.0,20.5,7.309670782,,,,,,,,https://doi.org/10.1002/pssa.201700074
467,73.5,13.5,0,0.0,9.0,0.0,0,0.0,1.0,0.0,0.0,0.0,0,0.0,0,0,0.0,1.0,2.0,0,0.0,0,0,0,0,0,838.0,1800.0,,806.0,896.0,0.0,0.0,20.5,4.140946502,,,,,,,,https://doi.org/10.1002/pssa.201700074
468,73.5,13.5,0,0.0,9.0,0.0,0,0.0,1.0,0.0,0.0,0.0,0,0.0,0,0,0.0,1.0,2.0,0,0.0,0,0,0,0,0,838.0,900.0,,806.0,896.0,0.0,0.0,20.5,2.520576132,,,,,,1.28,,https://doi.org/10.1002/pssa.201700074
469,73.5,13.5,0,0.0,9.0,0.0,0,0.0,1.0,0.0,0.0,0.0,0,0.0,0,0,0.0,0.0,3.0,0,0.0,0,0,0,0,0,811.0,3600.0,,779.0,851.0,0.0,0.0,20.5,176.3033175,,,,,,,,https://doi.org/10.1002/pssa.201700074
470,73.5,13.5,0,0.0,9.0,0.0,0,0.0,1.0,0.0,0.0,0.0,0,0.0,0,0,0.0,0.0,3.0,0,0.0,0,0,0,0,0,811.0,2700.0,,779.0,851.0,0.0,0.0,20.5,150.2369668,,,,,,,,https://doi.org/10.1002/pssa.201700074
471,73.5,13.5,0,0.0,9.0,0.0,0,0.0,1.0,0.0,0.0,0.0,0,0.0,0,0,0.0,0.0,3.0,0,0.0,0,0,0,0,0,811.0,1800.0,,779.0,851.0,0.0,0.0,20.5,80.09478673,,,,,,,,https://doi.org/10.1002/pssa.201700074
472,73.5,13.5,0,0.0,9.0,0.0,0,0.0,1.0,0.0,0.0,0.0,0,0.0,0,0,0.0,0.0,3.0,0,0.0,0,0,0,0,0,811.0,900.0,,779.0,851.0,0.0,0.0,20.5,44.54976303,,,,,,1.34,,https://doi.org/10.1002/pssa.201700074
500,81.7,4.0,0,0.0,13.0,0.0,0,0.0,1.3,0.0,0.0,0.0,0,0.0,0,0,0.0,0.0,0.0,0,0.0,0,0,0,0,0,638.0,3600.0,,695.0,799.0,0.0,0.0,20.0,138.6848386,,,,,,1.660290237,,https://www.sciencedirect.com/science/article/pii/S0925838817321278
501,81.7,4.0,0,0.0,13.0,0.0,0,0.0,1.3,0.0,0.0,0.0,0,0.0,0,0,0.0,0.0,0.0,0,0.0,0,0,0,0,0,653.0,3600.0,,695.0,799.0,0.0,0.0,20.0,398.1071706,,,,,,1.720448549,,https://www.sciencedirect.com/science/article/pii/S0925838817321278
502,81.7,4.0,0,0.0,13.0,0.0,0,0.0,1.3,0.0,0.0,0.0,0,0.0,0,0,0.0,0.0,0.0,0,0.0,0,0,0,0,0,668.0,3600.0,,695.0,799.0,0.0,0.0,20.0,382.4799691,,,,,,1.730474934,,https://www.sciencedirect.com/science/article/pii/S0925838817321278
503,81.7,4.0,0,0.0,13.0,0.0,0,0.0,1.3,0.0,0.0,0.0,0,0.0,0,0,0.0,0.0,0.0,0,0.0,0,0,0,0,0,683.0,3600.0,,695.0,799.0,0.0,0.0,20.0,372.4041335,,,,,,1.740501319,,https://www.sciencedirect.com/science/article/pii/S0925838817321278
504,81.7,4.0,0,0.0,13.0,0.0,0,0.0,1.3,0.0,0.0,0.0,0,0.0,0,0,0.0,0.0,0.0,0,0.0,0,0,0,0,0,698.0,3600.0,,695.0,799.0,0.0,0.0,20.0,372.4041335,,,,,,1.74525066,,https://www.sciencedirect.com/science/article/pii/S0925838817321278
505,81.7,4.0,0,0.0,13.0,0.0,0,0.0,1.3,0.0,0.0,0.0,0,0.0,0,0,0.0,0.0,0.0,0,0.0,0,0,0,0,0,723.0,3600.0,,695.0,799.0,0.0,0.0,20.0,372.4041335,,,,,,1.750527704,,https://www.sciencedirect.com/science/article/pii/S0925838817321278
506,81.5,4.0,0,0.0,13.0,0.0,0,0.0,1.5,0.0,0.0,0.0,0,0.0,0,0,0.0,0.0,0.0,0,0.0,0,0,0,0,0,638.0,3600.0,,672.0,798.0,0.0,0.0,20.0,79.16819159,,,,,,1.6703166230000002,,https://www.sciencedirect.com/science/article/pii/S0925838817321278
507,81.5,4.0,0,0.0,13.0,0.0,0,0.0,1.5,0.0,0.0,0.0,0,0.0,0,0,0.0,0.0,0.0,0,0.0,0,0,0,0,0,653.0,3600.0,,672.0,798.0,0.0,0.0,20.0,242.94459780000003,,,,,,1.72994723,,https://www.sciencedirect.com/science/article/pii/S0925838817321278
508,81.5,4.0,0,0.0,13.0,0.0,0,0.0,1.5,0.0,0.0,0.0,0,0.0,0,0,0.0,0.0,0.0,0,0.0,0,0,0,0,0,668.0,3600.0,,672.0,798.0,0.0,0.0,20.0,218.33855649999998,,,,,,1.75,,https://www.sciencedirect.com/science/article/pii/S0925838817321278
509,81.5,4.0,0,0.0,13.0,0.0,0,0.0,1.5,0.0,0.0,0.0,0,0.0,0,0,0.0,0.0,0.0,0,0.0,0,0,0,0,0,683.0,3600.0,,672.0,798.0,0.0,0.0,20.0,193.62281140000002,,,,,,1.75,,https://www.sciencedirect.com/science/article/pii/S0925838817321278
510,81.5,4.0,0,0.0,13.0,0.0,0,0.0,1.5,0.0,0.0,0.0,0,0.0,0,0,0.0,0.0,0.0,0,0.0,0,0,0,0,0,698.0,3600.0,,672.0,798.0,0.0,0.0,20.0,191.05544540000002,,,,,,1.750527704,,https://www.sciencedirect.com/science/article/pii/S0925838817321278
511,81.5,4.0,0,0.0,13.0,0.0,0,0.0,1.5,0.0,0.0,0.0,0,0.0,0,0,0.0,0.0,0.0,0,0.0,0,0,0,0,0,723.0,3600.0,,672.0,798.0,0.0,0.0,20.0,183.5558017,,,,,,1.750527704,,https://www.sciencedirect.com/science/article/pii/S0925838817321278
512,81.3,4.0,0,0.0,13.0,0.0,0,0.0,1.7,0.0,0.0,0.0,0,0.0,0,0,0.0,0.0,0.0,0,0.0,0,0,0,0,0,638.0,3600.0,,639.0,795.0,0.0,0.0,20.0,8.406934837,,,,,,1.719920844,,https://www.sciencedirect.com/science/article/pii/S0925838817321278
513,81.3,4.0,0,0.0,13.0,0.0,0,0.0,1.7,0.0,0.0,0.0,0,0.0,0,0,0.0,0.0,0.0,0,0.0,0,0,0,0,0,653.0,3600.0,,639.0,795.0,0.0,0.0,20.0,7.258879136,,,,,,1.750527704,,https://www.sciencedirect.com/science/article/pii/S0925838817321278
514,81.3,4.0,0,0.0,13.0,0.0,0,0.0,1.7,0.0,0.0,0.0,0,0.0,0,0,0.0,0.0,0.0,0,0.0,0,0,0,0,0,668.0,3600.0,,639.0,795.0,0.0,0.0,20.0,7.162629116000001,,,,,,1.770580475,,https://www.sciencedirect.com/science/article/pii/S0925838817321278
515,81.3,4.0,0,0.0,13.0,0.0,0,0.0,1.7,0.0,0.0,0.0,0,0.0,0,0,0.0,0.0,0.0,0,0.0,0,0,0,0,0,683.0,3600.0,,639.0,795.0,0.0,0.0,20.0,7.969833993,,,,,,1.775329815,,https://www.sciencedirect.com/science/article/pii/S0925838817321278
516,81.3,4.0,0,0.0,13.0,0.0,0,0.0,1.7,0.0,0.0,0.0,0,0.0,0,0,0.0,0.0,0.0,0,0.0,0,0,0,0,0,698.0,3600.0,,639.0,795.0,0.0,0.0,20.0,16.38674719,,,,,,1.780079156,,https://www.sciencedirect.com/science/article/pii/S0925838817321278
517,81.3,4.0,0,0.0,13.0,0.0,0,0.0,1.7,0.0,0.0,0.0,0,0.0,0,0,0.0,0.0,0.0,0,0.0,0,0,0,0,0,723.0,3600.0,,639.0,795.0,0.0,0.0,20.0,37.48979309,,,,,,1.7748021109999998,,https://www.sciencedirect.com/science/article/pii/S0925838817321278
518,81.0,4.0,0,0.0,13.0,0.0,0,0.0,2.0,0.0,0.0,0.0,0,0.0,0,0,0.0,0.0,0.0,0,0.0,0,0,0,0,0,638.0,3600.0,,630.0,791.0,0.0,0.0,20.0,5.558115102,,,,,,1.709894459,,https://www.sciencedirect.com/science/article/pii/S0925838817321278
519,81.0,4.0,0,0.0,13.0,0.0,0,0.0,2.0,0.0,0.0,0.0,0,0.0,0,0,0.0,0.0,0.0,0,0.0,0,0,0,0,0,653.0,3600.0,,630.0,791.0,0.0,0.0,20.0,8.406934837,,,,,,1.739973615,,https://www.sciencedirect.com/science/article/pii/S0925838817321278
520,81.0,4.0,0,0.0,13.0,0.0,0,0.0,2.0,0.0,0.0,0.0,0,0.0,0,0,0.0,0.0,0.0,0,0.0,0,0,0,0,0,668.0,3600.0,,630.0,791.0,0.0,0.0,20.0,10.83384477,,,,,,1.760026385,,https://www.sciencedirect.com/science/article/pii/S0925838817321278
521,81.0,4.0,0,0.0,13.0,0.0,0,0.0,2.0,0.0,0.0,0.0,0,0.0,0,0,0.0,0.0,0.0,0,0.0,0,0,0,0,0,683.0,3600.0,,630.0,791.0,0.0,0.0,20.0,12.54731279,,,,,,1.769525066,,https://www.sciencedirect.com/science/article/pii/S0925838817321278
522,81.0,4.0,0,0.0,13.0,0.0,0,0.0,2.0,0.0,0.0,0.0,0,0.0,0,0,0.0,0.0,0.0,0,0.0,0,0,0,0,0,698.0,3600.0,,630.0,791.0,0.0,0.0,20.0,21.98006566,,,,,,1.770580475,,https://www.sciencedirect.com/science/article/pii/S0925838817321278
523,81.0,4.0,0,0.0,13.0,0.0,0,0.0,2.0,0.0,0.0,0.0,0,0.0,0,0,0.0,0.0,0.0,0,0.0,0,0,0,0,0,723.0,3600.0,,630.0,791.0,0.0,0.0,20.0,142.43712150000002,,,,,,1.7674142480000001,,https://www.sciencedirect.com/science/article/pii/S0925838817321278
528,78.0,13.0,0,0.0,8.0,0.0,0,0.0,1.0,0.0,0.0,0.0,0,0.0,0,0,0.0,0.0,0.0,0,0.0,0,0,0,0,0,633.0,600.0,,704.0,802.0,0.0,0.0,,12.88249552,,,,6549.935149,,,,https://link.springer.com/article/10.1007%2Fs11664-016-4643-x
529,78.0,13.0,0,0.0,8.0,0.0,0,0.0,1.0,0.0,0.0,0.0,0,0.0,0,0,0.0,0.0,0.0,0,0.0,0,0,0,0,0,653.0,600.0,,704.0,802.0,0.0,0.0,,12.23207119,,,,6517.509728,,,,https://link.springer.com/article/10.1007%2Fs11664-016-4643-x
530,78.0,13.0,0,0.0,8.0,0.0,0,0.0,1.0,0.0,0.0,0.0,0,0.0,0,0,0.0,0.0,0.0,0,0.0,0,0,0,0,0,673.0,600.0,,704.0,802.0,0.0,0.0,,13.22056452,,,,4896.238651,,,,https://link.springer.com/article/10.1007%2Fs11664-016-4643-x
531,78.0,13.0,0,0.0,8.0,0.0,0,0.0,1.0,0.0,0.0,0.0,0,0.0,0,0,0.0,0.0,0.0,0,0.0,0,0,0,0,0,693.0,600.0,,704.0,802.0,0.0,0.0,,84.62525688,,,,940.3372243999999,,,,https://link.springer.com/article/10.1007%2Fs11664-016-4643-x
532,78.0,13.0,0,0.0,8.0,0.0,0,0.0,1.0,0.0,0.0,0.0,0,0.0,0,0,0.0,0.0,0.0,0,0.0,0,0,0,0,0,724.0,600.0,,704.0,802.0,0.0,0.0,,58.88436554,,,,1037.613489,,,,https://link.springer.com/article/10.1007%2Fs11664-016-4643-x
533,78.0,13.0,0,0.0,8.0,0.0,0,0.0,1.0,0.0,0.0,0.0,0,0.0,0,0,0.0,0.0,0.0,0,0.0,0,0,0,0,0,743.0,600.0,,704.0,802.0,0.0,0.0,,39.92546657,,,,1394.293126,,,,https://link.springer.com/article/10.1007%2Fs11664-016-4643-x
534,78.0,13.0,0,0.0,8.0,0.0,0,0.0,1.0,0.0,0.0,0.0,0,0.0,0,0,0.0,0.0,0.0,0,0.0,0,0,0,0,0,763.0,600.0,,704.0,802.0,0.0,0.0,,41.68693835,,,,3145.265888,,,,https://link.springer.com/article/10.1007%2Fs11664-016-4643-x
535,78.0,13.0,0,0.0,8.0,0.0,0,0.0,1.0,0.0,0.0,0.0,0,0.0,0,0,0.0,0.0,0.0,0,0.0,0,0,0,0,0,773.0,600.0,,704.0,802.0,0.0,0.0,,205.9444061,,,,1718.547341,,,,https://link.springer.com/article/10.1007%2Fs11664-016-4643-x
536,77.0,13.0,0,0.0,8.0,0.0,0,0.0,1.0,0.0,0.0,0.0,0,0.0,0,0,0.0,1.0,0.0,0,0.0,0,0,0,0,0,673.0,600.0,,768.0,962.0,0.0,0.0,,2.3107342419999997,,,,7976.653695999999,,,,https://link.springer.com/article/10.1007%2Fs11664-016-4643-x
537,77.0,13.0,0,0.0,8.0,0.0,0,0.0,1.0,0.0,0.0,0.0,0,0.0,0,0,0.0,1.0,0.0,0,0.0,0,0,0,0,0,723.0,600.0,,768.0,962.0,0.0,0.0,,26.6072506,,,,1329.442283,,,,https://link.springer.com/article/10.1007%2Fs11664-016-4643-x
538,77.0,13.0,0,0.0,8.0,0.0,0,0.0,1.0,0.0,0.0,0.0,0,0.0,0,0,0.0,1.0,0.0,0,0.0,0,0,0,0,0,743.0,600.0,,768.0,962.0,0.0,0.0,,22.97470798,,,,1718.547341,,,,https://link.springer.com/article/10.1007%2Fs11664-016-4643-x
539,77.0,13.0,0,0.0,8.0,0.0,0,0.0,1.0,0.0,0.0,0.0,0,0.0,0,0,0.0,1.0,0.0,0,0.0,0,0,0,0,0,773.0,600.0,,768.0,962.0,0.0,0.0,,13.80384265,,,,2399.481193,,,,https://link.springer.com/article/10.1007%2Fs11664-016-4643-x
540,77.0,13.0,0,0.0,8.0,0.0,0,0.0,1.0,0.0,0.0,0.0,0,0.0,0,0,0.0,1.0,0.0,0,0.0,0,0,0,0,0,793.0,600.0,,768.0,962.0,0.0,0.0,,16.12501027,,,,2399.481193,,,,https://link.springer.com/article/10.1007%2Fs11664-016-4643-x
541,77.0,13.0,0,0.0,8.0,0.0,0,0.0,1.0,0.0,0.0,0.0,0,0.0,0,0,0.0,1.0,0.0,0,0.0,0,0,0,0,0,813.0,600.0,,768.0,962.0,0.0,0.0,,12.3381487,,,,3047.989624,,,,https://link.springer.com/article/10.1007%2Fs11664-016-4643-x
542,77.0,13.0,0,0.0,8.0,0.0,0,0.0,1.0,0.0,0.0,0.0,0,0.0,0,0,0.0,1.0,0.0,0,0.0,0,0,0,0,0,833.0,600.0,,768.0,962.0,0.0,0.0,,19.498445999999998,,,,4345.006485,,,,https://link.springer.com/article/10.1007%2Fs11664-016-4643-x
543,77.0,13.0,0,0.0,8.0,0.0,0,0.0,1.0,0.0,0.0,0.0,0,0.0,0,0,0.0,1.0,0.0,0,0.0,0,0,0,0,0,853.0,600.0,,768.0,962.0,0.0,0.0,,303.7386092,,,,745.7846952000001,,,,https://link.springer.com/article/10.1007%2Fs11664-016-4643-x
544,76.0,13.0,0,0.0,8.0,0.0,0,0.0,1.0,0.0,0.0,0.0,0,0.0,0,0,0.0,2.0,0.0,0,0.0,0,0,0,0,0,673.0,600.0,,751.0,911.0,0.0,0.0,,5.821032177999999,,,,8722.438392,,,,https://link.springer.com/article/10.1007%2Fs11664-016-4643-x
545,76.0,13.0,0,0.0,8.0,0.0,0,0.0,1.0,0.0,0.0,0.0,0,0.0,0,0,0.0,2.0,0.0,0,0.0,0,0,0,0,0,723.0,600.0,,751.0,911.0,0.0,0.0,,6.401032025,,,,6809.338521,,,,https://link.springer.com/article/10.1007%2Fs11664-016-4643-x
546,76.0,13.0,0,0.0,8.0,0.0,0,0.0,1.0,0.0,0.0,0.0,0,0.0,0,0,0.0,2.0,0.0,0,0.0,0,0,0,0,0,743.0,600.0,,751.0,911.0,0.0,0.0,,5.026318444,,,,7457.846952,,,,https://link.springer.com/article/10.1007%2Fs11664-016-4643-x
547,76.0,13.0,0,0.0,8.0,0.0,0,0.0,1.0,0.0,0.0,0.0,0,0.0,0,0,0.0,2.0,0.0,0,0.0,0,0,0,0,0,773.0,600.0,,751.0,911.0,0.0,0.0,,3.84591782,,,,8625.162127,,,,https://link.springer.com/article/10.1007%2Fs11664-016-4643-x
548,76.0,13.0,0,0.0,8.0,0.0,0,0.0,1.0,0.0,0.0,0.0,0,0.0,0,0,0.0,2.0,0.0,0,0.0,0,0,0,0,0,793.0,600.0,,751.0,911.0,0.0,0.0,,1.8620871369999998,,,,12483.78729,,,,https://link.springer.com/article/10.1007%2Fs11664-016-4643-x
549,76.0,13.0,0,0.0,8.0,0.0,0,0.0,1.0,0.0,0.0,0.0,0,0.0,0,0,0.0,2.0,0.0,0,0.0,0,0,0,0,0,813.0,600.0,,751.0,911.0,0.0,0.0,,1.6500610009999999,,,,15239.94812,,,,https://link.springer.com/article/10.1007%2Fs11664-016-4643-x
550,76.0,13.0,0,0.0,8.0,0.0,0,0.0,1.0,0.0,0.0,0.0,0,0.0,0,0,0.0,2.0,0.0,0,0.0,0,0,0,0,0,833.0,600.0,,751.0,911.0,0.0,0.0,,1.526686974,,,,21498.05447,,,,https://link.springer.com/article/10.1007%2Fs11664-016-4643-x
551,76.0,13.0,0,0.0,8.0,0.0,0,0.0,1.0,0.0,0.0,0.0,0,0.0,0,0,0.0,2.0,0.0,0,0.0,0,0,0,0,0,853.0,600.0,,751.0,911.0,0.0,0.0,,1.664370463,,,,19552.52918,,,,https://link.springer.com/article/10.1007%2Fs11664-016-4643-x
552,76.0,13.0,0,0.0,8.0,0.0,0,0.0,1.0,0.0,0.0,0.0,0,0.0,0,0,0.0,2.0,0.0,0,0.0,0,0,0,0,0,873.0,600.0,,751.0,911.0,0.0,0.0,,1.594042881,,,,19584.9546,,,,https://link.springer.com/article/10.1007%2Fs11664-016-4643-x
553,76.0,13.0,0,0.0,8.0,0.0,0,0.0,1.0,0.0,0.0,0.0,0,0.0,0,0,0.0,2.0,0.0,0,0.0,0,0,0,0,0,893.0,600.0,,751.0,911.0,0.0,0.0,,6.237348355,,,,9435.797665,,,,https://link.springer.com/article/10.1007%2Fs11664-016-4643-x
554,76.0,13.0,0,0.0,8.0,0.0,0,0.0,1.0,0.0,0.0,0.0,0,0.0,0,0,0.0,2.0,0.0,0,0.0,0,0,0,0,0,913.0,600.0,,751.0,911.0,0.0,0.0,,32.17362533,,,,4701.686122,,,,https://link.springer.com/article/10.1007%2Fs11664-016-4643-x
555,75.0,13.0,0,0.0,8.0,0.0,0,0.0,1.0,0.0,0.0,0.0,0,0.0,0,0,0.0,3.0,0.0,0,0.0,0,0,0,0,0,673.0,600.0,,768.0,962.0,0.0,0.0,,2.58523484,,,,9468.223087,,,,https://link.springer.com/article/10.1007%2Fs11664-016-4643-x
556,75.0,13.0,0,0.0,8.0,0.0,0,0.0,1.0,0.0,0.0,0.0,0,0.0,0,0,0.0,3.0,0.0,0,0.0,0,0,0,0,0,723.0,600.0,,768.0,962.0,0.0,0.0,,1.412537545,,,,10732.81453,,,,https://link.springer.com/article/10.1007%2Fs11664-016-4643-x
557,75.0,13.0,0,0.0,8.0,0.0,0,0.0,1.0,0.0,0.0,0.0,0,0.0,0,0,0.0,3.0,0.0,0,0.0,0,0,0,0,0,743.0,600.0,,768.0,962.0,0.0,0.0,,1.798870915,,,,12289.23476,,,,https://link.springer.com/article/10.1007%2Fs11664-016-4643-x
558,75.0,13.0,0,0.0,8.0,0.0,0,0.0,1.0,0.0,0.0,0.0,0,0.0,0,0,0.0,3.0,0.0,0,0.0,0,0,0,0,0,773.0,600.0,,768.0,962.0,0.0,0.0,,0.982878873,,,,12548.63813,,,,https://link.springer.com/article/10.1007%2Fs11664-016-4643-x
559,75.0,13.0,0,0.0,8.0,0.0,0,0.0,1.0,0.0,0.0,0.0,0,0.0,0,0,0.0,3.0,0.0,0,0.0,0,0,0,0,0,793.0,600.0,,768.0,962.0,0.0,0.0,,0.701859205,,,,15077.82101,,,,https://link.springer.com/article/10.1007%2Fs11664-016-4643-x
560,75.0,13.0,0,0.0,8.0,0.0,0,0.0,1.0,0.0,0.0,0.0,0,0.0,0,0,0.0,3.0,0.0,0,0.0,0,0,0,0,0,813.0,600.0,,768.0,962.0,0.0,0.0,,0.695824955,,,,19455.25292,,,,https://link.springer.com/article/10.1007%2Fs11664-016-4643-x
561,75.0,13.0,0,0.0,8.0,0.0,0,0.0,1.0,0.0,0.0,0.0,0,0.0,0,0,0.0,3.0,0.0,0,0.0,0,0,0,0,0,833.0,600.0,,768.0,962.0,0.0,0.0,,0.695824955,,,,19130.9987,,,,https://link.springer.com/article/10.1007%2Fs11664-016-4643-x
562,75.0,13.0,0,0.0,8.0,0.0,0,0.0,1.0,0.0,0.0,0.0,0,0.0,0,0,0.0,3.0,0.0,0,0.0,0,0,0,0,0,853.0,600.0,,768.0,962.0,0.0,0.0,,0.909389635,,,,21173.80026,,,,https://link.springer.com/article/10.1007%2Fs11664-016-4643-x
563,75.0,13.0,0,0.0,8.0,0.0,0,0.0,1.0,0.0,0.0,0.0,0,0.0,0,0,0.0,3.0,0.0,0,0.0,0,0,0,0,0,873.0,600.0,,768.0,962.0,0.0,0.0,,1.306922997,,,,20136.18677,,,,https://link.springer.com/article/10.1007%2Fs11664-016-4643-x
564,75.0,13.0,0,0.0,8.0,0.0,0,0.0,1.0,0.0,0.0,0.0,0,0.0,0,0,0.0,3.0,0.0,0,0.0,0,0,0,0,0,893.0,600.0,,768.0,962.0,0.0,0.0,,1.927524913,,,,21919.58495,,,,https://link.springer.com/article/10.1007%2Fs11664-016-4643-x
565,75.0,13.0,0,0.0,8.0,0.0,0,0.0,1.0,0.0,0.0,0.0,0,0.0,0,0,0.0,3.0,0.0,0,0.0,0,0,0,0,0,913.0,600.0,,768.0,962.0,0.0,0.0,,2.3107342419999997,,,,22178.98833,,,,https://link.springer.com/article/10.1007%2Fs11664-016-4643-x
566,83.44,3.89,0,0.0,7.92,4.06,0,0.0,0.69,0.0,0.0,0.0,0,0.0,0,0,0.0,0.0,0.0,0,0.0,0,0,0,0,0,613.0,600.0,,685.0,827.0,0.0,0.0,12.0,4.345201483,,,,7266.366409,,,20.22018349,https://www.sciencedirect.com/science/article/pii/S0925838816313470
567,83.44,3.89,0,0.0,7.92,4.06,0,0.0,0.69,0.0,0.0,0.0,0,0.0,0,0,0.0,0.0,0.0,0,0.0,0,0,0,0,0,633.0,600.0,,685.0,827.0,0.0,0.0,12.0,22.39456686,,,,4883.9102060000005,,,34.91743119,https://www.sciencedirect.com/science/article/pii/S0925838816313470
568,83.44,3.89,0,0.0,7.92,4.06,0,0.0,0.69,0.0,0.0,0.0,0,0.0,0,0,0.0,0.0,0.0,0,0.0,0,0,0,0,0,653.0,600.0,,685.0,827.0,0.0,0.0,12.0,15.46077663,,,,5794.905667,,,31.614678899999998,https://www.sciencedirect.com/science/article/pii/S0925838816313470
569,83.44,3.89,0,0.0,7.92,4.06,0,0.0,0.69,0.0,0.0,0.0,0,0.0,0,0,0.0,0.0,0.0,0,0.0,0,0,0,0,0,673.0,600.0,,685.0,827.0,0.0,0.0,12.0,10.03660357,,,,9249.379389,,,28.58715596,https://www.sciencedirect.com/science/article/pii/S0925838816313470
570,83.44,3.89,0,0.0,7.92,4.06,0,0.0,0.69,0.0,0.0,0.0,0,0.0,0,0,0.0,0.0,0.0,0,0.0,0,0,0,0,0,698.0,600.0,,685.0,827.0,0.0,0.0,12.0,6.71691835,,,,11040.33087,,,26.11009174,https://www.sciencedirect.com/science/article/pii/S0925838816313470
571,83.44,3.89,0,0.0,7.92,4.06,0,0.0,0.69,0.0,0.0,0.0,0,0.0,0,0,0.0,0.0,0.0,0,0.0,0,0,0,0,0,723.0,600.0,,685.0,827.0,0.0,0.0,12.0,4.588483443,,,,10972.560109999999,,,14.66055046,https://www.sciencedirect.com/science/article/pii/S0925838816313470
572,83.44,3.89,0,0.0,7.92,4.06,0,0.0,0.69,0.0,0.0,0.0,0,0.0,0,0,0.0,0.0,0.0,0,0.0,0,0,0,0,0,748.0,600.0,,685.0,827.0,0.0,0.0,12.0,788.9546167000001,,,,1660.224129,,,18.01834862,https://www.sciencedirect.com/science/article/pii/S0925838816313470
573,84.32,3.87,0,0.0,7.59,4.16,0,0.0,0.0,0.05,0.0,0.0,0,0.0,0,0,0.0,0.0,0.0,0,0.0,0,0,0,0,0,613.0,600.0,,704.0,821.0,0.0,0.0,12.0,8.206900803,,,,8505.496844,,,25.229357800000002,https://www.sciencedirect.com/science/article/pii/S0925838816313470
574,84.32,3.87,0,0.0,7.59,4.16,0,0.0,0.0,0.05,0.0,0.0,0,0.0,0,0,0.0,0.0,0.0,0,0.0,0,0,0,0,0,633.0,600.0,,704.0,821.0,0.0,0.0,12.0,315.7643941,,,,3612.1710759999996,,,35.79816514,https://www.sciencedirect.com/science/article/pii/S0925838816313470
575,84.32,3.87,0,0.0,7.59,4.16,0,0.0,0.0,0.05,0.0,0.0,0,0.0,0,0,0.0,0.0,0.0,0,0.0,0,0,0,0,0,653.0,600.0,,704.0,821.0,0.0,0.0,12.0,387.16403080000003,,,,2077.487765,,,47.35779817,https://www.sciencedirect.com/science/article/pii/S0925838816313470
576,84.32,3.87,0,0.0,7.59,4.16,0,0.0,0.0,0.05,0.0,0.0,0,0.0,0,0,0.0,0.0,0.0,0,0.0,0,0,0,0,0,673.0,600.0,,704.0,821.0,0.0,0.0,12.0,321.4858149,,,,2401.553302,,,45.10091743,https://www.sciencedirect.com/science/article/pii/S0925838816313470
577,84.32,3.87,0,0.0,7.59,4.16,0,0.0,0.0,0.05,0.0,0.0,0,0.0,0,0,0.0,0.0,0.0,0,0.0,0,0,0,0,0,698.0,600.0,,704.0,821.0,0.0,0.0,12.0,221.8748835,,,,2513.130364,,,43.11926606,https://www.sciencedirect.com/science/article/pii/S0925838816313470
578,84.32,3.87,0,0.0,7.59,4.16,0,0.0,0.0,0.05,0.0,0.0,0,0.0,0,0,0.0,0.0,0.0,0,0.0,0,0,0,0,0,723.0,600.0,,704.0,821.0,0.0,0.0,12.0,124.72904869999999,,,,,,,42.62385321,https://www.sciencedirect.com/science/article/pii/S0925838816313470
579,84.32,3.87,0,0.0,7.59,4.16,0,0.0,0.0,0.05,0.0,0.0,0,0.0,0,0,0.0,0.0,0.0,0,0.0,0,0,0,0,0,748.0,600.0,,704.0,821.0,0.0,0.0,12.0,97.35674672,,,,3616.7724659999994,,,38.16513761,https://www.sciencedirect.com/science/article/pii/S0925838816313470
580,84.32,3.87,0,0.0,7.59,4.16,0,0.0,0.0,0.05,0.0,0.0,0,0.0,0,0,0.0,0.0,0.0,0,0.0,0,0,0,0,0,773.0,600.0,,704.0,821.0,0.0,0.0,12.0,1826.462758,,,,2065.30605,,,39.32110092,https://www.sciencedirect.com/science/article/pii/S0925838816313470
581,83.47,3.89,0,0.0,7.88,4.04,0,0.0,0.0,0.0,0.71,0.0,0,0.0,0,0,0.0,0.0,0.0,0,0.0,0,0,0,0,0,613.0,600.0,,710.0,824.0,0.0,0.0,12.0,6.684969652,,,,10706.6104,,,15.26605505,https://www.sciencedirect.com/science/article/pii/S0925838816313470
582,83.47,3.89,0,0.0,7.88,4.04,0,0.0,0.0,0.0,0.71,0.0,0,0.0,0,0,0.0,0.0,0.0,0,0.0,0,0,0,0,0,633.0,600.0,,710.0,824.0,0.0,0.0,12.0,12.60975288,,,,9383.910206,,,25.39449541,https://www.sciencedirect.com/science/article/pii/S0925838816313470
583,83.47,3.89,0,0.0,7.88,4.04,0,0.0,0.0,0.0,0.71,0.0,0,0.0,0,0,0.0,0.0,0.0,0,0.0,0,0,0,0,0,653.0,600.0,,710.0,824.0,0.0,0.0,12.0,367.80979269999995,,,,3707.975743,,,44.93577982,https://www.sciencedirect.com/science/article/pii/S0925838816313470
584,83.47,3.89,0,0.0,7.88,4.04,0,0.0,0.0,0.0,0.71,0.0,0,0.0,0,0,0.0,0.0,0.0,0,0.0,0,0,0,0,0,673.0,600.0,,710.0,824.0,0.0,0.0,12.0,261.8634922,,,,3510.302149,,,44.93577982,https://www.sciencedirect.com/science/article/pii/S0925838816313470
585,83.47,3.89,0,0.0,7.88,4.04,0,0.0,0.0,0.0,0.71,0.0,0,0.0,0,0,0.0,0.0,0.0,0,0.0,0,0,0,0,0,698.0,600.0,,710.0,824.0,0.0,0.0,12.0,200.2463979,,,,3344.705298,,,39.70642202,https://www.sciencedirect.com/science/article/pii/S0925838816313470
586,83.47,3.89,0,0.0,7.88,4.04,0,0.0,0.0,0.0,0.71,0.0,0,0.0,0,0,0.0,0.0,0.0,0,0.0,0,0,0,0,0,723.0,600.0,,710.0,824.0,0.0,0.0,12.0,95.53328076,,,,4467.151926,,,40.03669725,https://www.sciencedirect.com/science/article/pii/S0925838816313470
587,83.47,3.89,0,0.0,7.88,4.04,0,0.0,0.0,0.0,0.71,0.0,0,0.0,0,0,0.0,0.0,0.0,0,0.0,0,0,0,0,0,748.0,600.0,,710.0,824.0,0.0,0.0,12.0,77.69096349,,,,5654.815944,,,38.60550459,https://www.sciencedirect.com/science/article/pii/S0925838816313470
588,83.47,3.89,0,0.0,7.88,4.04,0,0.0,0.0,0.0,0.71,0.0,0,0.0,0,0,0.0,0.0,0.0,0,0.0,0,0,0,0,0,773.0,600.0,,710.0,824.0,0.0,0.0,12.0,2108.490376,,,,2831.636996,,,36.23853211,https://www.sciencedirect.com/science/article/pii/S0925838816313470
589,73.5,17.5,0,0.0,5.0,0.0,0,0.0,1.0,0.0,0.0,0.0,0,0.0,0,0,0.0,3.0,0.0,0,0.0,0,0,0,0,0,823.0,1800.0,,775.0,983.0,0.0,0.0,,1.891494253,,,,,,1.23,11.60357143,https://www.sciencedirect.com/science/article/pii/S0022309314006759
590,73.3,17.5,0,0.2,5.0,0.0,0,0.0,1.0,0.0,0.0,0.0,0,0.0,0,0,0.0,3.0,0.0,0,0.0,0,0,0,0,0,823.0,1800.0,,776.0,988.0,0.0,0.0,,1.84,,,,,,1.22,11.0025,https://www.sciencedirect.com/science/article/pii/S0022309314006759
591,73.1,17.5,0,0.4,5.0,0.0,0,0.0,1.0,0.0,0.0,0.0,0,0.0,0,0,0.0,3.0,0.0,0,0.0,0,0,0,0,0,823.0,1800.0,,770.0,990.0,0.0,0.0,,1.729655172,,,,,,1.2,10.89964286,https://www.sciencedirect.com/science/article/pii/S0022309314006759
592,72.9,17.5,0,0.6,5.0,0.0,0,0.0,1.0,0.0,0.0,0.0,0,0.0,0,0,0.0,3.0,0.0,0,0.0,0,0,0,0,0,823.0,1800.0,,765.0,993.0,0.0,0.0,,1.227586207,,,,,,1.17,10.85142857,https://www.sciencedirect.com/science/article/pii/S0022309314006759
593,72.7,17.5,0,0.8,5.0,0.0,0,0.0,1.0,0.0,0.0,0.0,0,0.0,0,0,0.0,3.0,0.0,0,0.0,0,0,0,0,0,823.0,1800.0,,764.0,993.0,0.0,0.0,,1.03816092,,,,,,1.14,10.60071429,https://www.sciencedirect.com/science/article/pii/S0022309314006759
594,72.5,17.5,0,1.0,5.0,0.0,0,0.0,1.0,0.0,0.0,0.0,0,0.0,0,0,0.0,3.0,0.0,0,0.0,0,0,0,0,0,823.0,1800.0,,760.0,994.0,0.0,0.0,,2.060689655,,,,,,1.13,12.40392857,https://www.sciencedirect.com/science/article/pii/S0022309314006759
595,72.0,4.8,0,0.0,19.2,0.0,0,0.0,0.0,0.0,0.0,0.0,0,0.0,0,0,0.0,4.0,0.0,0,0.0,0,0,0,0,0,473.0,3600.0,,,,0.0,0.0,,56.14,,,,,,0.32,,https://link.springer.com/article/10.1007%2Fs00339-014-8729-0
596,72.0,4.8,0,0.0,19.2,0.0,0,0.0,0.0,0.0,0.0,0.0,0,0.0,0,0,0.0,4.0,0.0,0,0.0,0,0,0,0,0,673.0,3600.0,,,,0.0,0.0,,44.25,,,,,,0.34,,https://link.springer.com/article/10.1007%2Fs00339-014-8729-0
597,72.0,4.8,0,0.0,19.2,0.0,0,0.0,0.0,0.0,0.0,0.0,0,0.0,0,0,0.0,4.0,0.0,0,0.0,0,0,0,0,0,873.0,3600.0,,,,0.0,0.0,,69.17,,,,,,0.19,,https://link.springer.com/article/10.1007%2Fs00339-014-8729-0
692,73.5,7.5,0,0.0,9.0,0.0,0,6.0,1.0,0.0,0.0,0.0,0,0.0,0,0,0.0,3.0,0.0,0,0.0,0,0,0,0,0,573.0,3600.0,,766.0,958.0,0.0,0.0,,6.264248705,,,,,,,,https://www.sciencedirect.com/science/article/pii/S0921452604009469?via%3Dihub
693,73.5,7.5,0,0.0,9.0,0.0,0,6.0,1.0,0.0,0.0,0.0,0,0.0,0,0,0.0,3.0,0.0,0,0.0,0,0,0,0,0,673.0,3600.0,,766.0,958.0,0.0,0.0,,3.32642487,,,,,,,,https://www.sciencedirect.com/science/article/pii/S0921452604009469?via%3Dihub
694,73.5,7.5,0,0.0,9.0,0.0,0,6.0,1.0,0.0,0.0,0.0,0,0.0,0,0,0.0,3.0,0.0,0,0.0,0,0,0,0,0,724.0,3600.0,,766.0,958.0,0.0,0.0,,1.1347150259999998,,,,,,,,https://www.sciencedirect.com/science/article/pii/S0921452604009469?via%3Dihub
695,73.5,7.5,0,0.0,9.0,0.0,0,6.0,1.0,0.0,0.0,0.0,0,0.0,0,0,0.0,3.0,0.0,0,0.0,0,0,0,0,0,773.0,3600.0,,766.0,958.0,0.0,0.0,,0.43523316100000004,,,,,,,,https://www.sciencedirect.com/science/article/pii/S0921452604009469?via%3Dihub
696,73.5,7.5,0,0.0,9.0,0.0,0,6.0,1.0,0.0,0.0,0.0,0,0.0,0,0,0.0,3.0,0.0,0,0.0,0,0,0,0,0,813.0,3600.0,,766.0,958.0,0.0,0.0,,0.43523316100000004,,,,,,,,https://www.sciencedirect.com/science/article/pii/S0921452604009469?via%3Dihub
697,73.5,7.5,0,0.0,9.0,0.0,0,6.0,1.0,0.0,0.0,0.0,0,0.0,0,0,0.0,3.0,0.0,0,0.0,0,0,0,0,0,873.0,3600.0,,766.0,958.0,0.0,0.0,,14.70466321,,,,,,,,https://www.sciencedirect.com/science/article/pii/S0921452604009469?via%3Dihub
698,73.5,3.5,0,0.0,9.0,0.0,0,10.0,1.0,0.0,0.0,0.0,0,0.0,0,0,0.0,3.0,0.0,0,0.0,0,0,0,0,0,573.0,3600.0,,721.0,940.0,0.0,0.0,,6.96373057,,,,,,0.873214286,,https://www.sciencedirect.com/science/article/pii/S0921452604009469?via%3Dihub
699,73.5,3.5,0,0.0,9.0,0.0,0,10.0,1.0,0.0,0.0,0.0,0,0.0,0,0,0.0,3.0,0.0,0,0.0,0,0,0,0,0,673.0,3600.0,,721.0,940.0,0.0,0.0,,1.227979275,,,,,,1.155357143,,https://www.sciencedirect.com/science/article/pii/S0921452604009469?via%3Dihub
700,73.5,3.5,0,0.0,9.0,0.0,0,10.0,1.0,0.0,0.0,0.0,0,0.0,0,0,0.0,3.0,0.0,0,0.0,0,0,0,0,0,723.0,3600.0,,721.0,940.0,0.0,0.0,,2.7668393780000002,,,,,,,,https://www.sciencedirect.com/science/article/pii/S0921452604009469?via%3Dihub
701,73.5,3.5,0,0.0,9.0,0.0,0,10.0,1.0,0.0,0.0,0.0,0,0.0,0,0,0.0,3.0,0.0,0,0.0,0,0,0,0,0,773.0,3600.0,,721.0,940.0,0.0,0.0,,2.020725389,,,,,,0.9875,,https://www.sciencedirect.com/science/article/pii/S0921452604009469?via%3Dihub
702,73.5,3.5,0,0.0,9.0,0.0,0,10.0,1.0,0.0,0.0,0.0,0,0.0,0,0,0.0,3.0,0.0,0,0.0,0,0,0,0,0,813.0,3600.0,,721.0,940.0,0.0,0.0,,3.373056995,,,,,,,,https://www.sciencedirect.com/science/article/pii/S0921452604009469?via%3Dihub
835,71.5,13.5,0,2.0,9.0,0.0,0,0.0,1.0,0.0,0.0,0.0,0,0.0,0,0,0.0,3.0,0.0,0,0.0,0,0,0,0,0,753.0,3600.0,,,,0.0,0.0,20.0,0.55316812,,,,,,,8.504879008,https://doi.org/10.1016/S0304-8853(99)00196-1
836,71.5,13.5,0,2.0,9.0,0.0,0,0.0,1.0,0.0,0.0,0.0,0,0.0,0,0,0.0,3.0,0.0,0,0.0,0,0,0,0,0,773.0,3600.0,,,,0.0,0.0,20.0,0.47705827,,,,,,,9.490152625,https://doi.org/10.1016/S0304-8853(99)00196-1
837,71.5,13.5,0,2.0,9.0,0.0,0,0.0,1.0,0.0,0.0,0.0,0,0.0,0,0,0.0,3.0,0.0,0,0.0,0,0,0,0,0,793.0,3600.0,,,,0.0,0.0,20.0,0.291263266,,,,,,,9.610787432999999,https://doi.org/10.1016/S0304-8853(99)00196-1
838,71.5,13.5,0,2.0,9.0,0.0,0,0.0,1.0,0.0,0.0,0.0,0,0.0,0,0,0.0,3.0,0.0,0,0.0,0,0,0,0,0,813.0,3600.0,,,,0.0,0.0,20.0,0.354813389,,,,,,,9.778782571,https://doi.org/10.1016/S0304-8853(99)00196-1
839,71.5,13.5,0,2.0,9.0,0.0,0,0.0,1.0,0.0,0.0,0.0,0,0.0,0,0,0.0,3.0,0.0,0,0.0,0,0,0,0,0,833.0,3600.0,,,,0.0,0.0,20.0,0.39161303799999997,,,,,,,9.947492582999999,https://doi.org/10.1016/S0304-8853(99)00196-1
840,71.5,13.5,0,2.0,9.0,0.0,0,0.0,1.0,0.0,0.0,0.0,0,0.0,0,0,0.0,3.0,0.0,0,0.0,0,0,0,0,0,853.0,3600.0,,,,0.0,0.0,20.0,0.47705827,,,,,,,10.11548772,https://doi.org/10.1016/S0304-8853(99)00196-1
841,71.5,13.5,0,2.0,9.0,0.0,0,0.0,1.0,0.0,0.0,0.0,0,0.0,0,0,0.0,3.0,0.0,0,0.0,0,0,0,0,0,873.0,3600.0,,,,0.0,0.0,20.0,1.720736162,,,,,,,10.90917539,https://doi.org/10.1016/S0304-8853(99)00196-1
842,71.5,13.5,0,2.0,9.0,0.0,0,0.0,1.0,0.0,0.0,0.0,0,0.0,0,0,0.0,0.0,3.0,0,0.0,0,0,0,0,0,753.0,3600.0,,,,0.0,0.0,20.0,0.862410997,,,,,,,9.994852915,https://doi.org/10.1016/S0304-8853(99)00196-1
843,71.5,13.5,0,2.0,9.0,0.0,0,0.0,1.0,0.0,0.0,0.0,0,0.0,0,0,0.0,0.0,3.0,0,0.0,0,0,0,0,0,773.0,3600.0,,,,0.0,0.0,20.0,0.862410997,,,,,,,11.9904207,https://doi.org/10.1016/S0304-8853(99)00196-1
844,71.5,13.5,0,2.0,9.0,0.0,0,0.0,1.0,0.0,0.0,0.0,0,0.0,0,0,0.0,0.0,3.0,0,0.0,0,0,0,0,0,793.0,3600.0,,,,0.0,0.0,20.0,0.581146617,,,,,,,11.87032205,https://doi.org/10.1016/S0304-8853(99)00196-1
846,71.5,13.5,0,2.0,9.0,0.0,0,0.0,1.0,0.0,0.0,0.0,0,0.0,0,0,0.0,0.0,3.0,0,0.0,0,0,0,0,0,833.0,3600.0,,,,0.0,0.0,20.0,3.110692935,,,,,,,13.88965936,https://doi.org/10.1016/S0304-8853(99)00196-1
847,71.5,13.5,0,2.0,9.0,0.0,0,0.0,1.0,0.0,0.0,0.0,0,0.0,0,0,0.0,0.0,3.0,0,0.0,0,0,0,0,0,873.0,3600.0,,,,0.0,0.0,20.0,4616.2116670000005,,,,,,,16.77435036,https://doi.org/10.1016/S0304-8853(99)00196-1
848,71.5,13.5,0,2.0,9.0,0.0,0,0.0,1.0,0.0,0.0,0.0,0,0.0,0,0,0.0,1.5,1.5,0,0.0,0,0,0,0,0,753.0,3600.0,,,,0.0,0.0,20.0,0.862410997,,,,,,,8.985631054,https://doi.org/10.1016/S0304-8853(99)00196-1
849,71.5,13.5,0,2.0,9.0,0.0,0,0.0,1.0,0.0,0.0,0.0,0,0.0,0,0,0.0,1.5,1.5,0,0.0,0,0,0,0,0,773.0,3600.0,,,,0.0,0.0,20.0,0.55316812,,,,,,,9.971619545,https://doi.org/10.1016/S0304-8853(99)00196-1
850,71.5,13.5,0,2.0,9.0,0.0,0,0.0,1.0,0.0,0.0,0.0,0,0.0,0,0,0.0,1.5,1.5,0,0.0,0,0,0,0,0,793.0,3600.0,,,,0.0,0.0,20.0,0.526536608,,,,,,,10.47614112,https://doi.org/10.1016/S0304-8853(99)00196-1
851,71.5,13.5,0,2.0,9.0,0.0,0,0.0,1.0,0.0,0.0,0.0,0,0.0,0,0,0.0,1.5,1.5,0,0.0,0,0,0,0,0,813.0,3600.0,,,,0.0,0.0,20.0,0.43222938200000005,,,,,,,10.11566644,https://doi.org/10.1016/S0304-8853(99)00196-1
852,71.5,13.5,0,2.0,9.0,0.0,0,0.0,1.0,0.0,0.0,0.0,0,0.0,0,0,0.0,1.5,1.5,0,0.0,0,0,0,0,0,833.0,3600.0,,,,0.0,0.0,20.0,0.526536608,,,,,,,10.23558637,https://doi.org/10.1016/S0304-8853(99)00196-1
853,71.5,13.5,0,2.0,9.0,0.0,0,0.0,1.0,0.0,0.0,0.0,0,0.0,0,0,0.0,1.5,1.5,0,0.0,0,0,0,0,0,873.0,3600.0,,,,0.0,0.0,20.0,73.16202446,,,,,,,10.3319155,https://doi.org/10.1016/S0304-8853(99)00196-1
854,73.5,13.5,0,0.0,9.0,0.0,0,0.0,1.0,0.0,0.0,0.0,0,0.0,0,0,0.0,3.0,0.0,0,0.0,0,0,0,0,0,753.0,3600.0,,,,0.0,0.0,20.0,0.8974220079999999,,,,,,,8.426229507999999,https://doi.org/10.1016/S0304-8853(99)00196-1
855,73.5,13.5,0,0.0,9.0,0.0,0,0.0,1.0,0.0,0.0,0.0,0,0.0,0,0,0.0,3.0,0.0,0,0.0,0,0,0,0,0,773.0,3600.0,,,,0.0,0.0,20.0,0.697748138,,,,,,,9.475409836,https://doi.org/10.1016/S0304-8853(99)00196-1
856,73.5,13.5,0,0.0,9.0,0.0,0,0.0,1.0,0.0,0.0,0.0,0,0.0,0,0,0.0,3.0,0.0,0,0.0,0,0,0,0,0,793.0,3600.0,,,,0.0,0.0,20.0,0.6569445829999999,,,,,,,10.19672131,https://doi.org/10.1016/S0304-8853(99)00196-1
857,73.5,13.5,0,0.0,9.0,0.0,0,0.0,1.0,0.0,0.0,0.0,0,0.0,0,0,0.0,3.0,0.0,0,0.0,0,0,0,0,0,813.0,3600.0,,,,0.0,0.0,20.0,0.486737431,,,,,,,10.0,https://doi.org/10.1016/S0304-8853(99)00196-1
858,73.5,13.5,0,0.0,9.0,0.0,0,0.0,1.0,0.0,0.0,0.0,0,0.0,0,0,0.0,3.0,0.0,0,0.0,0,0,0,0,0,833.0,3600.0,,,,0.0,0.0,20.0,0.94107621,,,,,,,10.52459016,https://doi.org/10.1016/S0304-8853(99)00196-1
860,73.5,13.5,0,0.0,9.0,0.0,0,0.0,1.0,0.0,0.0,0.0,0,0.0,0,0,0.0,3.0,0.0,0,0.0,0,0,0,0,0,873.0,3600.0,,,,0.0,0.0,20.0,9.184471846000001,,,,,,,11.04918033,https://doi.org/10.1016/S0304-8853(99)00196-1
861,73.5,13.5,0,0.0,9.0,0.0,0,0.0,1.0,0.0,0.0,0.0,0,0.0,0,0,0.0,0.0,3.0,0,0.0,0,0,0,0,0,753.0,3600.0,,,,0.0,0.0,20.0,1.317546677,,,,,,,12.885245900000001,https://doi.org/10.1016/S0304-8853(99)00196-1
862,73.5,13.5,0,0.0,9.0,0.0,0,0.0,1.0,0.0,0.0,0.0,0,0.0,0,0,0.0,0.0,3.0,0,0.0,0,0,0,0,0,773.0,3600.0,,,,0.0,0.0,20.0,1.432843264,,,,,,,13.344262300000002,https://doi.org/10.1016/S0304-8853(99)00196-1
863,73.5,13.5,0,0.0,9.0,0.0,0,0.0,1.0,0.0,0.0,0.0,0,0.0,0,0,0.0,0.0,3.0,0,0.0,0,0,0,0,0,793.0,3600.0,,,,0.0,0.0,20.0,1.011646389,,,,,,,13.40983607,https://doi.org/10.1016/S0304-8853(99)00196-1
864,73.5,13.5,0,0.0,9.0,0.0,0,0.0,1.0,0.0,0.0,0.0,0,0.0,0,0,0.0,0.0,3.0,0,0.0,0,0,0,0,0,813.0,3600.0,,,,0.0,0.0,20.0,1.398058845,,,,,,,13.93442623,https://doi.org/10.1016/S0304-8853(99)00196-1
865,73.5,13.5,0,0.0,9.0,0.0,0,0.0,1.0,0.0,0.0,0.0,0,0.0,0,0,0.0,0.0,3.0,0,0.0,0,0,0,0,0,833.0,3600.0,,,,0.0,0.0,20.0,4.582735529,,,,,,,14.98360656,https://doi.org/10.1016/S0304-8853(99)00196-1
866,73.5,13.5,0,0.0,9.0,0.0,0,0.0,1.0,0.0,0.0,0.0,0,0.0,0,0,0.0,0.0,3.0,0,0.0,0,0,0,0,0,873.0,3600.0,,,,0.0,0.0,20.0,3872.144536,,,,,,,19.04918033,https://doi.org/10.1016/S0304-8853(99)00196-1
867,73.5,13.5,0,0.0,9.0,0.0,0,0.0,1.0,0.0,0.0,0.0,0,0.0,0,0,0.0,1.5,1.5,0,0.0,0,0,0,0,0,753.0,3600.0,,,,0.0,0.0,20.0,1.3819639559999999,,,,,,,8.557377049,https://doi.org/10.1016/S0304-8853(99)00196-1
868,73.5,13.5,0,0.0,9.0,0.0,0,0.0,1.0,0.0,0.0,0.0,0,0.0,0,0,0.0,1.5,1.5,0,0.0,0,0,0,0,0,773.0,3600.0,,,,0.0,0.0,20.0,1.182674827,,,,,,,9.93442623,https://doi.org/10.1016/S0304-8853(99)00196-1
869,73.5,13.5,0,0.0,9.0,0.0,0,0.0,1.0,0.0,0.0,0.0,0,0.0,0,0,0.0,1.5,1.5,0,0.0,0,0,0,0,0,793.0,3600.0,,,,0.0,0.0,20.0,1.011646389,,,,,,,10.52459016,https://doi.org/10.1016/S0304-8853(99)00196-1
870,73.5,13.5,0,0.0,9.0,0.0,0,0.0,1.0,0.0,0.0,0.0,0,0.0,0,0,0.0,1.5,1.5,0,0.0,0,0,0,0,0,813.0,3600.0,,,,0.0,0.0,20.0,0.535749053,,,,,,,10.98360656,https://doi.org/10.1016/S0304-8853(99)00196-1
871,73.5,13.5,0,0.0,9.0,0.0,0,0.0,1.0,0.0,0.0,0.0,0,0.0,0,0,0.0,1.5,1.5,0,0.0,0,0,0,0,0,833.0,3600.0,,,,0.0,0.0,20.0,0.416349577,,,,,,,10.78688525,https://doi.org/10.1016/S0304-8853(99)00196-1
872,73.5,13.5,0,0.0,9.0,0.0,0,0.0,1.0,0.0,0.0,0.0,0,0.0,0,0,0.0,1.5,1.5,0,0.0,0,0,0,0,0,873.0,3600.0,,,,0.0,0.0,20.0,251.50938030000003,,,,,,,14.06557377,https://doi.org/10.1016/S0304-8853(99)00196-1
873,73.5,13.5,0,0.0,9.0,0.0,0,0.0,1.0,0.0,0.0,0.0,0,0.0,0,0,0.0,3.0,0.0,0,0.0,0,0,0,0,0,298.0,,,,,0.0,0.0,,8.116902097999999,590.0,,,,,,,https://doi.org/10.1016/S0304-8853(00)00189-X
874,73.5,13.5,0,0.0,9.0,0.0,0,0.0,1.0,0.0,0.0,0.0,0,0.0,0,0,0.0,3.0,0.0,0,0.0,0,0,0,0,0,673.0,1800.0,,,,0.0,0.0,,2.912535459,596.0,,,,,,,https://doi.org/10.1016/S0304-8853(00)00189-X
875,73.5,13.5,0,0.0,9.0,0.0,0,0.0,1.0,0.0,0.0,0.0,0,0.0,0,0,0.0,3.0,0.0,0,0.0,0,0,0,0,0,723.0,900.0,,,,0.0,0.0,,3.0796481489999996,,,,,,,,https://doi.org/10.1016/S0304-8853(00)00189-X
876,73.5,13.5,0,0.0,9.0,0.0,0,0.0,1.0,0.0,0.0,0.0,0,0.0,0,0,0.0,3.0,0.0,0,0.0,0,0,0,0,0,798.0,240.0,,,,0.0,0.0,,5.347606088,591.0,,,,,,,https://doi.org/10.1016/S0304-8853(00)00189-X
877,73.5,13.5,0,0.0,9.0,0.0,0,0.0,1.0,0.0,0.0,0.0,0,0.0,0,0,0.0,3.0,0.0,0,0.0,0,0,0,0,0,798.0,3600.0,,,,0.0,0.0,,1.591549431,,,,,,,,https://doi.org/10.1016/S0304-8853(00)00189-X
930,77.0,11.0,0,0.0,9.0,0.0,0,0.0,0.6,0.0,0.0,0.0,0,0.0,0,0,0.0,2.4,0.0,0,0.0,0,0,0,0,0,,,,,,,,18.0,0.8,,380.0,,157000.0,,1.45,,https://doi.org/10.4028/www.scientific.net/MSF.307.51
931,76.9,11.0,0,0.0,9.0,0.0,0,0.0,0.6,0.0,0.0,0.0,0,0.0,0,0,0.0,2.5,0.0,0,0.0,0,0,0,0,0,,,,,,,,18.0,0.7,,350.0,,209100.0,,1.45,,https://doi.org/10.4028/www.scientific.net/MSF.307.51
932,77.0,11.0,0,0.0,9.0,0.0,0,0.0,1.0,0.0,0.0,0.0,0,0.0,0,0,0.0,2.0,0.0,0,0.0,0,0,0,0,0,,,,,,,,18.0,1.4,,430.0,,52300.0,,1.45,,https://doi.org/10.4028/www.scientific.net/MSF.307.51
933,73.5,13.5,0,0.0,9.0,0.0,0,0.0,1.0,0.0,0.0,0.0,0,0.0,0,0,0.0,3.0,0.0,0,0.0,0,0,0,0,0,,,,,,,,18.0,0.45,,250.0,,158000.0,,1.24,,https://doi.org/10.4028/www.scientific.net/MSF.307.51
946,63.5,13.5,0,0.0,9.0,0.0,0,0.0,1.0,0.0,0.0,0.0,0,0.0,10,0,0.0,3.0,0.0,0,0.0,0,0,0,0,0,775.0,3600.0,825.0,,950.0,0.0,0.0,25.0,10.92254831,,,,,,,,https://doi.org/10.1016/S0304-8853(99)00188-2
947,63.5,13.5,0,0.0,9.0,0.0,0,0.0,1.0,0.0,0.0,0.0,0,0.0,10,0,0.0,3.0,0.0,0,0.0,0,0,0,0,0,800.0,3600.0,825.0,,950.0,0.0,0.0,25.0,286.486385,,,,,,,,https://doi.org/10.1016/S0304-8853(99)00188-2
948,63.5,13.5,0,0.0,9.0,0.0,0,0.0,1.0,0.0,0.0,0.0,0,0.0,10,0,0.0,3.0,0.0,0,0.0,0,0,0,0,0,825.0,3600.0,825.0,,950.0,0.0,0.0,25.0,1927.8623300000002,,,,,,,,https://doi.org/10.1016/S0304-8853(99)00188-2
949,63.5,13.5,0,0.0,9.0,0.0,0,0.0,1.0,0.0,0.0,0.0,0,0.0,10,0,0.0,3.0,0.0,0,0.0,0,0,0,0,0,875.0,3600.0,825.0,,950.0,0.0,0.0,25.0,3904.9299079999996,,,,,,,,https://doi.org/10.1016/S0304-8853(99)00188-2
950,63.5,13.5,0,0.0,9.0,0.0,0,0.0,1.0,0.0,0.0,0.0,0,0.0,10,0,0.0,3.0,0.0,0,0.0,0,0,0,0,0,1025.0,3600.0,825.0,,950.0,0.0,0.0,25.0,10148.62912,,,,,,,,https://doi.org/10.1016/S0304-8853(99)00188-2
951,73.5,13.5,0,0.0,9.0,0.0,0,0.0,1.0,0.0,0.0,0.0,0,0.0,0,0,0.0,3.0,0.0,0,0.0,0,0,0,0,0,298.0,,,,,0.0,0.0,23.0,24.4173227,,,,,,,,https://doi.org/10.1016/S0304-8853(99)00600-9
952,73.5,13.5,0,0.0,9.0,0.0,0,0.0,1.0,0.0,0.0,0.0,0,0.0,0,0,0.0,3.0,0.0,0,0.0,0,0,0,0,0,723.0,3600.0,,,,0.0,0.0,23.0,1.636237564,,,,,,,,https://doi.org/10.1016/S0304-8853(99)00600-9
953,73.5,13.5,0,0.0,9.0,0.0,0,0.0,1.0,0.0,0.0,0.0,0,0.0,0,0,0.0,3.0,0.0,0,0.0,0,0,0,0,0,773.0,3600.0,,,,0.0,0.0,23.0,0.767400306,,,,,,,,https://doi.org/10.1016/S0304-8853(99)00600-9
954,73.5,13.5,0,0.0,9.0,0.0,0,0.0,1.0,0.0,0.0,0.0,0,0.0,0,0,0.0,3.0,0.0,0,0.0,0,0,0,0,0,798.0,3600.0,,,,0.0,0.0,23.0,0.474527606,,,,,,,,https://doi.org/10.1016/S0304-8853(99)00600-9
955,73.5,13.5,0,0.0,9.0,0.0,0,0.0,1.0,0.0,0.0,0.0,0,0.0,0,0,0.0,3.0,0.0,0,0.0,0,0,0,0,0,823.0,3600.0,,,,0.0,0.0,23.0,0.32492469399999996,,,,,,0.877016653,,https://doi.org/10.1016/S0304-8853(99)00600-9
956,73.5,13.5,0,0.0,9.0,0.0,0,0.0,1.0,0.0,0.0,0.0,0,0.0,0,0,0.0,3.0,0.0,0,0.0,0,0,0,0,0,848.0,3600.0,,,,0.0,0.0,23.0,0.684145459,,,,,,,,https://doi.org/10.1016/S0304-8853(99)00600-9
957,73.5,13.5,0,0.0,9.0,0.0,0,0.0,1.0,0.0,0.0,0.0,0,0.0,0,0,0.0,3.0,0.0,0,0.0,0,0,0,0,0,923.0,3600.0,,,,0.0,0.0,23.0,3578.885767,,,,,,,,https://doi.org/10.1016/S0304-8853(99)00600-9
965,70.5,13.5,0,0.0,9.0,0.0,0,0.0,1.0,0.0,0.0,0.0,0,0.0,0,0,0.0,3.0,0.0,0,0.0,0,3,0,0,0,298.0,,,,,0.0,0.0,,48.0,,,,,16.0,1.2,,http://phys.ipme.nw.ru/e-journals/RAMS/no_61808/pavlik.pdf
966,70.5,13.5,0,0.0,9.0,0.0,0,0.0,1.0,0.0,0.0,0.0,0,0.0,0,0,0.0,3.0,0.0,0,0.0,0,3,0,0,0,823.0,3600.0,,,,0.0,0.0,,33.0,,,,,,1.2,,http://phys.ipme.nw.ru/e-journals/RAMS/no_61808/pavlik.pdf
967,68.5,13.5,0,0.0,9.0,0.0,0,0.0,1.0,0.0,0.0,0.0,0,0.0,0,0,0.0,3.0,0.0,0,0.0,0,5,0,0,0,298.0,,,,,0.0,0.0,,36.0,,,,,19.0,1.13,,http://phys.ipme.nw.ru/e-journals/RAMS/no_61808/pavlik.pdf
968,68.5,13.5,0,0.0,9.0,0.0,0,0.0,1.0,0.0,0.0,0.0,0,0.0,0,0,0.0,3.0,0.0,0,0.0,0,5,0,0,0,823.0,3600.0,,,,0.0,0.0,,35.0,,,,,,1.1,,http://phys.ipme.nw.ru/e-journals/RAMS/no_61808/pavlik.pdf
969,66.5,13.5,0,0.0,9.0,0.0,0,0.0,1.0,0.0,0.0,0.0,0,0.0,0,0,0.0,3.0,0.0,0,0.0,0,7,0,0,0,298.0,,,,,0.0,0.0,,31.0,,,,,22.0,0.88,,http://phys.ipme.nw.ru/e-journals/RAMS/no_61808/pavlik.pdf
970,66.5,13.5,0,0.0,9.0,0.0,0,0.0,1.0,0.0,0.0,0.0,0,0.0,0,0,0.0,3.0,0.0,0,0.0,0,7,0,0,0,823.0,3600.0,,,,0.0,0.0,,42.0,,,,,,0.9,,http://phys.ipme.nw.ru/e-journals/RAMS/no_61808/pavlik.pdf
971,73.5,13.5,0,0.0,9.0,0.0,0,0.0,1.0,0.0,0.0,0.0,0,0.0,0,0,0.0,3.0,0.0,0,0.0,0,0,0,0,0,813.0,3600.0,,,,0.0,0.0,20.0,0.5,,,,,,1.4909274190000001,10.32124352,https://doi.org/10.1016/S0304-8853(00)00132-3
972,71.5,13.5,0,2.0,9.0,0.0,0,0.0,1.0,0.0,0.0,0.0,0,0.0,0,0,0.0,3.0,0.0,0,0.0,0,0,0,0,0,793.0,3600.0,,,,0.0,0.0,20.0,0.32080924899999996,,,,,,1.3215725809999999,9.637305699,https://doi.org/10.1016/S0304-8853(00)00132-3
973,69.5,13.5,0,4.0,9.0,0.0,0,0.0,1.0,0.0,0.0,0.0,0,0.0,0,0,0.0,3.0,0.0,0,0.0,0,0,0,0,0,793.0,3600.0,,,,0.0,0.0,20.0,0.321965318,,,,,,1.282258065,9.948186527999999,https://doi.org/10.1016/S0304-8853(00)00132-3
974,68.5,13.5,0,5.0,9.0,0.0,0,0.0,1.0,0.0,0.0,0.0,0,0.0,0,0,0.0,3.0,0.0,0,0.0,0,0,0,0,0,793.0,3600.0,,,,0.0,0.0,20.0,0.31040462399999996,,,,,,1.191532258,10.32124352,https://doi.org/10.1016/S0304-8853(00)00132-3
975,67.0,13.5,0,6.5,9.0,0.0,0,0.0,1.0,0.0,0.0,0.0,0,0.0,0,0,0.0,3.0,0.0,0,0.0,0,0,0,0,0,793.0,3600.0,,,,0.0,0.0,20.0,0.293063584,,,,,,1.094758065,9.823834197,https://doi.org/10.1016/S0304-8853(00)00132-3
976,65.5,13.5,0,8.0,9.0,0.0,0,0.0,1.0,0.0,0.0,0.0,0,0.0,0,0,0.0,3.0,0.0,0,0.0,0,0,0,0,0,793.0,3600.0,,,,0.0,0.0,20.0,0.31156069399999997,,,,,,1.094758065,9.544041451,https://doi.org/10.1016/S0304-8853(00)00132-3
977,63.5,13.5,0,10.0,9.0,0.0,0,0.0,1.0,0.0,0.0,0.0,0,0.0,0,0,0.0,3.0,0.0,0,0.0,0,0,0,0,0,793.0,3600.0,,,,0.0,0.0,20.0,0.401734104,,,,,,0.877016129,10.41450777,https://doi.org/10.1016/S0304-8853(00)00132-3
1095,73.5,13.5,0,0.0,9.0,0.0,0,0.0,0.0,1.0,0.0,0.0,0,0.0,0,0,0.0,3.0,0.0,0,0.0,0,0,0,0,0,298.0,,887.0,1068.0,,0.0,0.0,30.0,11.15,,,,,,0.99,,https://doi.org/10.1007/s11741-000-0017-x
1096,73.5,13.5,0,0.0,9.0,0.0,0,0.0,0.0,1.0,0.0,0.0,0,0.0,0,0,0.0,3.0,0.0,0,0.0,0,0,0,0,0,773.0,3600.0,887.0,1068.0,,0.0,0.0,30.0,1.86,,,,,,1.25,,https://doi.org/10.1007/s11741-000-0017-x
1097,73.5,13.5,0,0.0,9.0,0.0,0,0.0,0.0,1.0,0.0,0.0,0,0.0,0,0,0.0,3.0,0.0,0,0.0,0,0,0,0,0,823.0,3600.0,887.0,1068.0,,0.0,0.0,30.0,4.32,,,,,,1.26,,https://doi.org/10.1007/s11741-000-0017-x
1120,72.5,13.5,0,0.0,9.0,0.0,0,0.0,1.0,0.0,0.0,0.0,0,0.0,0,0,0.0,3.0,1.0,0,0.0,0,0,0,0,0,298.0,,,825.0,969.0,0.0,0.0,25.0,24.26605505,,,,,,,,https://doi.org/10.1016/S0022-3093(01)00598-1
1121,72.5,13.5,0,0.0,9.0,0.0,0,0.0,1.0,0.0,0.0,0.0,0,0.0,0,0,0.0,3.0,1.0,0,0.0,0,0,0,0,0,698.0,3600.0,,825.0,969.0,0.0,0.0,25.0,4.764089122,,,,,,,,https://doi.org/10.1016/S0022-3093(01)00598-1
1122,72.5,13.5,0,0.0,9.0,0.0,0,0.0,1.0,0.0,0.0,0.0,0,0.0,0,0,0.0,3.0,1.0,0,0.0,0,0,0,0,0,748.0,3600.0,,825.0,969.0,0.0,0.0,25.0,2.50982962,,,,,,,,https://doi.org/10.1016/S0022-3093(01)00598-1
1123,72.5,13.5,0,0.0,9.0,0.0,0,0.0,1.0,0.0,0.0,0.0,0,0.0,0,0,0.0,3.0,1.0,0,0.0,0,0,0,0,0,773.0,3600.0,,825.0,969.0,0.0,0.0,25.0,1.25163827,,,,,,,,https://doi.org/10.1016/S0022-3093(01)00598-1
1124,72.5,13.5,0,0.0,9.0,0.0,0,0.0,1.0,0.0,0.0,0.0,0,0.0,0,0,0.0,3.0,1.0,0,0.0,0,0,0,0,0,798.0,3600.0,,825.0,969.0,0.0,0.0,25.0,1.618610747,,,,,,,,https://doi.org/10.1016/S0022-3093(01)00598-1
1125,72.5,13.5,0,0.0,9.0,0.0,0,0.0,1.0,0.0,0.0,0.0,0,0.0,0,0,0.0,3.0,1.0,0,0.0,0,0,0,0,0,823.0,3600.0,,825.0,969.0,0.0,0.0,25.0,1.27785059,,,,,,,,https://doi.org/10.1016/S0022-3093(01)00598-1
1126,72.5,13.5,0,0.0,9.0,0.0,0,0.0,1.0,0.0,0.0,0.0,0,0.0,0,0,0.0,3.0,1.0,0,0.0,0,0,0,0,0,848.0,3600.0,,825.0,969.0,0.0,0.0,25.0,0.832241153,,,,,,,,https://doi.org/10.1016/S0022-3093(01)00598-1
1127,72.5,13.5,0,0.0,9.0,0.0,0,0.0,1.0,0.0,0.0,0.0,0,0.0,0,0,0.0,3.0,1.0,0,0.0,0,0,0,0,0,873.0,3600.0,,825.0,969.0,0.0,0.0,25.0,1.0943643509999998,,,,,,,,https://doi.org/10.1016/S0022-3093(01)00598-1
1128,72.5,13.5,0,0.0,9.0,0.0,0,0.0,1.0,0.0,0.0,0.0,0,0.0,0,0,0.0,3.0,1.0,0,0.0,0,0,0,0,0,898.0,3600.0,,825.0,969.0,0.0,0.0,25.0,3.0078636960000003,,,,,,,,https://doi.org/10.1016/S0022-3093(01)00598-1
1129,72.5,13.5,0,0.0,9.0,0.0,0,0.0,1.0,0.0,0.0,0.0,0,0.0,0,0,0.0,3.0,1.0,0,0.0,0,0,0,0,0,923.0,3600.0,,825.0,969.0,0.0,0.0,25.0,9.141546527000001,,,,,,,,https://doi.org/10.1016/S0022-3093(01)00598-1
1130,72.5,13.5,0,0.0,9.0,0.0,0,0.0,1.0,0.0,0.0,0.0,0,0.0,0,0,0.0,3.0,1.0,0,0.0,0,0,0,0,0,948.0,3600.0,,825.0,969.0,0.0,0.0,25.0,12.07732634,,,,,,,,https://doi.org/10.1016/S0022-3093(01)00598-1
1131,72.5,13.5,0,0.0,9.0,0.0,0,0.0,1.0,0.0,0.0,0.0,0,0.0,0,0,0.0,3.0,1.0,0,0.0,0,0,0,0,0,973.0,3600.0,,825.0,969.0,0.0,0.0,25.0,792.7927927999999,,,,,,,,https://doi.org/10.1016/S0022-3093(01)00598-1
1132,72.5,13.5,0,0.0,9.0,0.0,0,0.0,1.0,0.0,0.0,0.0,0,0.0,0,0,0.0,3.0,1.0,0,0.0,0,0,0,0,0,998.0,3600.0,,825.0,969.0,0.0,0.0,25.0,1346.846847,,,,,,,,https://doi.org/10.1016/S0022-3093(01)00598-1
1133,70.5,13.5,0,0.0,9.0,0.0,0,0.0,1.0,0.0,0.0,0.0,0,0.0,0,0,0.0,3.0,3.0,0,0.0,0,0,0,0,0,298.0,,,852.0,975.0,0.0,0.0,25.0,13.78947368,,,,,,,,https://doi.org/10.1016/S0022-3093(01)00598-1
1134,70.5,13.5,0,0.0,9.0,0.0,0,0.0,1.0,0.0,0.0,0.0,0,0.0,0,0,0.0,3.0,3.0,0,0.0,0,0,0,0,0,698.0,3600.0,,852.0,975.0,0.0,0.0,25.0,5.078636959,,,,,,,,https://doi.org/10.1016/S0022-3093(01)00598-1
1135,70.5,13.5,0,0.0,9.0,0.0,0,0.0,1.0,0.0,0.0,0.0,0,0.0,0,0,0.0,3.0,3.0,0,0.0,0,0,0,0,0,748.0,3600.0,,852.0,975.0,0.0,0.0,25.0,2.404980341,,,,,,,,https://doi.org/10.1016/S0022-3093(01)00598-1
1136,70.5,13.5,0,0.0,9.0,0.0,0,0.0,1.0,0.0,0.0,0.0,0,0.0,0,0,0.0,3.0,3.0,0,0.0,0,0,0,0,0,773.0,3600.0,,852.0,975.0,0.0,0.0,25.0,1.933158585,,,,,,,,https://doi.org/10.1016/S0022-3093(01)00598-1
1137,70.5,13.5,0,0.0,9.0,0.0,0,0.0,1.0,0.0,0.0,0.0,0,0.0,0,0,0.0,3.0,3.0,0,0.0,0,0,0,0,0,798.0,3600.0,,852.0,975.0,0.0,0.0,25.0,1.382699869,,,,,,,,https://doi.org/10.1016/S0022-3093(01)00598-1
1138,70.5,13.5,0,0.0,9.0,0.0,0,0.0,1.0,0.0,0.0,0.0,0,0.0,0,0,0.0,3.0,3.0,0,0.0,0,0,0,0,0,833.0,3600.0,,852.0,975.0,0.0,0.0,25.0,1.461336828,,,,,,,,https://doi.org/10.1016/S0022-3093(01)00598-1
1139,70.5,13.5,0,0.0,9.0,0.0,0,0.0,1.0,0.0,0.0,0.0,0,0.0,0,0,0.0,3.0,3.0,0,0.0,0,0,0,0,0,848.0,3600.0,,852.0,975.0,0.0,0.0,25.0,1.697247706,,,,,,,,https://doi.org/10.1016/S0022-3093(01)00598-1
1140,70.5,13.5,0,0.0,9.0,0.0,0,0.0,1.0,0.0,0.0,0.0,0,0.0,0,0,0.0,3.0,3.0,0,0.0,0,0,0,0,0,873.0,3600.0,,852.0,975.0,0.0,0.0,25.0,2.195281782,,,,,,,,https://doi.org/10.1016/S0022-3093(01)00598-1
1141,70.5,13.5,0,0.0,9.0,0.0,0,0.0,1.0,0.0,0.0,0.0,0,0.0,0,0,0.0,3.0,3.0,0,0.0,0,0,0,0,0,898.0,3600.0,,852.0,975.0,0.0,0.0,25.0,2.352555701,,,,,,,,https://doi.org/10.1016/S0022-3093(01)00598-1
1142,70.5,13.5,0,0.0,9.0,0.0,0,0.0,1.0,0.0,0.0,0.0,0,0.0,0,0,0.0,3.0,3.0,0,0.0,0,0,0,0,0,923.0,3600.0,,852.0,975.0,0.0,0.0,25.0,10.26867628,,,,,,,,https://doi.org/10.1016/S0022-3093(01)00598-1
1143,70.5,13.5,0,0.0,9.0,0.0,0,0.0,1.0,0.0,0.0,0.0,0,0.0,0,0,0.0,3.0,3.0,0,0.0,0,0,0,0,0,948.0,3600.0,,852.0,975.0,0.0,0.0,25.0,17.73918742,,,,,,,,https://doi.org/10.1016/S0022-3093(01)00598-1
1144,70.5,13.5,0,0.0,9.0,0.0,0,0.0,1.0,0.0,0.0,0.0,0,0.0,0,0,0.0,3.0,3.0,0,0.0,0,0,0,0,0,998.0,3600.0,,852.0,975.0,0.0,0.0,25.0,1355.8558560000001,,,,,,,,https://doi.org/10.1016/S0022-3093(01)00598-1
1145,68.5,13.5,0,0.0,9.0,0.0,0,0.0,1.0,0.0,0.0,0.0,0,0.0,0,0,0.0,3.0,5.0,0,0.0,0,0,0,0,0,298.0,,,867.0,991.0,0.0,0.0,25.0,20.93709043,,,,,,,,https://doi.org/10.1016/S0022-3093(01)00598-1
1146,68.5,13.5,0,0.0,9.0,0.0,0,0.0,1.0,0.0,0.0,0.0,0,0.0,0,0,0.0,3.0,5.0,0,0.0,0,0,0,0,0,698.0,3600.0,,867.0,991.0,0.0,0.0,25.0,7.54259502,,,,,,,,https://doi.org/10.1016/S0022-3093(01)00598-1
1147,68.5,13.5,0,0.0,9.0,0.0,0,0.0,1.0,0.0,0.0,0.0,0,0.0,0,0,0.0,3.0,5.0,0,0.0,0,0,0,0,0,748.0,3600.0,,867.0,991.0,0.0,0.0,25.0,3.4010484930000002,,,,,,,,https://doi.org/10.1016/S0022-3093(01)00598-1
1148,68.5,13.5,0,0.0,9.0,0.0,0,0.0,1.0,0.0,0.0,0.0,0,0.0,0,0,0.0,3.0,5.0,0,0.0,0,0,0,0,0,773.0,3600.0,,867.0,991.0,0.0,0.0,25.0,2.4836172999999997,,,,,,,,https://doi.org/10.1016/S0022-3093(01)00598-1
1149,68.5,13.5,0,0.0,9.0,0.0,0,0.0,1.0,0.0,0.0,0.0,0,0.0,0,0,0.0,3.0,5.0,0,0.0,0,0,0,0,0,798.0,3600.0,,867.0,991.0,0.0,0.0,25.0,1.854521625,,,,,,,,https://doi.org/10.1016/S0022-3093(01)00598-1
1150,68.5,13.5,0,0.0,9.0,0.0,0,0.0,1.0,0.0,0.0,0.0,0,0.0,0,0,0.0,3.0,5.0,0,0.0,0,0,0,0,0,823.0,3600.0,,867.0,991.0,0.0,0.0,25.0,2.53604194,,,,,,,,https://doi.org/10.1016/S0022-3093(01)00598-1
1151,68.5,13.5,0,0.0,9.0,0.0,0,0.0,1.0,0.0,0.0,0.0,0,0.0,0,0,0.0,3.0,5.0,0,0.0,0,0,0,0,0,848.0,3600.0,,867.0,991.0,0.0,0.0,25.0,4.790301442,,,,,,,,https://doi.org/10.1016/S0022-3093(01)00598-1
1152,68.5,13.5,0,0.0,9.0,0.0,0,0.0,1.0,0.0,0.0,0.0,0,0.0,0,0,0.0,3.0,5.0,0,0.0,0,0,0,0,0,873.0,3600.0,,867.0,991.0,0.0,0.0,25.0,4.737876802,,,,,,,,https://doi.org/10.1016/S0022-3093(01)00598-1
1153,68.5,13.5,0,0.0,9.0,0.0,0,0.0,1.0,0.0,0.0,0.0,0,0.0,0,0,0.0,3.0,5.0,0,0.0,0,0,0,0,0,898.0,3600.0,,867.0,991.0,0.0,0.0,25.0,4.895150721,,,,,,,,https://doi.org/10.1016/S0022-3093(01)00598-1
1154,68.5,13.5,0,0.0,9.0,0.0,0,0.0,1.0,0.0,0.0,0.0,0,0.0,0,0,0.0,3.0,5.0,0,0.0,0,0,0,0,0,998.0,3600.0,,867.0,991.0,0.0,0.0,25.0,617.1171171,,,,,,,,https://doi.org/10.1016/S0022-3093(01)00598-1
1157,73.5,13.5,0,0.0,9.0,0.0,0,0.0,1.0,0.0,0.0,0.0,0,0.0,0,0,0.0,3.0,0.0,0,0.0,0,0,0,0,0,773.0,3600.0,,,,0.0,0.0,22.0,3.2,635.0,,,,,,11.0,https://doi.org/10.1109/20.951133
1158,73.5,13.5,0,0.0,9.0,0.0,0,0.0,1.0,0.0,0.0,0.0,0,0.0,0,0,0.0,3.0,0.0,0,0.0,0,0,0,0,0,796.0,3600.0,,,,0.0,0.0,22.0,3.2,658.0,,,,,,11.5,https://doi.org/10.1109/20.951133
1159,73.5,13.5,0,0.0,9.0,0.0,0,0.0,1.0,0.0,0.0,0.0,0,0.0,0,0,0.0,3.0,0.0,0,0.0,0,0,0,0,0,813.0,3600.0,,,,0.0,0.0,22.0,1.2,636.0,,,,,,11.4,https://doi.org/10.1109/20.951133
1160,73.5,13.5,0,0.0,9.0,0.0,0,0.0,1.0,0.0,0.0,0.0,0,0.0,0,0,0.0,3.0,0.0,0,0.0,0,0,0,0,0,848.0,3600.0,,,,0.0,0.0,22.0,5.7,610.0,,,,,,12.4,https://doi.org/10.1109/20.951133
1161,73.5,13.5,0,0.0,9.0,0.0,0,0.0,1.0,0.0,0.0,0.0,0,0.0,0,0,0.0,3.0,0.0,0,0.0,0,0,0,0,0,873.0,3600.0,,,,0.0,0.0,22.0,6.0,654.0,,,,,,12.8,https://doi.org/10.1109/20.951133
1162,73.5,13.5,0,0.0,9.0,0.0,0,0.0,1.0,0.0,0.0,0.0,0,0.0,0,0,0.0,3.0,0.0,0,0.0,0,0,0,0,0,898.0,3600.0,,,,0.0,0.0,22.0,6.0,,,,,,,13.4,https://doi.org/10.1109/20.951133
1163,73.5,13.5,0,0.0,9.0,0.0,0,0.0,1.0,0.0,0.0,0.0,0,0.0,0,0,0.0,3.0,0.0,0,0.0,0,0,0,0,0,923.0,3600.0,,,,0.0,0.0,22.0,345.0,,,,,,,14.0,https://doi.org/10.1109/20.951133
1164,73.5,13.5,0,0.0,9.0,0.0,0,0.0,1.0,0.0,0.0,0.0,0,0.0,0,0,0.0,3.0,0.0,0,0.0,0,0,0,0,0,723.0,3600.0,,,,0.0,0.0,,0.9036738809999999,,,,,,,,https://doi.org/10.1016/S0921-4526(02)00715-9
1165,73.5,13.5,0,0.0,9.0,0.0,0,0.0,1.0,0.0,0.0,0.0,0,0.0,0,0,0.0,3.0,0.0,0,0.0,0,0,0,0,0,773.0,3600.0,,,,0.0,0.0,,0.18116091899999998,,,,,,,,https://doi.org/10.1016/S0921-4526(02)00715-9
1166,73.5,13.5,0,0.0,9.0,0.0,0,0.0,1.0,0.0,0.0,0.0,0,0.0,0,0,0.0,3.0,0.0,0,0.0,0,0,0,0,0,813.0,3600.0,,,,0.0,0.0,,0.459998694,,,,,,,,https://doi.org/10.1016/S0921-4526(02)00715-9
1167,73.5,13.5,0,0.0,9.0,0.0,0,0.0,1.0,0.0,0.0,0.0,0,0.0,0,0,0.0,3.0,0.0,0,0.0,0,0,0,0,0,833.0,3600.0,,,,0.0,0.0,,0.45382821799999995,,,,,,,,https://doi.org/10.1016/S0921-4526(02)00715-9
1168,73.5,13.5,0,0.0,9.0,0.0,0,0.0,1.0,0.0,0.0,0.0,0,0.0,0,0,0.0,3.0,0.0,0,0.0,0,0,0,0,0,883.0,3600.0,,,,0.0,0.0,,2159.2893879999997,,,,,,,,https://doi.org/10.1016/S0921-4526(02)00715-9
1169,72.5,13.5,0,0.0,9.0,0.0,0,1.0,1.0,0.0,0.0,0.0,0,0.0,0,0,0.0,3.0,0.0,0,0.0,0,0,0,0,0,723.0,3600.0,,,,0.0,0.0,,0.708663203,,,,,,,,https://doi.org/10.1016/S0921-4526(02)00715-9
1170,72.5,13.5,0,0.0,9.0,0.0,0,1.0,1.0,0.0,0.0,0.0,0,0.0,0,0,0.0,3.0,0.0,0,0.0,0,0,0,0,0,773.0,3600.0,,,,0.0,0.0,,0.201829822,,,,,,,,https://doi.org/10.1016/S0921-4526(02)00715-9
1171,72.5,13.5,0,0.0,9.0,0.0,0,1.0,1.0,0.0,0.0,0.0,0,0.0,0,0,0.0,3.0,0.0,0,0.0,0,0,0,0,0,813.0,3600.0,,,,0.0,0.0,,0.30264842399999997,,,,,,,,https://doi.org/10.1016/S0921-4526(02)00715-9
1172,72.5,13.5,0,0.0,9.0,0.0,0,1.0,1.0,0.0,0.0,0.0,0,0.0,0,0,0.0,3.0,0.0,0,0.0,0,0,0,0,0,833.0,3600.0,,,,0.0,0.0,,0.129251904,,,,,,,,https://doi.org/10.1016/S0921-4526(02)00715-9
1173,72.5,13.5,0,0.0,9.0,0.0,0,1.0,1.0,0.0,0.0,0.0,0,0.0,0,0,0.0,3.0,0.0,0,0.0,0,0,0,0,0,883.0,3600.0,,,,0.0,0.0,,131.8969048,,,,,,,,https://doi.org/10.1016/S0921-4526(02)00715-9
1174,72.5,13.5,0,0.0,9.0,0.0,0,1.0,1.0,0.0,0.0,0.0,0,0.0,0,0,0.0,3.0,0.0,0,0.0,0,0,0,0,0,923.0,3600.0,,,,0.0,0.0,,4538.282178,,,,,,,,https://doi.org/10.1016/S0921-4526(02)00715-9
1175,73.5,13.5,0,0.0,7.0,0.0,0,2.0,1.0,0.0,0.0,0.0,0,0.0,0,0,0.0,3.0,0.0,0,0.0,0,0,0,0,0,298.0,,,,,0.0,0.0,,7.038941104,,,,,,,,https://doi.org/10.1016/S0921-4526(02)00715-9
1176,73.5,13.5,0,0.0,7.0,0.0,0,2.0,1.0,0.0,0.0,0.0,0,0.0,0,0,0.0,3.0,0.0,0,0.0,0,0,0,0,0,723.0,3600.0,,,,0.0,0.0,,0.689778538,,,,,,,,https://doi.org/10.1016/S0921-4526(02)00715-9
1177,73.5,13.5,0,0.0,7.0,0.0,0,2.0,1.0,0.0,0.0,0.0,0,0.0,0,0,0.0,3.0,0.0,0,0.0,0,0,0,0,0,773.0,3600.0,,,,0.0,0.0,,0.191216307,,,,,,,,https://doi.org/10.1016/S0921-4526(02)00715-9
1178,73.5,13.5,0,0.0,7.0,0.0,0,2.0,1.0,0.0,0.0,0.0,0,0.0,0,0,0.0,3.0,0.0,0,0.0,0,0,0,0,0,813.0,3600.0,,,,0.0,0.0,,0.35111917299999995,,,,,,,,https://doi.org/10.1016/S0921-4526(02)00715-9
1179,73.5,13.5,0,0.0,7.0,0.0,0,2.0,1.0,0.0,0.0,0.0,0,0.0,0,0,0.0,3.0,0.0,0,0.0,0,0,0,0,0,833.0,3600.0,,,,0.0,0.0,,0.23101297,,,,,,,,https://doi.org/10.1016/S0921-4526(02)00715-9
1180,73.5,13.5,0,0.0,7.0,0.0,0,2.0,1.0,0.0,0.0,0.0,0,0.0,0,0,0.0,3.0,0.0,0,0.0,0,0,0,0,0,883.0,3600.0,,,,0.0,0.0,,0.993270298,,,,,,,,https://doi.org/10.1016/S0921-4526(02)00715-9
1181,73.5,13.5,0,0.0,7.0,0.0,0,2.0,1.0,0.0,0.0,0.0,0,0.0,0,0,0.0,3.0,0.0,0,0.0,0,0,0,0,0,923.0,3600.0,,,,0.0,0.0,,1041.346611,,,,,,,,https://doi.org/10.1016/S0921-4526(02)00715-9
1182,71.5,9.5,0,2.0,9.0,0.0,0,4.0,1.0,0.0,0.0,0.0,0,0.0,0,0,0.0,3.0,0.0,0,0.0,0,0,0,0,0,298.0,,,,,0.0,0.0,,9.347048298999999,,,,,,,,https://doi.org/10.1016/S0921-4526(02)00715-9
1183,71.5,9.5,0,2.0,9.0,0.0,0,4.0,1.0,0.0,0.0,0.0,0,0.0,0,0,0.0,3.0,0.0,0,0.0,0,0,0,0,0,723.0,3600.0,,,,0.0,0.0,,1.823883387,,,,,,,,https://doi.org/10.1016/S0921-4526(02)00715-9
1184,71.5,9.5,0,2.0,9.0,0.0,0,4.0,1.0,0.0,0.0,0.0,0,0.0,0,0,0.0,3.0,0.0,0,0.0,0,0,0,0,0,773.0,3600.0,,,,0.0,0.0,,0.822159372,,,,,,,,https://doi.org/10.1016/S0921-4526(02)00715-9
1185,71.5,9.5,0,2.0,9.0,0.0,0,4.0,1.0,0.0,0.0,0.0,0,0.0,0,0,0.0,3.0,0.0,0,0.0,0,0,0,0,0,813.0,3600.0,,,,0.0,0.0,,0.5336699229999999,,,,,,,,https://doi.org/10.1016/S0921-4526(02)00715-9
1186,71.5,9.5,0,2.0,9.0,0.0,0,4.0,1.0,0.0,0.0,0.0,0,0.0,0,0,0.0,3.0,0.0,0,0.0,0,0,0,0,0,873.0,3600.0,,,,0.0,0.0,,3.6811405930000003,,,,,,,,https://doi.org/10.1016/S0921-4526(02)00715-9
1187,71.5,9.5,0,2.0,9.0,0.0,0,4.0,1.0,0.0,0.0,0.0,0,0.0,0,0,0.0,3.0,0.0,0,0.0,0,0,0,0,0,923.0,3600.0,,,,0.0,0.0,,1013.596501,,,,,,,,https://doi.org/10.1016/S0921-4526(02)00715-9
1188,71.5,9.5,0,1.0,9.0,0.0,0,5.0,1.0,0.0,0.0,0.0,0,0.0,0,0,0.0,3.0,0.0,0,0.0,0,0,0,0,0,298.0,,,,,0.0,0.0,,11.75929354,,,,,,,,https://doi.org/10.1016/S0921-4526(02)00715-9
1189,71.5,9.5,0,1.0,9.0,0.0,0,5.0,1.0,0.0,0.0,0.0,0,0.0,0,0,0.0,3.0,0.0,0,0.0,0,0,0,0,0,723.0,3600.0,,,,0.0,0.0,,1.5510144209999999,,,,,,,,https://doi.org/10.1016/S0921-4526(02)00715-9
1190,71.5,9.5,0,1.0,9.0,0.0,0,5.0,1.0,0.0,0.0,0.0,0,0.0,0,0,0.0,3.0,0.0,0,0.0,0,0,0,0,0,773.0,3600.0,,,,0.0,0.0,,0.9538325540000001,,,,,,,,https://doi.org/10.1016/S0921-4526(02)00715-9
1191,71.5,9.5,0,1.0,9.0,0.0,0,5.0,1.0,0.0,0.0,0.0,0,0.0,0,0,0.0,3.0,0.0,0,0.0,0,0,0,0,0,813.0,3600.0,,,,0.0,0.0,,0.993270298,,,,,,,,https://doi.org/10.1016/S0921-4526(02)00715-9
1192,71.5,9.5,0,1.0,9.0,0.0,0,5.0,1.0,0.0,0.0,0.0,0,0.0,0,0,0.0,3.0,0.0,0,0.0,0,0,0,0,0,873.0,3600.0,,,,0.0,0.0,,1.006775298,,,,,,,,https://doi.org/10.1016/S0921-4526(02)00715-9
1193,71.5,9.5,0,1.0,9.0,0.0,0,5.0,1.0,0.0,0.0,0.0,0,0.0,0,0,0.0,3.0,0.0,0,0.0,0,0,0,0,0,923.0,3600.0,,,,0.0,0.0,,4128.913429,,,,,,,,https://doi.org/10.1016/S0921-4526(02)00715-9
1194,71.5,7.5,0,2.0,9.0,0.0,0,6.0,1.0,0.0,0.0,0.0,0,0.0,0,0,0.0,3.0,0.0,0,0.0,0,0,0,0,0,298.0,,,,,0.0,0.0,,10.99146847,,,,,,,,https://doi.org/10.1016/S0921-4526(02)00715-9
1195,71.5,7.5,0,2.0,9.0,0.0,0,6.0,1.0,0.0,0.0,0.0,0,0.0,0,0,0.0,3.0,0.0,0,0.0,0,0,0,0,0,723.0,3600.0,,,,0.0,0.0,,1.593477887,,,,,,,,https://doi.org/10.1016/S0921-4526(02)00715-9
1196,71.5,7.5,0,2.0,9.0,0.0,0,6.0,1.0,0.0,0.0,0.0,0,0.0,0,0,0.0,3.0,0.0,0,0.0,0,0,0,0,0,773.0,3600.0,,,,0.0,0.0,,1.152347802,,,,,,,,https://doi.org/10.1016/S0921-4526(02)00715-9
1197,71.5,7.5,0,2.0,9.0,0.0,0,6.0,1.0,0.0,0.0,0.0,0,0.0,0,0,0.0,3.0,0.0,0,0.0,0,0,0,0,0,813.0,3600.0,,,,0.0,0.0,,0.9036738809999999,,,,,,,,https://doi.org/10.1016/S0921-4526(02)00715-9
1198,71.5,7.5,0,2.0,9.0,0.0,0,6.0,1.0,0.0,0.0,0.0,0,0.0,0,0,0.0,3.0,0.0,0,0.0,0,0,0,0,0,873.0,3600.0,,,,0.0,0.0,,13.45960324,,,,,,,,https://doi.org/10.1016/S0921-4526(02)00715-9
1199,71.5,7.5,0,1.0,9.0,0.0,0,7.0,1.0,0.0,0.0,0.0,0,0.0,0,0,0.0,3.0,0.0,0,0.0,0,0,0,0,0,298.0,,,,,0.0,0.0,,8.056721617000001,,,,,,,,https://doi.org/10.1016/S0921-4526(02)00715-9
1200,71.5,7.5,0,1.0,9.0,0.0,0,7.0,1.0,0.0,0.0,0.0,0,0.0,0,0,0.0,3.0,0.0,0,0.0,0,0,0,0,0,723.0,3600.0,,,,0.0,0.0,,0.789515579,,,,,,,,https://doi.org/10.1016/S0921-4526(02)00715-9
1201,71.5,7.5,0,1.0,9.0,0.0,0,7.0,1.0,0.0,0.0,0.0,0,0.0,0,0,0.0,3.0,0.0,0,0.0,0,0,0,0,0,773.0,3600.0,,,,0.0,0.0,,0.689778538,,,,,,,,https://doi.org/10.1016/S0921-4526(02)00715-9
1202,71.5,7.5,0,1.0,9.0,0.0,0,7.0,1.0,0.0,0.0,0.0,0,0.0,0,0,0.0,3.0,0.0,0,0.0,0,0,0,0,0,813.0,3600.0,,,,0.0,0.0,,0.72806489,,,,,,,,https://doi.org/10.1016/S0921-4526(02)00715-9
1203,71.5,7.5,0,1.0,9.0,0.0,0,7.0,1.0,0.0,0.0,0.0,0,0.0,0,0,0.0,3.0,0.0,0,0.0,0,0,0,0,0,873.0,3600.0,,,,0.0,0.0,,1.8992947830000002,,,,,,,,https://doi.org/10.1016/S0921-4526(02)00715-9
1204,71.5,7.5,0,1.0,9.0,0.0,0,7.0,1.0,0.0,0.0,0.0,0,0.0,0,0,0.0,3.0,0.0,0,0.0,0,0,0,0,0,923.0,3600.0,,,,0.0,0.0,,1670.605475,,,,,,,,https://doi.org/10.1016/S0921-4526(02)00715-9
1211,92.5,7.5,0,0.0,0.0,0.0,0,0.0,0.0,0.0,0.0,0.0,0,0.0,0,0,0.0,0.0,0.0,0,0.0,0,0,0,0,0,298.0,,,,,0.0,0.0,30.0,265.0704225,,,,,,,,https://doi.org/10.1016/S0304-8853(00)00940-9
1212,90.5,9.5,0,0.0,0.0,0.0,0,0.0,0.0,0.0,0.0,0.0,0,0.0,0,0,0.0,0.0,0.0,0,0.0,0,0,0,0,0,298.0,,,,,0.0,0.0,30.0,238.028169,,,,,,,,https://doi.org/10.1016/S0304-8853(00)00940-9
1213,88.0,12.0,0,0.0,0.0,0.0,0,0.0,0.0,0.0,0.0,0.0,0,0.0,0,0,0.0,0.0,0.0,0,0.0,0,0,0,0,0,298.0,,,,,0.0,0.0,30.0,68.45070423,,,,,,,,https://doi.org/10.1016/S0304-8853(00)00940-9
1214,85.0,15.0,0,0.0,0.0,0.0,0,0.0,0.0,0.0,0.0,0.0,0,0.0,0,0,0.0,0.0,0.0,0,0.0,0,0,0,0,0,298.0,,,,,0.0,0.0,30.0,92.67605634,,,,,,,,https://doi.org/10.1016/S0304-8853(00)00940-9
1215,83.5,16.5,0,0.0,0.0,0.0,0,0.0,0.0,0.0,0.0,0.0,0,0.0,0,0,0.0,0.0,0.0,0,0.0,0,0,0,0,0,298.0,,,,,0.0,0.0,30.0,131.54929579999998,,,,,,,,https://doi.org/10.1016/S0304-8853(00)00940-9
1216,82.0,18.0,0,0.0,0.0,0.0,0,0.0,0.0,0.0,0.0,0.0,0,0.0,0,0,0.0,0.0,0.0,0,0.0,0,0,0,0,0,298.0,,,,,0.0,0.0,30.0,151.2676056,,,,,,,,https://doi.org/10.1016/S0304-8853(00)00940-9
1217,80.0,20.0,0,0.0,0.0,0.0,0,0.0,0.0,0.0,0.0,0.0,0,0.0,0,0,0.0,0.0,0.0,0,0.0,0,0,0,0,0,298.0,,,,,0.0,0.0,30.0,168.7323944,,,,,,,,https://doi.org/10.1016/S0304-8853(00)00940-9
1218,89.0,9.5,0,0.0,0.0,0.0,0,0.0,0.0,0.0,0.0,0.0,0,0.0,0,0,0.0,1.5,0.0,0,0.0,0,0,0,0,0,298.0,,,,,0.0,0.0,30.0,1032.380952,,,,,,,,https://doi.org/10.1016/S0304-8853(00)00940-9
1219,86.5,12.0,0,0.0,0.0,0.0,0,0.0,0.0,0.0,0.0,0.0,0,0.0,0,0,0.0,1.5,0.0,0,0.0,0,0,0,0,0,298.0,,,,,0.0,0.0,30.0,830.4761905,,,,,,,,https://doi.org/10.1016/S0304-8853(00)00940-9
1220,83.5,15.0,0,0.0,0.0,0.0,0,0.0,0.0,0.0,0.0,0.0,0,0.0,0,0,0.0,1.5,0.0,0,0.0,0,0,0,0,0,298.0,,,,,0.0,0.0,30.0,994.2857142999999,,,,,,,,https://doi.org/10.1016/S0304-8853(00)00940-9
1221,82.0,16.5,0,0.0,0.0,0.0,0,0.0,0.0,0.0,0.0,0.0,0,0.0,0,0,0.0,1.5,0.0,0,0.0,0,0,0,0,0,298.0,,,,,0.0,0.0,30.0,1070.47619,,,,,,,,https://doi.org/10.1016/S0304-8853(00)00940-9
1222,80.5,18.0,0,0.0,0.0,0.0,0,0.0,0.0,0.0,0.0,0.0,0,0.0,0,0,0.0,1.5,0.0,0,0.0,0,0,0,0,0,298.0,,,,,0.0,0.0,30.0,1152.380952,,,,,,,,https://doi.org/10.1016/S0304-8853(00)00940-9
1223,78.5,20.0,0,0.0,0.0,0.0,0,0.0,0.0,0.0,0.0,0.0,0,0.0,0,0,0.0,1.5,0.0,0,0.0,0,0,0,0,0,298.0,,,,,0.0,0.0,30.0,1432.380952,,,,,,,,https://doi.org/10.1016/S0304-8853(00)00940-9
1224,73.5,13.5,0,0.0,9.0,0.0,0,0.0,1.0,0.0,0.0,0.0,0,0.0,0,0,0.0,3.0,0.0,0,0.0,0,0,0,0,0,298.0,,,,,0.0,0.0,25.0,17.62271601,,,,,,,,10.1002/1521-396X(200202)189:3<877::AID-PSSA877>3.0.CO;2-G
1225,73.5,13.5,0,0.0,9.0,0.0,0,0.0,1.0,0.0,0.0,0.0,0,0.0,0,0,0.0,3.0,0.0,0,0.0,0,0,0,0,0,728.0,3600.0,,,,0.0,0.0,25.0,0.659365499,,,,,,,,10.1002/1521-396X(200202)189:3<877::AID-PSSA877>3.0.CO;2-G
1226,73.5,13.5,0,0.0,9.0,0.0,0,0.0,1.0,0.0,0.0,0.0,0,0.0,0,0,0.0,3.0,0.0,0,0.0,0,0,0,0,0,773.0,3600.0,,,,0.0,0.0,25.0,0.163038826,,,,,,,,10.1002/1521-396X(200202)189:3<877::AID-PSSA877>3.0.CO;2-G
1227,73.5,13.5,0,0.0,9.0,0.0,0,0.0,1.0,0.0,0.0,0.0,0,0.0,0,0,0.0,3.0,0.0,0,0.0,0,0,0,0,0,813.0,3600.0,,,,0.0,0.0,25.0,0.454348123,,,,,,,,10.1002/1521-396X(200202)189:3<877::AID-PSSA877>3.0.CO;2-G
1228,73.5,13.5,0,0.0,9.0,0.0,0,0.0,1.0,0.0,0.0,0.0,0,0.0,0,0,0.0,3.0,0.0,0,0.0,0,0,0,0,0,833.0,3600.0,,,,0.0,0.0,25.0,0.444236642,,,,,,,,10.1002/1521-396X(200202)189:3<877::AID-PSSA877>3.0.CO;2-G
1229,73.5,13.5,0,0.0,9.0,0.0,0,0.0,1.0,0.0,0.0,0.0,0,0.0,0,0,0.0,3.0,0.0,0,0.0,0,0,0,0,0,883.0,3600.0,,,,0.0,0.0,25.0,2428.8069149999997,,,,,,,,10.1002/1521-396X(200202)189:3<877::AID-PSSA877>3.0.CO;2-G
1230,73.5,13.5,0,0.0,9.0,0.0,0,0.0,1.0,0.0,0.0,0.0,0,0.0,0,0,0.0,3.0,0.0,0,0.0,0,0,0,0,0,928.0,3600.0,,,,0.0,0.0,25.0,3922.927079,,,,,,,,10.1002/1521-396X(200202)189:3<877::AID-PSSA877>3.0.CO;2-G
1231,72.5,13.5,0,0.0,9.0,0.0,0,1.0,1.0,0.0,0.0,0.0,0,0.0,0,0,0.0,3.0,0.0,0,0.0,0,0,0,0,0,298.0,,,,,0.0,0.0,25.0,7.430967261,,,,,,,,10.1002/1521-396X(200202)189:3<877::AID-PSSA877>3.0.CO;2-G
1232,72.5,13.5,0,0.0,9.0,0.0,0,1.0,1.0,0.0,0.0,0.0,0,0.0,0,0,0.0,3.0,0.0,0,0.0,0,0,0,0,0,728.0,3600.0,,,,0.0,0.0,25.0,0.724293492,,,,,,,,10.1002/1521-396X(200202)189:3<877::AID-PSSA877>3.0.CO;2-G
1233,72.5,13.5,0,0.0,9.0,0.0,0,1.0,1.0,0.0,0.0,0.0,0,0.0,0,0,0.0,3.0,0.0,0,0.0,0,0,0,0,0,773.0,3600.0,,,,0.0,0.0,25.0,0.18945603,,,,,,,,10.1002/1521-396X(200202)189:3<877::AID-PSSA877>3.0.CO;2-G
1234,72.5,13.5,0,0.0,9.0,0.0,0,1.0,1.0,0.0,0.0,0.0,0,0.0,0,0,0.0,3.0,0.0,0,0.0,0,0,0,0,0,813.0,3600.0,,,,0.0,0.0,25.0,0.324078043,,,,,,,,10.1002/1521-396X(200202)189:3<877::AID-PSSA877>3.0.CO;2-G
1235,72.5,13.5,0,0.0,9.0,0.0,0,1.0,1.0,0.0,0.0,0.0,0,0.0,0,0,0.0,3.0,0.0,0,0.0,0,0,0,0,0,833.0,3600.0,,,,0.0,0.0,25.0,0.131136345,,,,,,,,10.1002/1521-396X(200202)189:3<877::AID-PSSA877>3.0.CO;2-G
1236,72.5,13.5,0,0.0,9.0,0.0,0,1.0,1.0,0.0,0.0,0.0,0,0.0,0,0,0.0,3.0,0.0,0,0.0,0,0,0,0,0,883.0,3600.0,,,,0.0,0.0,25.0,127.48943359999998,,,,,,,,10.1002/1521-396X(200202)189:3<877::AID-PSSA877>3.0.CO;2-G
1237,72.5,13.5,0,0.0,9.0,0.0,0,1.0,1.0,0.0,0.0,0.0,0,0.0,0,0,0.0,3.0,0.0,0,0.0,0,0,0,0,0,928.0,3600.0,,,,0.0,0.0,25.0,4644.936707,,,,,,,,10.1002/1521-396X(200202)189:3<877::AID-PSSA877>3.0.CO;2-G
1238,73.5,13.5,0,0.0,7.0,0.0,0,2.0,1.0,0.0,0.0,0.0,0,0.0,0,0,0.0,3.0,0.0,0,0.0,0,0,0,0,0,298.0,,,,,0.0,0.0,25.0,9.308322784,,,,,,,,10.1002/1521-396X(200202)189:3<877::AID-PSSA877>3.0.CO;2-G
1239,73.5,13.5,0,0.0,7.0,0.0,0,2.0,1.0,0.0,0.0,0.0,0,0.0,0,0,0.0,3.0,0.0,0,0.0,0,0,0,0,0,728.0,3600.0,,,,0.0,0.0,25.0,0.9244700459999999,,,,,,,,10.1002/1521-396X(200202)189:3<877::AID-PSSA877>3.0.CO;2-G
1240,73.5,13.5,0,0.0,7.0,0.0,0,2.0,1.0,0.0,0.0,0.0,0,0.0,0,0,0.0,3.0,0.0,0,0.0,0,0,0,0,0,773.0,3600.0,,,,0.0,0.0,25.0,0.179081989,,,,,,,,10.1002/1521-396X(200202)189:3<877::AID-PSSA877>3.0.CO;2-G
1241,73.5,13.5,0,0.0,7.0,0.0,0,2.0,1.0,0.0,0.0,0.0,0,0.0,0,0,0.0,3.0,0.0,0,0.0,0,0,0,0,0,813.0,3600.0,,,,0.0,0.0,25.0,0.355967606,,,,,,,,10.1002/1521-396X(200202)189:3<877::AID-PSSA877>3.0.CO;2-G
1242,73.5,13.5,0,0.0,7.0,0.0,0,2.0,1.0,0.0,0.0,0.0,0,0.0,0,0,0.0,3.0,0.0,0,0.0,0,0,0,0,0,833.0,3600.0,,,,0.0,0.0,25.0,0.22601440399999997,,,,,,,,10.1002/1521-396X(200202)189:3<877::AID-PSSA877>3.0.CO;2-G
1243,73.5,13.5,0,0.0,7.0,0.0,0,2.0,1.0,0.0,0.0,0.0,0,0.0,0,0,0.0,3.0,0.0,0,0.0,0,0,0,0,0,883.0,3600.0,,,,0.0,0.0,25.0,1.0435605909999999,,,,,,,,10.1002/1521-396X(200202)189:3<877::AID-PSSA877>3.0.CO;2-G
1244,73.5,13.5,0,0.0,7.0,0.0,0,2.0,1.0,0.0,0.0,0.0,0,0.0,0,0,0.0,3.0,0.0,0,0.0,0,0,0,0,0,928.0,3600.0,,,,0.0,0.0,25.0,996.4925243999999,,,,,,,,10.1002/1521-396X(200202)189:3<877::AID-PSSA877>3.0.CO;2-G
1245,71.5,9.5,0,2.0,9.0,0.0,0,4.0,1.0,0.0,0.0,0.0,0,0.0,0,0,0.0,3.0,0.0,0,0.0,0,0,0,0,0,298.0,,,,,0.0,0.0,25.0,9.215753194,,,,,,,,10.1002/1521-396X(200202)189:3<877::AID-PSSA877>3.0.CO;2-G
1246,71.5,9.5,0,2.0,9.0,0.0,0,4.0,1.0,0.0,0.0,0.0,0,0.0,0,0,0.0,3.0,0.0,0,0.0,0,0,0,0,0,723.0,3600.0,,,,0.0,0.0,25.0,1.761637973,,,,,,,,10.1002/1521-396X(200202)189:3<877::AID-PSSA877>3.0.CO;2-G
1247,71.5,9.5,0,2.0,9.0,0.0,0,4.0,1.0,0.0,0.0,0.0,0,0.0,0,0,0.0,3.0,0.0,0,0.0,0,0,0,0,0,773.0,3600.0,,,,0.0,0.0,25.0,0.84950239,,,,,,,,10.1002/1521-396X(200202)189:3<877::AID-PSSA877>3.0.CO;2-G
1248,71.5,9.5,0,2.0,9.0,0.0,0,4.0,1.0,0.0,0.0,0.0,0,0.0,0,0,0.0,3.0,0.0,0,0.0,0,0,0,0,0,813.0,3600.0,,,,0.0,0.0,25.0,0.530088776,,,,,,,,10.1002/1521-396X(200202)189:3<877::AID-PSSA877>3.0.CO;2-G
1249,71.5,9.5,0,2.0,9.0,0.0,0,4.0,1.0,0.0,0.0,0.0,0,0.0,0,0,0.0,3.0,0.0,0,0.0,0,0,0,0,0,873.0,3600.0,,,,0.0,0.0,25.0,3.708543591,,,,,,,,10.1002/1521-396X(200202)189:3<877::AID-PSSA877>3.0.CO;2-G
1250,71.5,9.5,0,2.0,9.0,0.0,0,4.0,1.0,0.0,0.0,0.0,0,0.0,0,0,0.0,3.0,0.0,0,0.0,0,0,0,0,0,923.0,3600.0,,,,0.0,0.0,25.0,991.8449496,,,,,,,,10.1002/1521-396X(200202)189:3<877::AID-PSSA877>3.0.CO;2-G
1251,71.5,9.5,0,1.0,9.0,0.0,0,5.0,1.0,0.0,0.0,0.0,0,0.0,0,0,0.0,3.0,0.0,0,0.0,0,0,0,0,0,298.0,,,,,0.0,0.0,25.0,11.73717712,,,,,,,,10.1002/1521-396X(200202)189:3<877::AID-PSSA877>3.0.CO;2-G
1252,71.5,9.5,0,1.0,9.0,0.0,0,5.0,1.0,0.0,0.0,0.0,0,0.0,0,0,0.0,3.0,0.0,0,0.0,0,0,0,0,0,723.0,3600.0,,,,0.0,0.0,25.0,1.491752025,,,,,,,,10.1002/1521-396X(200202)189:3<877::AID-PSSA877>3.0.CO;2-G
1253,71.5,9.5,0,1.0,9.0,0.0,0,5.0,1.0,0.0,0.0,0.0,0,0.0,0,0,0.0,3.0,0.0,0,0.0,0,0,0,0,0,773.0,3600.0,,,,0.0,0.0,25.0,0.94431408,,,,,,,,10.1002/1521-396X(200202)189:3<877::AID-PSSA877>3.0.CO;2-G
1254,71.5,9.5,0,1.0,9.0,0.0,0,5.0,1.0,0.0,0.0,0.0,0,0.0,0,0,0.0,3.0,0.0,0,0.0,0,0,0,0,0,813.0,3600.0,,,,0.0,0.0,25.0,1.030834324,,,,,,,,10.1002/1521-396X(200202)189:3<877::AID-PSSA877>3.0.CO;2-G
1255,71.5,9.5,0,1.0,9.0,0.0,0,5.0,1.0,0.0,0.0,0.0,0,0.0,0,0,0.0,3.0,0.0,0,0.0,0,0,0,0,0,873.0,3600.0,,,,0.0,0.0,25.0,0.980647446,,,,,,,,10.1002/1521-396X(200202)189:3<877::AID-PSSA877>3.0.CO;2-G
1256,71.5,9.5,0,1.0,9.0,0.0,0,5.0,1.0,0.0,0.0,0.0,0,0.0,0,0,0.0,3.0,0.0,0,0.0,0,0,0,0,0,923.0,3600.0,,,,0.0,0.0,25.0,4106.876281,,,,,,,,10.1002/1521-396X(200202)189:3<877::AID-PSSA877>3.0.CO;2-G
1257,71.5,7.5,0,2.0,9.0,0.0,0,6.0,1.0,0.0,0.0,0.0,0,0.0,0,0,0.0,3.0,0.0,0,0.0,0,0,0,0,0,298.0,,,,,0.0,0.0,25.0,10.24407464,,,,,,,,10.1002/1521-396X(200202)189:3<877::AID-PSSA877>3.0.CO;2-G
1258,71.5,7.5,0,2.0,9.0,0.0,0,6.0,1.0,0.0,0.0,0.0,0,0.0,0,0,0.0,3.0,0.0,0,0.0,0,0,0,0,0,723.0,3600.0,,,,0.0,0.0,25.0,1.560954666,,,,,,,,10.1002/1521-396X(200202)189:3<877::AID-PSSA877>3.0.CO;2-G
1259,71.5,7.5,0,2.0,9.0,0.0,0,6.0,1.0,0.0,0.0,0.0,0,0.0,0,0,0.0,3.0,0.0,0,0.0,0,0,0,0,0,773.0,3600.0,,,,0.0,0.0,25.0,1.166837085,,,,,,,,10.1002/1521-396X(200202)189:3<877::AID-PSSA877>3.0.CO;2-G
1260,71.5,7.5,0,2.0,9.0,0.0,0,6.0,1.0,0.0,0.0,0.0,0,0.0,0,0,0.0,3.0,0.0,0,0.0,0,0,0,0,0,813.0,3600.0,,,,0.0,0.0,25.0,0.8997004690000001,,,,,,,,10.1002/1521-396X(200202)189:3<877::AID-PSSA877>3.0.CO;2-G
1261,71.5,7.5,0,2.0,9.0,0.0,0,6.0,1.0,0.0,0.0,0.0,0,0.0,0,0,0.0,3.0,0.0,0,0.0,0,0,0,0,0,873.0,3600.0,,,,0.0,0.0,25.0,13.40232971,,,,,,,,10.1002/1521-396X(200202)189:3<877::AID-PSSA877>3.0.CO;2-G
1306,63.5,13.5,0,0.0,9.0,0.0,0,0.0,1.0,0.0,0.0,0.0,0,0.0,10,0,0.0,3.0,0.0,0,0.0,0,0,0,0,0,473.0,3600.0,,,,0.0,0.0,,2.592151388,,,,,,,,https://doi.org/10.1063/1.1485109
1307,63.5,13.5,0,0.0,9.0,0.0,0,0.0,1.0,0.0,0.0,0.0,0,0.0,10,0,0.0,3.0,0.0,0,0.0,0,0,0,0,0,573.0,3600.0,,,,0.0,0.0,,4.732603546,,,,,,,,https://doi.org/10.1063/1.1485109
1308,63.5,13.5,0,0.0,9.0,0.0,0,0.0,1.0,0.0,0.0,0.0,0,0.0,10,0,0.0,3.0,0.0,0,0.0,0,0,0,0,0,623.0,3600.0,,,,0.0,0.0,,10.9728983,,,,,,,,https://doi.org/10.1063/1.1485109
1309,63.5,13.5,0,0.0,9.0,0.0,0,0.0,1.0,0.0,0.0,0.0,0,0.0,10,0,0.0,3.0,0.0,0,0.0,0,0,0,0,0,743.0,3600.0,,,,0.0,0.0,,7.141181481,,,,,,,,https://doi.org/10.1063/1.1485109
1310,63.5,13.5,0,0.0,9.0,0.0,0,0.0,1.0,0.0,0.0,0.0,0,0.0,10,0,0.0,3.0,0.0,0,0.0,0,0,0,0,0,758.0,3600.0,,,,0.0,0.0,,44.24139712,,,,,,,,https://doi.org/10.1063/1.1485109
1311,63.5,13.5,0,0.0,9.0,0.0,0,0.0,1.0,0.0,0.0,0.0,0,0.0,10,0,0.0,3.0,0.0,0,0.0,0,0,0,0,0,778.0,3600.0,,,,0.0,0.0,,12.00204267,,,,,,,,https://doi.org/10.1063/1.1485109
1312,63.5,13.5,0,0.0,9.0,0.0,0,0.0,1.0,0.0,0.0,0.0,0,0.0,10,0,0.0,3.0,0.0,0,0.0,0,0,0,0,0,798.0,3600.0,,,,0.0,0.0,,103.9223272,,,,,,,,https://doi.org/10.1063/1.1485109
1313,63.5,13.5,0,0.0,9.0,0.0,0,0.0,1.0,0.0,0.0,0.0,0,0.0,10,0,0.0,3.0,0.0,0,0.0,0,0,0,0,0,818.0,3600.0,,,,0.0,0.0,,1478.467379,,,,,,,4.0,https://doi.org/10.1063/1.1485109
1314,63.5,13.5,0,0.0,9.0,0.0,0,0.0,1.0,0.0,0.0,0.0,0,0.0,10,0,0.0,3.0,0.0,0,0.0,0,0,0,0,0,853.0,3600.0,,,,0.0,0.0,,3789.391617,,,,,,,16.0,https://doi.org/10.1063/1.1485109
1315,63.5,13.5,0,0.0,9.0,0.0,0,0.0,1.0,0.0,0.0,0.0,0,0.0,10,0,0.0,3.0,0.0,0,0.0,0,0,0,0,0,873.0,3600.0,,,,0.0,0.0,,2085.728082,,,,,,,15.0,https://doi.org/10.1063/1.1485109
1316,63.5,13.5,0,0.0,9.0,0.0,0,0.0,1.0,0.0,0.0,0.0,0,0.0,10,0,0.0,3.0,0.0,0,0.0,0,0,0,0,0,898.0,3600.0,,,,0.0,0.0,,1527.3932539999998,,,,,,,38.0,https://doi.org/10.1063/1.1485109
1352,73.5,7.5,0,0.0,9.0,0.0,0,6.0,1.0,0.0,0.0,0.0,0,0.0,0,0,0.0,3.0,0.0,0,0.0,0,0,0,0,0,298.0,3600.0,,799.0,984.0,0.0,0.0,,8.611665958,,,,,,,,https://doi.org/10.1016/j.physb.2004.09.050
1353,73.5,7.5,0,0.0,9.0,0.0,0,6.0,1.0,0.0,0.0,0.0,0,0.0,0,0,0.0,3.0,0.0,0,0.0,0,0,0,0,0,573.0,3600.0,,799.0,984.0,0.0,0.0,,6.282830429,,,,,,,,https://doi.org/10.1016/j.physb.2004.09.050
1354,73.5,7.5,0,0.0,9.0,0.0,0,6.0,1.0,0.0,0.0,0.0,0,0.0,0,0,0.0,3.0,0.0,0,0.0,0,0,0,0,0,673.0,3600.0,,799.0,984.0,0.0,0.0,,3.3520505739999997,,,,,,,,https://doi.org/10.1016/j.physb.2004.09.050
1355,73.5,7.5,0,0.0,9.0,0.0,0,6.0,1.0,0.0,0.0,0.0,0,0.0,0,0,0.0,3.0,0.0,0,0.0,0,0,0,0,0,723.0,3600.0,,799.0,984.0,0.0,0.0,,1.194379516,,,,,,,,https://doi.org/10.1016/j.physb.2004.09.050
1356,73.5,7.5,0,0.0,9.0,0.0,0,6.0,1.0,0.0,0.0,0.0,0,0.0,0,0,0.0,3.0,0.0,0,0.0,0,0,0,0,0,773.0,3600.0,,799.0,984.0,0.0,0.0,,0.498193795,,,,,,,,https://doi.org/10.1016/j.physb.2004.09.050
1357,73.5,7.5,0,0.0,9.0,0.0,0,6.0,1.0,0.0,0.0,0.0,0,0.0,0,0,0.0,3.0,0.0,0,0.0,0,0,0,0,0,813.0,3600.0,,799.0,984.0,0.0,0.0,,0.456651084,,,,,,,,https://doi.org/10.1016/j.physb.2004.09.050
1358,73.5,7.5,0,0.0,9.0,0.0,0,6.0,1.0,0.0,0.0,0.0,0,0.0,0,0,0.0,3.0,0.0,0,0.0,0,0,0,0,0,873.0,3600.0,,799.0,984.0,0.0,0.0,,14.605928599999999,,,,,,,,https://doi.org/10.1016/j.physb.2004.09.050
1359,73.5,3.5,0,0.0,9.0,0.0,0,10.0,1.0,0.0,0.0,0.0,0,0.0,0,0,0.0,3.0,0.0,0,0.0,0,0,0,0,0,298.0,3600.0,,766.0,966.0,0.0,0.0,,7.265512112000001,,,,,,1.1530590859999998,,https://doi.org/10.1016/j.physb.2004.09.050
1360,73.5,3.5,0,0.0,9.0,0.0,0,10.0,1.0,0.0,0.0,0.0,0,0.0,0,0,0.0,3.0,0.0,0,0.0,0,0,0,0,0,573.0,3600.0,,766.0,966.0,0.0,0.0,,6.936676583,,,,,,0.872936342,,https://doi.org/10.1016/j.physb.2004.09.050
1361,73.5,3.5,0,0.0,9.0,0.0,0,10.0,1.0,0.0,0.0,0.0,0,0.0,0,0,0.0,3.0,0.0,0,0.0,0,0,0,0,0,673.0,3600.0,,766.0,966.0,0.0,0.0,,1.275127497,,,,,,1.154908418,,https://doi.org/10.1016/j.physb.2004.09.050
1362,73.5,3.5,0,0.0,9.0,0.0,0,10.0,1.0,0.0,0.0,0.0,0,0.0,0,0,0.0,3.0,0.0,0,0.0,0,0,0,0,0,723.0,3600.0,,766.0,966.0,0.0,0.0,,2.771302592,,,,,,,,https://doi.org/10.1016/j.physb.2004.09.050
1363,73.5,3.5,0,0.0,9.0,0.0,0,10.0,1.0,0.0,0.0,0.0,0,0.0,0,0,0.0,3.0,0.0,0,0.0,0,0,0,0,0,773.0,3600.0,,766.0,966.0,0.0,0.0,,2.036708457,,,,,,0.986139537,,https://doi.org/10.1016/j.physb.2004.09.050
1364,73.5,3.5,0,0.0,9.0,0.0,0,10.0,1.0,0.0,0.0,0.0,0,0.0,0,0,0.0,3.0,0.0,0,0.0,0,0,0,0,0,813.0,3600.0,,766.0,966.0,0.0,0.0,,3.37978113,,,,,,,,https://doi.org/10.1016/j.physb.2004.09.050
