Fe,Si,Al,B,P,Cu,Ag,Zr,Nb,Mo,Ta,W,Annealing temperature (K),Annealing Time (s),Primary Crystallization Onset (K),Primary Crystallization Peak (K),Secondary Crystallization Peak (K),Ribbon Thickness (um),Total SiCAl,Total BP,Total Late Transition,Total Early Transition,Relative to Fe SiCAl,Relative to Fe BP,Relative to Fe Early,Relative to Fe Late,Relative to Late Early,Relative to Early SiCAl,Relative to Late SiCAl,Relative to Early BP,Relative to Late BP,Late Weighted Volume,Late Weighted Area,Late Weighted Mass,Late Mean Electrons,Early Weighted Volume,Early Weighted Area,Early Weighted Mass,Early Mean Electrons,Delta T0,Delta T1,Delta T2,Magnetostriction,Composition ID,Reference DOI
73.5,13.5,0,9,0,1,0,0,3,0,0,0,823,1800,,,,21,13.5,9,1,3,0.183673469,0.12244898,0.040816327,0.013605442,3,4.5,13.5,3,9,20.47747469,7.484870061,63.546,2,52.13963205,13.95656817,92.90637,5,,,,3.423397652,1100100011,10.1016/S0921-5093(97)80078-0
73.5,13.5,0,9,0,1,0,0,3,0,0,0,823,3600,,,,21,13.5,9,1,3,0.183673469,0.12244898,0.040816327,0.013605442,3,4.5,13.5,3,9,20.47747469,7.484870061,63.546,2,52.13963205,13.95656817,92.90637,5,,,,3.118415508,1100100011,10.1016/S0921-5093(97)80078-0
73.5,13.5,0,9,0,1,0,0,3,0,0,0,573,3600,,,,21,13.5,9,1,3,0.183673469,0.12244898,0.040816327,0.013605442,3,4.5,13.5,3,9,20.47747469,7.484870061,63.546,2,52.13963205,13.95656817,92.90637,5,,,,26.8154547,1100100011,10.1016/S0921-5093(97)80078-0
73.5,13.5,0,9,0,1,0,0,3,0,0,0,623,3600,,,,21,13.5,9,1,3,0.183673469,0.12244898,0.040816327,0.013605442,3,4.5,13.5,3,9,20.47747469,7.484870061,63.546,2,52.13963205,13.95656817,92.90637,5,,,,24.74472382,1100100011,10.1016/S0921-5093(97)80078-0
73.5,13.5,0,9,0,1,0,0,3,0,0,0,673,3600,,,,21,13.5,9,1,3,0.183673469,0.12244898,0.040816327,0.013605442,3,4.5,13.5,3,9,20.47747469,7.484870061,63.546,2,52.13963205,13.95656817,92.90637,5,,,,24.91862727,1100100011,10.1016/S0921-5093(97)80078-0
73.5,13.5,0,9,0,1,0,0,3,0,0,0,693,3600,,,,21,13.5,9,1,3,0.183673469,0.12244898,0.040816327,0.013605442,3,4.5,13.5,3,9,20.47747469,7.484870061,63.546,2,52.13963205,13.95656817,92.90637,5,,,,24.15221698,1100100011,10.1016/S0921-5093(97)80078-0
73.5,13.5,0,9,0,1,0,0,3,0,0,0,713,3600,,,,21,13.5,9,1,3,0.183673469,0.12244898,0.040816327,0.013605442,3,4.5,13.5,3,9,20.47747469,7.484870061,63.546,2,52.13963205,13.95656817,92.90637,5,,,,23.9277446,1100100011,10.1016/S0921-5093(97)80078-0
73.5,13.5,0,9,0,1,0,0,3,0,0,0,723,3600,,,,21,13.5,9,1,3,0.183673469,0.12244898,0.040816327,0.013605442,3,4.5,13.5,3,9,20.47747469,7.484870061,63.546,2,52.13963205,13.95656817,92.90637,5,,,,25.78971079,1100100011,10.1016/S0921-5093(97)80078-0
73.5,13.5,0,9,0,1,0,0,3,0,0,0,733,3600,,,,21,13.5,9,1,3,0.183673469,0.12244898,0.040816327,0.013605442,3,4.5,13.5,3,9,20.47747469,7.484870061,63.546,2,52.13963205,13.95656817,92.90637,5,,,,25.94804079,1100100011,10.1016/S0921-5093(97)80078-0
73.5,13.5,0,9,0,1,0,0,3,0,0,0,743,3600,,,,21,13.5,9,1,3,0.183673469,0.12244898,0.040816327,0.013605442,3,4.5,13.5,3,9,20.47747469,7.484870061,63.546,2,52.13963205,13.95656817,92.90637,5,,,,24.90690244,1100100011,10.1016/S0921-5093(97)80078-0
73.5,13.5,0,9,0,1,0,0,3,0,0,0,753,3600,,,,21,13.5,9,1,3,0.183673469,0.12244898,0.040816327,0.013605442,3,4.5,13.5,3,9,20.47747469,7.484870061,63.546,2,52.13963205,13.95656817,92.90637,5,,,,22.00769125,1100100011,10.1016/S0921-5093(97)80078-0
73.5,13.5,0,9,0,1,0,0,3,0,0,0,763,3600,,,,21,13.5,9,1,3,0.183673469,0.12244898,0.040816327,0.013605442,3,4.5,13.5,3,9,20.47747469,7.484870061,63.546,2,52.13963205,13.95656817,92.90637,5,,,,18.83710835,1100100011,10.1016/S0921-5093(97)80078-0
73.5,13.5,0,9,0,1,0,0,3,0,0,0,773,3600,,,,21,13.5,9,1,3,0.183673469,0.12244898,0.040816327,0.013605442,3,4.5,13.5,3,9,20.47747469,7.484870061,63.546,2,52.13963205,13.95656817,92.90637,5,,,,12.29903695,1100100011,10.1016/S0921-5093(97)80078-0
73.5,13.5,0,9,0,1,0,0,3,0,0,0,793,3600,,,,21,13.5,9,1,3,0.183673469,0.12244898,0.040816327,0.013605442,3,4.5,13.5,3,9,20.47747469,7.484870061,63.546,2,52.13963205,13.95656817,92.90637,5,,,,7.158279284,1100100011,10.1016/S0921-5093(97)80078-0
73.5,13.5,0,9,0,1,0,0,3,0,0,0,793,3600,,,,21,13.5,9,1,3,0.183673469,0.12244898,0.040816327,0.013605442,3,4.5,13.5,3,9,20.47747469,7.484870061,63.546,2,52.13963205,13.95656817,92.90637,5,,,,7.042283986,1100100011,10.1016/S0921-5093(97)80078-0
73.5,13.5,0,9,0,1,0,0,3,0,0,0,823,3600,,,,21,13.5,9,1,3,0.183673469,0.12244898,0.040816327,0.013605442,3,4.5,13.5,3,9,20.47747469,7.484870061,63.546,2,52.13963205,13.95656817,92.90637,5,,,,3.066849451,1100100011,10.1016/S0921-5093(97)80078-0
73.5,13.5,0,9,0,1,0,0,3,0,0,0,873,3600,,,,21,13.5,9,1,3,0.183673469,0.12244898,0.040816327,0.013605442,3,4.5,13.5,3,9,20.47747469,7.484870061,63.546,2,52.13963205,13.95656817,92.90637,5,,,,2.196123943,1100100011,10.1016/S0921-5093(97)80078-0
73.5,13.5,0,9,0,1,0,0,3,0,0,0,823,12000,,,,21,13.5,9,1,3,0.183673469,0.12244898,0.040816327,0.013605442,3,4.5,13.5,3,9,20.47747469,7.484870061,63.546,2,52.13963205,13.95656817,92.90637,5,,,,2.46061993,1100100011,10.1016/S0921-5093(97)80078-0
73.5,13.5,0,9,0,1,0,0,3,0,0,0,823,18000,,,,21,13.5,9,1,3,0.183673469,0.12244898,0.040816327,0.013605442,3,4.5,13.5,3,9,20.47747469,7.484870061,63.546,2,52.13963205,13.95656817,92.90637,5,,,,2.133260125,1100100011,10.1016/S0921-5093(97)80078-0
73.5,13.5,0,9,0,1,0,0,3,0,0,0,823,54000,,,,21,13.5,9,1,3,0.183673469,0.12244898,0.040816327,0.013605442,3,4.5,13.5,3,9,20.47747469,7.484870061,63.546,2,52.13963205,13.95656817,92.90637,5,,,,2.131260747,1100100011,10.1016/S0921-5093(97)80078-0
84.3,4,0,8,3,0.7,0,0,0,0,0,0,748,600,,,,20,4,11,0.7,0,0.047449585,0.130486358,0,0.008303677,0,,5.714285714,,15.71428571,20.47747469,7.484870061,63.546,2,0,0,0,0,,,,3,1100110010,10.1063/1.3058624
83.3,4,0,8,4,0.7,0,0,0,0,0,0,748,600,,,,20,4,12,0.7,0,0.048019208,0.144057623,0,0.008403361,0,,5.714285714,,17.14285714,20.47747469,7.484870061,63.546,2,0,0,0,0,,,,2,1100110010,10.1063/1.3058624
73.5,13.5,0,9,0,1,0,0,3,0,0,0,723,3600,,,,17.5,13.5,9,1,3,0.183673469,0.12244898,0.040816327,0.013605442,3,4.5,13.5,3,9,20.47747469,7.484870061,63.546,2,52.13963205,13.95656817,92.90637,5,,,,20.23809524,1100100011,10.1063/1.342149
73.5,13.5,0,9,0,1,0,0,3,0,0,0,743,3600,,,,17.5,13.5,9,1,3,0.183673469,0.12244898,0.040816327,0.013605442,3,4.5,13.5,3,9,20.47747469,7.484870061,63.546,2,52.13963205,13.95656817,92.90637,5,,,,18.52380952,1100100011,10.1063/1.342149
73.5,13.5,0,9,0,1,0,0,3,0,0,0,773,3600,,,,17.5,13.5,9,1,3,0.183673469,0.12244898,0.040816327,0.013605442,3,4.5,13.5,3,9,20.47747469,7.484870061,63.546,2,52.13963205,13.95656817,92.90637,5,,,,3.857142857,1100100011,10.1063/1.342149
73.5,13.5,0,9,0,1,0,0,3,0,0,0,823,3600,,,,17.5,13.5,9,1,3,0.183673469,0.12244898,0.040816327,0.013605442,3,4.5,13.5,3,9,20.47747469,7.484870061,63.546,2,52.13963205,13.95656817,92.90637,5,,,,2.80952381,1100100011,10.1063/1.342149
73.5,13.5,0,9,0,1,0,0,3,0,0,0,843,3600,,,,17.5,13.5,9,1,3,0.183673469,0.12244898,0.040816327,0.013605442,3,4.5,13.5,3,9,20.47747469,7.484870061,63.546,2,52.13963205,13.95656817,92.90637,5,,,,2.111111111,1100100011,10.1063/1.342149
73.5,13.5,0,9,0,1,0,0,3,0,0,0,565,3600,,769,905,20,13.5,9,1,3,0.183673469,0.12244898,0.040816327,0.013605442,3,4.5,13.5,3,9,20.47747469,7.484870061,63.546,2,52.13963205,13.95656817,92.90637,5,,-204,-340,2,1100100011,10.1063/1.352574
73.5,13.5,1,9,0,1,0,0,3,0,0,0,565,3600,,760,916,20,14.5,9,1,3,0.197278912,0.12244898,0.040816327,0.013605442,3,4.833333333,14.5,3,9,20.47747469,7.484870061,63.546,2,52.13963205,13.95656817,92.90637,5,,-195,-351,5,1101100011,10.1063/1.352574
86,1,0,8,4,1,0,0,0,0,0,0,733,600,,,,20,1,12,1,0,0.011627907,0.139534884,0,0.011627907,0,,1,,12,20.47747469,7.484870061,63.546,2,0,0,0,0,,,,2.4,1100110010,10.1063/1.3535169
85,2,0,8,4,1,0,0,0,0,0,0,733,600,,,,20,2,12,1,0,0.023529412,0.141176471,0,0.011764706,0,,2,,12,20.47747469,7.484870061,63.546,2,0,0,0,0,,,,2.3,1100110010,10.1063/1.3535169
73.5,13.5,0,9,0,1,0,0,3,0,0,0,803,3600,,,,30,13.5,9,1,3,0.183673469,0.12244898,0.040816327,0.013605442,3,4.5,13.5,3,9,20.47747469,7.484870061,63.546,2,52.13963205,13.95656817,92.90637,5,,,,1.0927,1100100011,10.1109/20.825825
73.5,13.5,0,9,0,1,0,0,3,0,0,0,773,3600,,,,30,13.5,9,1,3,0.183673469,0.12244898,0.040816327,0.013605442,3,4.5,13.5,3,9,20.47747469,7.484870061,63.546,2,52.13963205,13.95656817,92.90637,5,,,,18.2,1100100011,10.1109/20.825825
73.5,13.5,0,9,0,1,0,0,3,0,0,0,793,3600,,,,30,13.5,9,1,3,0.183673469,0.12244898,0.040816327,0.013605442,3,4.5,13.5,3,9,20.47747469,7.484870061,63.546,2,52.13963205,13.95656817,92.90637,5,,,,8.93,1100100011,10.1109/20.825825
85,2,0,8,4,1,0,0,0,0,0,0,653,7200,,,,18.5,2,12,1,0,0.023529412,0.141176471,0,0.011764706,0,,2,,12,20.47747469,7.484870061,63.546,2,0,0,0,0,,,,2.3,1100110010,10.1109/TMAG.2011.2175210
73.5,13.5,0,9,0,1,0,0,3,0,0,0,653,7200,,,,18.5,13.5,9,1,3,0.183673469,0.12244898,0.040816327,0.013605442,3,4.5,13.5,3,9,20.47747469,7.484870061,63.546,2,52.13963205,13.95656817,92.90637,5,,,,2.1,1100100011,10.1109/TMAG.2011.2175210
71.5,13.5,0,9,0,1,0,0,5,0,0,0,753,3600,,,,23,13.5,9,1,5,0.188811189,0.125874126,0.06993007,0.013986014,5,2.7,13.5,1.8,9,20.47747469,7.484870061,63.546,2,52.13963205,13.95656817,92.90637,5,,,,22,1100100011,10.4028/www.scientific.net/JMNM.1.135
73.5,13.5,0,9,0,1,0,0,3,0,0,0,753,3600,,,,23,13.5,9,1,3,0.183673469,0.12244898,0.040816327,0.013605442,3,4.5,13.5,3,9,20.47747469,7.484870061,63.546,2,52.13963205,13.95656817,92.90637,5,,,,29.9,1100100011,10.4028/www.scientific.net/JMNM.1.135
74.5,13.5,0,9,0,1,0,0,2,0,0,0,753,3600,,,,23,13.5,9,1,2,0.181208054,0.120805369,0.026845638,0.013422819,2,6.75,13.5,4.5,9,20.47747469,7.484870061,63.546,2,52.13963205,13.95656817,92.90637,5,,,,31.2,1100100011,10.4028/www.scientific.net/JMNM.1.135
71.5,13.5,0,9,0,1,0,0,5,0,0,0,773,3600,,,,23,13.5,9,1,5,0.188811189,0.125874126,0.06993007,0.013986014,5,2.7,13.5,1.8,9,20.47747469,7.484870061,63.546,2,52.13963205,13.95656817,92.90637,5,,,,17.8,1100100011,10.4028/www.scientific.net/JMNM.1.135
73.5,13.5,0,9,0,1,0,0,3,0,0,0,773,3600,,,,23,13.5,9,1,3,0.183673469,0.12244898,0.040816327,0.013605442,3,4.5,13.5,3,9,20.47747469,7.484870061,63.546,2,52.13963205,13.95656817,92.90637,5,,,,18,1100100011,10.4028/www.scientific.net/JMNM.1.135
74.5,13.5,0,9,0,1,0,0,2,0,0,0,773,3600,,,,23,13.5,9,1,2,0.181208054,0.120805369,0.026845638,0.013422819,2,6.75,13.5,4.5,9,20.47747469,7.484870061,63.546,2,52.13963205,13.95656817,92.90637,5,,,,12.8,1100100011,10.4028/www.scientific.net/JMNM.1.135
75.5,10.5,0,10,0,1,0,0,3,0,0,0,773,3600,,,,23,10.5,10,1,3,0.139072848,0.132450331,0.039735099,0.013245033,3,3.5,10.5,3.333333333,10,20.47747469,7.484870061,63.546,2,52.13963205,13.95656817,92.90637,5,,,,5.468037108,1100100011,10.4028/www.scientific.net/JMNM.1.135
73.5,14.5,0,8,0,1,0,0,3,0,0,0,773,3600,,,,23,14.5,8,1,3,0.197278912,0.108843537,0.040816327,0.013605442,3,4.833333333,14.5,2.666666667,8,20.47747469,7.484870061,63.546,2,52.13963205,13.95656817,92.90637,5,,,,0.610792862,1100100011,10.4028/www.scientific.net/JMNM.1.135
73.5,15.5,0,7,0,1,0,0,3,0,0,0,773,3600,,,,23,15.5,7,1,3,0.210884354,0.095238095,0.040816327,0.013605442,3,5.166666667,15.5,2.333333333,7,20.47747469,7.484870061,63.546,2,52.13963205,13.95656817,92.90637,5,,,,-0.246273953,1100100011,10.4028/www.scientific.net/JMNM.1.135
72.5,16.5,0,7,0,1,0,0,3,0,0,0,773,3600,,,,23,16.5,7,1,3,0.227586207,0.096551724,0.04137931,0.013793103,3,5.5,16.5,2.333333333,7,20.47747469,7.484870061,63.546,2,52.13963205,13.95656817,92.90637,5,,,,-0.60184528,1100100011,10.4028/www.scientific.net/JMNM.1.135
73.5,17.5,0,5,0,1,0,0,3,0,0,0,773,3600,,,,23,17.5,5,1,3,0.238095238,0.068027211,0.040816327,0.013605442,3,5.833333333,17.5,1.666666667,5,20.47747469,7.484870061,63.546,2,52.13963205,13.95656817,92.90637,5,,,,-1.859931055,1100100011,10.4028/www.scientific.net/JMNM.1.135
72.5,18.5,0,5,0,1,0,0,3,0,0,0,773,3600,,,,23,18.5,5,1,3,0.255172414,0.068965517,0.04137931,0.013793103,3,6.166666667,18.5,1.666666667,5,20.47747469,7.484870061,63.546,2,52.13963205,13.95656817,92.90637,5,,,,-2.498529859,1100100011,10.4028/www.scientific.net/JMNM.1.135
71.5,13.5,0,9,0,1,0,0,5,0,0,0,793,3600,,,,23,13.5,9,1,5,0.188811189,0.125874126,0.06993007,0.013986014,5,2.7,13.5,1.8,9,20.47747469,7.484870061,63.546,2,52.13963205,13.95656817,92.90637,5,,,,16,1100100011,10.4028/www.scientific.net/JMNM.1.135
73.5,13.5,0,9,0,1,0,0,3,0,0,0,793,3600,,,,23,13.5,9,1,3,0.183673469,0.12244898,0.040816327,0.013605442,3,4.5,13.5,3,9,20.47747469,7.484870061,63.546,2,52.13963205,13.95656817,92.90637,5,,,,8.67,1100100011,10.4028/www.scientific.net/JMNM.1.135
74.5,13.5,0,9,0,1,0,0,2,0,0,0,793,3600,,,,23,13.5,9,1,2,0.181208054,0.120805369,0.026845638,0.013422819,2,6.75,13.5,4.5,9,20.47747469,7.484870061,63.546,2,52.13963205,13.95656817,92.90637,5,,,,7.75,1100100011,10.4028/www.scientific.net/JMNM.1.135
71.5,13.5,0,9,0,1,0,0,5,0,0,0,803,3600,,,,23,13.5,9,1,5,0.188811189,0.125874126,0.06993007,0.013986014,5,2.7,13.5,1.8,9,20.47747469,7.484870061,63.546,2,52.13963205,13.95656817,92.90637,5,,,,11.2,1100100011,10.4028/www.scientific.net/JMNM.1.135
73.5,13.5,0,9,0,1,0,0,3,0,0,0,803,3600,,,,23,13.5,9,1,3,0.183673469,0.12244898,0.040816327,0.013605442,3,4.5,13.5,3,9,20.47747469,7.484870061,63.546,2,52.13963205,13.95656817,92.90637,5,,,,6.44,1100100011,10.4028/www.scientific.net/JMNM.1.135
74.5,13.5,0,9,0,1,0,0,2,0,0,0,803,3600,,,,23,13.5,9,1,2,0.181208054,0.120805369,0.026845638,0.013422819,2,6.75,13.5,4.5,9,20.47747469,7.484870061,63.546,2,52.13963205,13.95656817,92.90637,5,,,,4.06,1100100011,10.4028/www.scientific.net/JMNM.1.135
73.5,13.5,0,9,0,1,0,0,1.5,1.5,0,0,813,3600,,,,19,13.5,9,1,3,0.183673469,0.12244898,0.040816327,0.013605442,3,4.5,13.5,3,9,20.47747469,7.484870061,63.546,2,49.10561067,13.40405838,94.428185,5.5,,,,1.8,1100100011,doi:10.1016/j.jmmm.2010.05.025
73.5,13.5,0,9,0,1,0,0,1,2,0,0,813,3600,,,,19,13.5,9,1,3,0.183673469,0.12244898,0.040816327,0.013605442,3,4.5,13.5,3,9,20.47747469,7.484870061,63.546,2,48.09427021,13.21988845,94.94,5.666666667,,,,2.6,1100100011,doi:10.1016/j.jmmm.2010.05.025
73.5,13.5,0,9,0,1,0,0,3,0,0,0,813,3600,,,,19,13.5,9,1,3,0.183673469,0.12244898,0.040816327,0.013605442,3,4.5,13.5,3,9,20.47747469,7.484870061,63.546,2,52.13963205,13.95656817,92.90637,5,,,,2,1100100011,doi:10.1016/j.jmmm.2010.05.025
73.5,13.6,0,9.1,0,0.8,0,0,0,3,0,0,813,3600,,,,19,13.6,9.1,0.8,3,0.185034014,0.123809524,0.040816327,0.010884354,3.75,4.533333333,17,3.033333333,11.375,20.47747469,7.484870061,63.546,2,46.0715893,12.85154859,95.95,6,,,,1.8,1100100011,doi:10.1016/j.jmmm.2010.05.025
87,0,0,5,0,0,1,7,0,0,0,0,873,3600,788,812,,30,0,5,1,7,0,0.057471264,0.08045977,0.011494253,7,0,0,0.714285714,5,30.17339817,9.692061232,107.8682,1,58.71837826,15.10715557,91.224,4,85,61,,-3.661971831,1000100011,https://aip.scitation.org/doi/abs/10.1063/1.359284
87,0,0,5,0,0,1,7,0,0,0,0,673,3600,788,812,,30,0,5,1,7,0,0.057471264,0.08045977,0.011494253,7,0,0,0.714285714,5,30.17339817,9.692061232,107.8682,1,58.71837826,15.10715557,91.224,4,-115,-139,,-2.802816901,1000100011,https://aip.scitation.org/doi/abs/10.1063/1.359284
87,0,0,5,0,0,1,7,0,0,0,0,773,3600,788,812,,30,0,5,1,7,0,0.057471264,0.08045977,0.011494253,7,0,0,0.714285714,5,30.17339817,9.692061232,107.8682,1,58.71837826,15.10715557,91.224,4,-15,-39,,-5.746478873,1000100011,https://aip.scitation.org/doi/abs/10.1063/1.359284
87,0,0,5,0,0,1,7,0,0,0,0,473,3600,788,812,,30,0,5,1,7,0,0.057471264,0.08045977,0.011494253,7,0,0,0.714285714,5,30.17339817,9.692061232,107.8682,1,58.71837826,15.10715557,91.224,4,-315,-339,,4.070422535,1000100011,https://aip.scitation.org/doi/abs/10.1063/1.359284
87,0,0,5,0,0,1,7,0,0,0,0,573,3600,788,812,,30,0,5,1,7,0,0.057471264,0.08045977,0.011494253,7,0,0,0.714285714,5,30.17339817,9.692061232,107.8682,1,58.71837826,15.10715557,91.224,4,-215,-239,,2.577464789,1000100011,https://aip.scitation.org/doi/abs/10.1063/1.359284
73.5,13.5,0,9,0,1,0,0,3,0,0,0,753,3600,,,,20,13.5,9,1,3,0.183673469,0.12244898,0.040816327,0.013605442,3,4.5,13.5,3,9,20.47747469,7.484870061,63.546,2,52.13963205,13.95656817,92.90637,5,,,,15.11149228,1100100011,https://doi.org/10.1016/S0304-8853(00)00132-3
71.5,13.5,2,9,0,1,0,0,3,0,0,0,753,3600,,,,20,15.5,9,1,3,0.216783217,0.125874126,0.041958042,0.013986014,3,5.166666667,15.5,3,9,20.47747469,7.484870061,63.546,2,52.13963205,13.95656817,92.90637,5,,,,21.03021602,1101100011,https://doi.org/10.1016/S0304-8853(00)00132-3
69.5,13.5,4,9,0,1,0,0,3,0,0,0,753,3600,,,,20,17.5,9,1,3,0.251798561,0.129496403,0.043165468,0.014388489,3,5.833333333,17.5,3,9,20.47747469,7.484870061,63.546,2,52.13963205,13.95656817,92.90637,5,,,,15.15642479,1101100011,https://doi.org/10.1016/S0304-8853(00)00132-3
67.5,13.5,6,9,0,1,0,0,3,0,0,0,753,3600,,,,20,19.5,9,1,3,0.288888889,0.133333333,0.044444444,0.014814815,3,6.5,19.5,3,9,20.47747469,7.484870061,63.546,2,52.13963205,13.95656817,92.90637,5,,,,17.09946056,1101100011,https://doi.org/10.1016/S0304-8853(00)00132-3
73.5,13.5,0,9,0,1,0,0,3,0,0,0,773,3600,,,,20,13.5,9,1,3,0.183673469,0.12244898,0.040816327,0.013605442,3,4.5,13.5,3,9,20.47747469,7.484870061,63.546,2,52.13963205,13.95656817,92.90637,5,,,,10.07836776,1100100011,https://doi.org/10.1016/S0304-8853(00)00132-3
71.5,13.5,2,9,0,1,0,0,3,0,0,0,773,3600,,,,20,15.5,9,1,3,0.216783217,0.125874126,0.041958042,0.013986014,3,5.166666667,15.5,3,9,20.47747469,7.484870061,63.546,2,52.13963205,13.95656817,92.90637,5,,,,12.06596316,1101100011,https://doi.org/10.1016/S0304-8853(00)00132-3
69.5,13.5,4,9,0,1,0,0,3,0,0,0,773,3600,,,,20,17.5,9,1,3,0.251798561,0.129496403,0.043165468,0.014388489,3,5.833333333,17.5,3,9,20.47747469,7.484870061,63.546,2,52.13963205,13.95656817,92.90637,5,,,,11.02692222,1101100011,https://doi.org/10.1016/S0304-8853(00)00132-3
67.5,13.5,6,9,0,1,0,0,3,0,0,0,773,3600,,,,20,19.5,9,1,3,0.288888889,0.133333333,0.044444444,0.014814815,3,6.5,19.5,3,9,20.47747469,7.484870061,63.546,2,52.13963205,13.95656817,92.90637,5,,,,8.180761677,1101100011,https://doi.org/10.1016/S0304-8853(00)00132-3
73.5,13.5,0,9,0,1,0,0,3,0,0,0,793,3600,,,,20,13.5,9,1,3,0.183673469,0.12244898,0.040816327,0.013605442,3,4.5,13.5,3,9,20.47747469,7.484870061,63.546,2,52.13963205,13.95656817,92.90637,5,,,,5.225470455,1100100011,https://doi.org/10.1016/S0304-8853(00)00132-3
71.5,13.5,2,9,0,1,0,0,3,0,0,0,793,3600,,,,20,15.5,9,1,3,0.216783217,0.125874126,0.041958042,0.013986014,3,5.166666667,15.5,3,9,20.47747469,7.484870061,63.546,2,52.13963205,13.95656817,92.90637,5,,,,5.044746066,1101100011,https://doi.org/10.1016/S0304-8853(00)00132-3
69.5,13.5,4,9,0,1,0,0,3,0,0,0,793,3600,,,,20,17.5,9,1,3,0.251798561,0.129496403,0.043165468,0.014388489,3,5.833333333,17.5,3,9,20.47747469,7.484870061,63.546,2,52.13963205,13.95656817,92.90637,5,,,,6.038605911,1101100011,https://doi.org/10.1016/S0304-8853(00)00132-3
67.5,13.5,6,9,0,1,0,0,3,0,0,0,793,3600,,,,20,19.5,9,1,3,0.288888889,0.133333333,0.044444444,0.014814815,3,6.5,19.5,3,9,20.47747469,7.484870061,63.546,2,52.13963205,13.95656817,92.90637,5,,,,6.445484376,1101100011,https://doi.org/10.1016/S0304-8853(00)00132-3
73.5,13.5,0,9,0,1,0,0,3,0,0,0,813,3600,,,,20,13.5,9,1,3,0.183673469,0.12244898,0.040816327,0.013605442,3,4.5,13.5,3,9,20.47747469,7.484870061,63.546,2,52.13963205,13.95656817,92.90637,5,,,,3.174546946,1100100011,https://doi.org/10.1016/S0304-8853(00)00132-3
71.5,13.5,2,9,0,1,0,0,3,0,0,0,813,3600,,,,20,15.5,9,1,3,0.216783217,0.125874126,0.041958042,0.013986014,3,5.166666667,15.5,3,9,20.47747469,7.484870061,63.546,2,52.13963205,13.95656817,92.90637,5,,,,2.586944092,1101100011,https://doi.org/10.1016/S0304-8853(00)00132-3
69.5,13.5,4,9,0,1,0,0,3,0,0,0,813,3600,,,,20,17.5,9,1,3,0.251798561,0.129496403,0.043165468,0.014388489,3,5.833333333,17.5,3,9,20.47747469,7.484870061,63.546,2,52.13963205,13.95656817,92.90637,5,,,,4.214085067,1101100011,https://doi.org/10.1016/S0304-8853(00)00132-3
67.5,13.5,6,9,0,1,0,0,3,0,0,0,813,3600,,,,20,19.5,9,1,3,0.288888889,0.133333333,0.044444444,0.014814815,3,6.5,19.5,3,9,20.47747469,7.484870061,63.546,2,52.13963205,13.95656817,92.90637,5,,,,4.123349989,1101100011,https://doi.org/10.1016/S0304-8853(00)00132-3
73.5,13.5,0,9,0,1,0,0,3,0,0,0,823,3600,,,,20,13.5,9,1,3,0.183673469,0.12244898,0.040816327,0.013605442,3,4.5,13.5,3,9,20.47747469,7.484870061,63.546,2,52.13963205,13.95656817,92.90637,5,,,,3.617284411,1100100011,https://doi.org/10.1016/S0304-8853(00)00132-3
71.5,13.5,2,9,0,1,0,0,3,0,0,0,823,3600,,,,20,15.5,9,1,3,0.216783217,0.125874126,0.041958042,0.013986014,3,5.166666667,15.5,3,9,20.47747469,7.484870061,63.546,2,52.13963205,13.95656817,92.90637,5,,,,0.093034529,1101100011,https://doi.org/10.1016/S0304-8853(00)00132-3
69.5,13.5,4,9,0,1,0,0,3,0,0,0,823,3600,,,,20,17.5,9,1,3,0.251798561,0.129496403,0.043165468,0.014388489,3,5.833333333,17.5,3,9,20.47747469,7.484870061,63.546,2,52.13963205,13.95656817,92.90637,5,,,,2.577994879,1101100011,https://doi.org/10.1016/S0304-8853(00)00132-3
67.5,13.5,6,9,0,1,0,0,3,0,0,0,823,3600,,,,20,19.5,9,1,3,0.288888889,0.133333333,0.044444444,0.014814815,3,6.5,19.5,3,9,20.47747469,7.484870061,63.546,2,52.13963205,13.95656817,92.90637,5,,,,2.171489298,1101100011,https://doi.org/10.1016/S0304-8853(00)00132-3
73.5,13.5,0,9,0,1,0,0,3,0,0,0,833,3600,,,,20,13.5,9,1,3,0.183673469,0.12244898,0.040816327,0.013605442,3,4.5,13.5,3,9,20.47747469,7.484870061,63.546,2,52.13963205,13.95656817,92.90637,5,,,,3.156524225,1100100011,https://doi.org/10.1016/S0304-8853(00)00132-3
71.5,13.5,2,9,0,1,0,0,3,0,0,0,833,3600,,,,20,15.5,9,1,3,0.216783217,0.125874126,0.041958042,0.013986014,3,5.166666667,15.5,3,9,20.47747469,7.484870061,63.546,2,52.13963205,13.95656817,92.90637,5,,,,0.580953091,1101100011,https://doi.org/10.1016/S0304-8853(00)00132-3
69.5,13.5,4,9,0,1,0,0,3,0,0,0,833,3600,,,,20,17.5,9,1,3,0.251798561,0.129496403,0.043165468,0.014388489,3,5.833333333,17.5,3,9,20.47747469,7.484870061,63.546,2,52.13963205,13.95656817,92.90637,5,,,,3.156151341,1101100011,https://doi.org/10.1016/S0304-8853(00)00132-3
67.5,13.5,6,9,0,1,0,0,3,0,0,0,833,3600,,,,20,19.5,9,1,3,0.288888889,0.133333333,0.044444444,0.014814815,3,6.5,19.5,3,9,20.47747469,7.484870061,63.546,2,52.13963205,13.95656817,92.90637,5,,,,2.162540085,1101100011,https://doi.org/10.1016/S0304-8853(00)00132-3
73.5,13.5,0,9,0,1,0,0,3,0,0,0,853,3600,,,,20,13.5,9,1,3,0.183673469,0.12244898,0.040816327,0.013605442,3,4.5,13.5,3,9,20.47747469,7.484870061,63.546,2,52.13963205,13.95656817,92.90637,5,,,,3.228739404,1100100011,https://doi.org/10.1016/S0304-8853(00)00132-3
71.5,13.5,2,9,0,1,0,0,3,0,0,0,853,3600,,,,20,15.5,9,1,3,0.216783217,0.125874126,0.041958042,0.013986014,3,5.166666667,15.5,3,9,20.47747469,7.484870061,63.546,2,52.13963205,13.95656817,92.90637,5,,,,0.065814006,1101100011,https://doi.org/10.1016/S0304-8853(00)00132-3
69.5,13.5,4,9,0,1,0,0,3,0,0,0,853,3600,,,,20,17.5,9,1,3,0.251798561,0.129496403,0.043165468,0.014388489,3,5.833333333,17.5,3,9,20.47747469,7.484870061,63.546,2,52.13963205,13.95656817,92.90637,5,,,,2.595955453,1101100011,https://doi.org/10.1016/S0304-8853(00)00132-3
67.5,13.5,6,9,0,1,0,0,3,0,0,0,853,3600,,,,20,19.5,9,1,3,0.288888889,0.133333333,0.044444444,0.014814815,3,6.5,19.5,3,9,20.47747469,7.484870061,63.546,2,52.13963205,13.95656817,92.90637,5,,,,2.596204042,1101100011,https://doi.org/10.1016/S0304-8853(00)00132-3
73.5,13.5,0,9,0,1,0,0,3,0,0,0,873,3600,,,,20,13.5,9,1,3,0.183673469,0.12244898,0.040816327,0.013605442,3,4.5,13.5,3,9,20.47747469,7.484870061,63.546,2,52.13963205,13.95656817,92.90637,5,,,,2.577932732,1100100011,https://doi.org/10.1016/S0304-8853(00)00132-3
71.5,13.5,2,9,0,1,0,0,3,0,0,0,873,3600,,,,20,15.5,9,1,3,0.216783217,0.125874126,0.041958042,0.013986014,3,5.166666667,15.5,3,9,20.47747469,7.484870061,63.546,2,52.13963205,13.95656817,92.90637,5,,,,0.04766699,1101100011,https://doi.org/10.1016/S0304-8853(00)00132-3
73.5,13.5,0,9,0,1,0,0,1,0,2,0,373,3600,,,,,13.5,9,1,3,0.183673469,0.12244898,0.040816327,0.013605442,3,4.5,13.5,3,9,20.47747469,7.484870061,63.546,2,53.20363342,14.14548475,151.60071,5,,,,24.03921569,1100100011,https://doi.org/10.1016/S0304-8853(00)00297-3
73.5,13.5,0,9,0,1,0,0,1,0,2,0,373,3600,,,,20,13.5,9,1,3,0.183673469,0.12244898,0.040816327,0.013605442,3,4.5,13.5,3,9,20.47747469,7.484870061,63.546,2,53.20363342,14.14548475,151.60071,5,,,,23.87917605,1100100011,https://doi.org/10.1016/S0304-8853(00)00297-3
73.5,13.5,0,9,0,1,0,0,1,0,2,0,573,3600,,,,20,13.5,9,1,3,0.183673469,0.12244898,0.040816327,0.013605442,3,4.5,13.5,3,9,20.47747469,7.484870061,63.546,2,53.20363342,14.14548475,151.60071,5,,,,23.64613758,1100100011,https://doi.org/10.1016/S0304-8853(00)00297-3
73.5,13.5,0,9,0,1,0,0,1,0,2,0,573,3600,,,,,13.5,9,1,3,0.183673469,0.12244898,0.040816327,0.013605442,3,4.5,13.5,3,9,20.47747469,7.484870061,63.546,2,53.20363342,14.14548475,151.60071,5,,,,23.80392157,1100100011,https://doi.org/10.1016/S0304-8853(00)00297-3
73.5,13.5,0,9,0,1,0,0,1,0,2,0,593,3600,,,,20,13.5,9,1,3,0.183673469,0.12244898,0.040816327,0.013605442,3,4.5,13.5,3,9,20.47747469,7.484870061,63.546,2,53.20363342,14.14548475,151.60071,5,,,,24.0467746,1100100011,https://doi.org/10.1016/S0304-8853(00)00297-3
73.5,13.5,0,9,0,1,0,0,1,0,2,0,593,3600,,,,,13.5,9,1,3,0.183673469,0.12244898,0.040816327,0.013605442,3,4.5,13.5,3,9,20.47747469,7.484870061,63.546,2,53.20363342,14.14548475,151.60071,5,,,,24.19607843,1100100011,https://doi.org/10.1016/S0304-8853(00)00297-3
73.5,13.5,0,9,0,1,0,0,1,0,2,0,623,3600,,,,,13.5,9,1,3,0.183673469,0.12244898,0.040816327,0.013605442,3,4.5,13.5,3,9,20.47747469,7.484870061,63.546,2,53.20363342,14.14548475,151.60071,5,,,,25.25490196,1100100011,https://doi.org/10.1016/S0304-8853(00)00297-3
73.5,13.5,0,9,0,1,0,0,1,0,2,0,623,3600,,,,20,13.5,9,1,3,0.183673469,0.12244898,0.040816327,0.013605442,3,4.5,13.5,3,9,20.47747469,7.484870061,63.546,2,53.20363342,14.14548475,151.60071,5,,,,25.06439678,1100100011,https://doi.org/10.1016/S0304-8853(00)00297-3
73.5,13.5,0,9,0,1,0,0,1,0,2,0,643,3600,,,,,13.5,9,1,3,0.183673469,0.12244898,0.040816327,0.013605442,3,4.5,13.5,3,9,20.47747469,7.484870061,63.546,2,53.20363342,14.14548475,151.60071,5,,,,27.09803922,1100100011,https://doi.org/10.1016/S0304-8853(00)00297-3
73.5,13.5,0,9,0,1,0,0,1,0,2,0,643,3600,,,,20,13.5,9,1,3,0.183673469,0.12244898,0.040816327,0.013605442,3,4.5,13.5,3,9,20.47747469,7.484870061,63.546,2,53.20363342,14.14548475,151.60071,5,,,,26.91430916,1100100011,https://doi.org/10.1016/S0304-8853(00)00297-3
73.5,13.5,0,9,0,1,0,0,1,0,2,0,653,3600,,,,,13.5,9,1,3,0.183673469,0.12244898,0.040816327,0.013605442,3,4.5,13.5,3,9,20.47747469,7.484870061,63.546,2,53.20363342,14.14548475,151.60071,5,,,,26.98039216,1100100011,https://doi.org/10.1016/S0304-8853(00)00297-3
73.5,13.5,0,9,0,1,0,0,1,0,2,0,653,3600,,,,20,13.5,9,1,3,0.183673469,0.12244898,0.040816327,0.013605442,3,4.5,13.5,3,9,20.47747469,7.484870061,63.546,2,53.20363342,14.14548475,151.60071,5,,,,26.84288854,1100100011,https://doi.org/10.1016/S0304-8853(00)00297-3
73.5,13.5,0,9,0,1,0,0,1,0,2,0,663,3600,,,,,13.5,9,1,3,0.183673469,0.12244898,0.040816327,0.013605442,3,4.5,13.5,3,9,20.47747469,7.484870061,63.546,2,53.20363342,14.14548475,151.60071,5,,,,27.05882353,1100100011,https://doi.org/10.1016/S0304-8853(00)00297-3
73.5,13.5,0,9,0,1,0,0,1,0,2,0,663,3600,,,,20,13.5,9,1,3,0.183673469,0.12244898,0.040816327,0.013605442,3,4.5,13.5,3,9,20.47747469,7.484870061,63.546,2,53.20363342,14.14548475,151.60071,5,,,,26.88016357,1100100011,https://doi.org/10.1016/S0304-8853(00)00297-3
73.5,13.5,0,9,0,1,0,0,1,0,2,0,673,3600,,,,20,13.5,9,1,3,0.183673469,0.12244898,0.040816327,0.013605442,3,4.5,13.5,3,9,20.47747469,7.484870061,63.546,2,53.20363342,14.14548475,151.60071,5,,,,25.79418064,1100100011,https://doi.org/10.1016/S0304-8853(00)00297-3
73.5,13.5,0,9,0,1,0,0,1,0,2,0,673,3600,,,,,13.5,9,1,3,0.183673469,0.12244898,0.040816327,0.013605442,3,4.5,13.5,3,9,20.47747469,7.484870061,63.546,2,53.20363342,14.14548475,151.60071,5,,,,26,1100100011,https://doi.org/10.1016/S0304-8853(00)00297-3
73.5,13.5,0,9,0,1,0,0,1,0,2,0,703,3600,,,,,13.5,9,1,3,0.183673469,0.12244898,0.040816327,0.013605442,3,4.5,13.5,3,9,20.47747469,7.484870061,63.546,2,53.20363342,14.14548475,151.60071,5,,,,23.92156863,1100100011,https://doi.org/10.1016/S0304-8853(00)00297-3
73.5,13.5,0,9,0,1,0,0,1,0,2,0,703,3600,,,,20,13.5,9,1,3,0.183673469,0.12244898,0.040816327,0.013605442,3,4.5,13.5,3,9,20.47747469,7.484870061,63.546,2,53.20363342,14.14548475,151.60071,5,,,,23.73209269,1100100011,https://doi.org/10.1016/S0304-8853(00)00297-3
73.5,13.5,0,9,0,1,0,0,1,0,2,0,723,3600,,,,,13.5,9,1,3,0.183673469,0.12244898,0.040816327,0.013605442,3,4.5,13.5,3,9,20.47747469,7.484870061,63.546,2,53.20363342,14.14548475,151.60071,5,,,,23.45098039,1100100011,https://doi.org/10.1016/S0304-8853(00)00297-3
73.5,13.5,0,9,0,1,0,0,1,0,2,0,723,3600,,,,20,13.5,9,1,3,0.183673469,0.12244898,0.040816327,0.013605442,3,4.5,13.5,3,9,20.47747469,7.484870061,63.546,2,53.20363342,14.14548475,151.60071,5,,,,23.33569779,1100100011,https://doi.org/10.1016/S0304-8853(00)00297-3
73.5,13.5,0,9,0,1,0,0,1,0,2,0,733,3600,,,,,13.5,9,1,3,0.183673469,0.12244898,0.040816327,0.013605442,3,4.5,13.5,3,9,20.47747469,7.484870061,63.546,2,53.20363342,14.14548475,151.60071,5,,,,24.8627451,1100100011,https://doi.org/10.1016/S0304-8853(00)00297-3
73.5,13.5,0,9,0,1,0,0,1,0,2,0,733,3600,,,,20,13.5,9,1,3,0.183673469,0.12244898,0.040816327,0.013605442,3,4.5,13.5,3,9,20.47747469,7.484870061,63.546,2,53.20363342,14.14548475,151.60071,5,,,,24.71348299,1100100011,https://doi.org/10.1016/S0304-8853(00)00297-3
73.5,13.5,0,9,0,1,0,0,1,0,2,0,743,3600,,,,20,13.5,9,1,3,0.183673469,0.12244898,0.040816327,0.013605442,3,4.5,13.5,3,9,20.47747469,7.484870061,63.546,2,53.20363342,14.14548475,151.60071,5,,,,23.59126819,1100100011,https://doi.org/10.1016/S0304-8853(00)00297-3
73.5,13.5,0,9,0,1,0,0,1,0,2,0,743,3600,,,,,13.5,9,1,3,0.183673469,0.12244898,0.040816327,0.013605442,3,4.5,13.5,3,9,20.47747469,7.484870061,63.546,2,53.20363342,14.14548475,151.60071,5,,,,23.76470588,1100100011,https://doi.org/10.1016/S0304-8853(00)00297-3
73.5,13.5,0,9,0,1,0,0,1,0,2,0,773,3600,,,,,13.5,9,1,3,0.183673469,0.12244898,0.040816327,0.013605442,3,4.5,13.5,3,9,20.47747469,7.484870061,63.546,2,53.20363342,14.14548475,151.60071,5,,,,8.666666667,1100100011,https://doi.org/10.1016/S0304-8853(00)00297-3
73.5,13.5,0,9,0,1,0,0,1,0,2,0,773,3600,,,,20,13.5,9,1,3,0.183673469,0.12244898,0.040816327,0.013605442,3,4.5,13.5,3,9,20.47747469,7.484870061,63.546,2,53.20363342,14.14548475,151.60071,5,,,,8.558235278,1100100011,https://doi.org/10.1016/S0304-8853(00)00297-3
73.5,13.5,0,9,0,1,0,0,1,0,2,0,823,3600,,,,,13.5,9,1,3,0.183673469,0.12244898,0.040816327,0.013605442,3,4.5,13.5,3,9,20.47747469,7.484870061,63.546,2,53.20363342,14.14548475,151.60071,5,,,,1.764705882,1100100011,https://doi.org/10.1016/S0304-8853(00)00297-3
73.5,13.5,0,9,0,1,0,0,1,0,2,0,823,3600,,,,20,13.5,9,1,3,0.183673469,0.12244898,0.040816327,0.013605442,3,4.5,13.5,3,9,20.47747469,7.484870061,63.546,2,53.20363342,14.14548475,151.60071,5,,,,1.679393029,1100100011,https://doi.org/10.1016/S0304-8853(00)00297-3
73.5,13.5,0,9,0,1,0,0,1,0,2,0,873,3600,,,,,13.5,9,1,3,0.183673469,0.12244898,0.040816327,0.013605442,3,4.5,13.5,3,9,20.47747469,7.484870061,63.546,2,53.20363342,14.14548475,151.60071,5,,,,3.529411765,1100100011,https://doi.org/10.1016/S0304-8853(00)00297-3
73.5,13.5,0,9,0,1,0,0,1,0,2,0,873,3600,,,,20,13.5,9,1,3,0.183673469,0.12244898,0.040816327,0.013605442,3,4.5,13.5,3,9,20.47747469,7.484870061,63.546,2,53.20363342,14.14548475,151.60071,5,,,,3.423669643,1100100011,https://doi.org/10.1016/S0304-8853(00)00297-3
73.5,13.5,0,9,0,1,0,0,1,0,2,0,973,3600,,,,,13.5,9,1,3,0.183673469,0.12244898,0.040816327,0.013605442,3,4.5,13.5,3,9,20.47747469,7.484870061,63.546,2,53.20363342,14.14548475,151.60071,5,,,,4.431372549,1100100011,https://doi.org/10.1016/S0304-8853(00)00297-3
73.5,13.5,0,9,0,1,0,0,1,0,2,0,973,3600,,,,20,13.5,9,1,3,0.183673469,0.12244898,0.040816327,0.013605442,3,4.5,13.5,3,9,20.47747469,7.484870061,63.546,2,53.20363342,14.14548475,151.60071,5,,,,4.303527219,1100100011,https://doi.org/10.1016/S0304-8853(00)00297-3
73.5,13.5,0,9,0,1,0,0,1,0,2,0,1023,3600,,,,,13.5,9,1,3,0.183673469,0.12244898,0.040816327,0.013605442,3,4.5,13.5,3,9,20.47747469,7.484870061,63.546,2,53.20363342,14.14548475,151.60071,5,,,,4.392156863,1100100011,https://doi.org/10.1016/S0304-8853(00)00297-3
73.5,13.5,0,9,0,1,0,0,1,0,2,0,1023,3600,,,,20,13.5,9,1,3,0.183673469,0.12244898,0.040816327,0.013605442,3,4.5,13.5,3,9,20.47747469,7.484870061,63.546,2,53.20363342,14.14548475,151.60071,5,,,,4.344974825,1100100011,https://doi.org/10.1016/S0304-8853(00)00297-3
73.5,16,0,6,0,1,0,0,3,0,0,0,903,3600,,,,20,16,6,1,3,0.217687075,0.081632653,0.040816327,0.013605442,3,5.333333333,16,2,6,20.47747469,7.484870061,63.546,2,52.13963205,13.95656817,92.90637,5,,,,-0.44,1100100011,https://doi.org/10.1016/S0921-4526(01)00468-9
73.5,16.5,0,6,0,1,0,0,3,0,0,0,903,3600,,,,,16.5,6,1,3,0.224489796,0.081632653,0.040816327,0.013605442,3,5.5,16.5,2,6,20.47747469,7.484870061,63.546,2,52.13963205,13.95656817,92.90637,5,,,,-0.44,1100100011,https://doi.org/10.1016/S0921-4526(01)00468-9
73.5,16,0,6,0,1,0,0,3,0,0,0,743,3600,,,,20,16,6,1,3,0.217687075,0.081632653,0.040816327,0.013605442,3,5.333333333,16,2,6,20.47747469,7.484870061,63.546,2,52.13963205,13.95656817,92.90637,5,,,,4.4,1100100011,https://doi.org/10.1016/S0921-4526(01)00468-9
73.5,16.5,0,6,0,1,0,0,3,0,0,0,743,3600,,,,,16.5,6,1,3,0.224489796,0.081632653,0.040816327,0.013605442,3,5.5,16.5,2,6,20.47747469,7.484870061,63.546,2,52.13963205,13.95656817,92.90637,5,,,,4.4,1100100011,https://doi.org/10.1016/S0921-4526(01)00468-9
73.5,16,0,6,0,1,0,0,3,0,0,0,798,3600,,,,20,16,6,1,3,0.217687075,0.081632653,0.040816327,0.013605442,3,5.333333333,16,2,6,20.47747469,7.484870061,63.546,2,52.13963205,13.95656817,92.90637,5,,,,1.01,1100100011,https://doi.org/10.1016/S0921-4526(01)00468-9
73.5,16.5,0,6,0,1,0,0,3,0,0,0,798,3600,,,,,16.5,6,1,3,0.224489796,0.081632653,0.040816327,0.013605442,3,5.5,16.5,2,6,20.47747469,7.484870061,63.546,2,52.13963205,13.95656817,92.90637,5,,,,1.01,1100100011,https://doi.org/10.1016/S0921-4526(01)00468-9
73.5,16,0,6,0,1,0,0,3,0,0,0,848,3600,,,,20,16,6,1,3,0.217687075,0.081632653,0.040816327,0.013605442,3,5.333333333,16,2,6,20.47747469,7.484870061,63.546,2,52.13963205,13.95656817,92.90637,5,,,,-0.36,1100100011,https://doi.org/10.1016/S0921-4526(01)00468-9
73.5,16.5,0,6,0,1,0,0,3,0,0,0,848,3600,,,,,16.5,6,1,3,0.224489796,0.081632653,0.040816327,0.013605442,3,5.5,16.5,2,6,20.47747469,7.484870061,63.546,2,52.13963205,13.95656817,92.90637,5,,,,-0.36,1100100011,https://doi.org/10.1016/S0921-4526(01)00468-9
73.5,16,0,6,0,1,0,0,3,0,0,0,773,3600,,,,20,16,6,1,3,0.217687075,0.081632653,0.040816327,0.013605442,3,5.333333333,16,2,6,20.47747469,7.484870061,63.546,2,52.13963205,13.95656817,92.90637,5,,,,1.68,1100100011,https://doi.org/10.1016/S0921-4526(01)00468-9
73.5,16.5,0,6,0,1,0,0,3,0,0,0,773,3600,,,,,16.5,6,1,3,0.224489796,0.081632653,0.040816327,0.013605442,3,5.5,16.5,2,6,20.47747469,7.484870061,63.546,2,52.13963205,13.95656817,92.90637,5,,,,1.68,1100100011,https://doi.org/10.1016/S0921-4526(01)00468-9
73.5,16,0,6,0,1,0,0,3,0,0,0,823,3600,,,,20,16,6,1,3,0.217687075,0.081632653,0.040816327,0.013605442,3,5.333333333,16,2,6,20.47747469,7.484870061,63.546,2,52.13963205,13.95656817,92.90637,5,,,,0.48,1100100011,https://doi.org/10.1016/S0921-4526(01)00468-9
73.5,16.5,0,6,0,1,0,0,3,0,0,0,823,3600,,,,,16.5,6,1,3,0.224489796,0.081632653,0.040816327,0.013605442,3,5.5,16.5,2,6,20.47747469,7.484870061,63.546,2,52.13963205,13.95656817,92.90637,5,,,,0.48,1100100011,https://doi.org/10.1016/S0921-4526(01)00468-9
73.5,16,0,6,0,1,0,0,3,0,0,0,728,3600,,,,20,16,6,1,3,0.217687075,0.081632653,0.040816327,0.013605442,3,5.333333333,16,2,6,20.47747469,7.484870061,63.546,2,52.13963205,13.95656817,92.90637,5,,,,2.05,1100100011,https://doi.org/10.1016/S0921-4526(01)00468-9
73.5,16.5,0,6,0,1,0,0,3,0,0,0,728,3600,,,,,16.5,6,1,3,0.224489796,0.081632653,0.040816327,0.013605442,3,5.5,16.5,2,6,20.47747469,7.484870061,63.546,2,52.13963205,13.95656817,92.90637,5,,,,2.05,1100100011,https://doi.org/10.1016/S0921-4526(01)00468-9
79,0,0,9,0,0,0,0,0,0,0,12,935,3600,,760,829,45,0,9,0,12,0,0.113924051,0.151898734,0,,0,,0.75,,0,0,0,0,48.28856707,13.26059096,183.84,6,,175,106,0.345230474,1000100001,https://doi.org/10.1016/S0921-5107(01)00934-5
85,0,0,9,0,0,0,0,0,0,0,6,900,3600,,727,797,45,0,9,0,6,0,0.105882353,0.070588235,0,,0,,1.5,,0,0,0,0,48.28856707,13.26059096,183.84,6,,173,103,-0.005361716,1000100001,https://doi.org/10.1016/S0921-5107(01)00934-5
85,0,0,9,0,0,0,0,0,0,0,6,880,3600,,727,797,45,0,9,0,6,0,0.105882353,0.070588235,0,,0,,1.5,,0,0,0,0,48.28856707,13.26059096,183.84,6,,153,83,0.060179257,1000100001,https://doi.org/10.1016/S0921-5107(01)00934-5
79,0,0,9,0,0,0,0,0,0,0,12,900,3600,,760,829,45,0,9,0,12,0,0.113924051,0.151898734,0,,0,,0.75,,0,0,0,0,48.28856707,13.26059096,183.84,6,,140,71,0.444942382,1000100001,https://doi.org/10.1016/S0921-5107(01)00934-5
85,0,0,9,0,0,0,0,0,0,0,6,935,3600,,727,797,45,0,9,0,6,0,0.105882353,0.070588235,0,,0,,1.5,,0,0,0,0,48.28856707,13.26059096,183.84,6,,208,138,-0.584747119,1000100001,https://doi.org/10.1016/S0921-5107(01)00934-5
85,0,0,9,0,0,0,0,0,0,0,6,830,3600,,727,797,45,0,9,0,6,0,0.105882353,0.070588235,0,,0,,1.5,,0,0,0,0,48.28856707,13.26059096,183.84,6,,103,33,0.196462868,1000100001,https://doi.org/10.1016/S0921-5107(01)00934-5
85,0,0,9,0,0,0,0,0,0,0,6,970,3600,,727,797,45,0,9,0,6,0,0.105882353,0.070588235,0,,0,,1.5,,0,0,0,0,48.28856707,13.26059096,183.84,6,,243,173,-1.531930218,1000100001,https://doi.org/10.1016/S0921-5107(01)00934-5
85,0,0,9,0,0,0,0,0,0,0,6,1000,3600,,727,797,45,0,9,0,6,0,0.105882353,0.070588235,0,,0,,1.5,,0,0,0,0,48.28856707,13.26059096,183.84,6,,273,203,-2.446542894,1000100001,https://doi.org/10.1016/S0921-5107(01)00934-5
79,0,0,9,0,0,0,0,0,0,0,12,830,3600,,760,829,45,0,9,0,12,0,0.113924051,0.151898734,0,,0,,0.75,,0,0,0,0,48.28856707,13.26059096,183.84,6,,70,1,0.815380922,1000100001,https://doi.org/10.1016/S0921-5107(01)00934-5
85,0,0,9,0,0,0,0,0,0,0,6,795,3600,,727,797,45,0,9,0,6,0,0.105882353,0.070588235,0,,0,,1.5,,0,0,0,0,48.28856707,13.26059096,183.84,6,,68,-2,0.32634443,1000100001,https://doi.org/10.1016/S0921-5107(01)00934-5
79,0,0,9,0,0,0,0,0,0,0,12,975,3600,,760,829,45,0,9,0,12,0,0.113924051,0.151898734,0,,0,,0.75,,0,0,0,0,48.28856707,13.26059096,183.84,6,,215,146,-0.856274008,1000100001,https://doi.org/10.1016/S0921-5107(01)00934-5
79,0,0,9,0,0,0,0,0,0,0,12,1000,3600,,760,829,45,0,9,0,12,0,0.113924051,0.151898734,0,,0,,0.75,,0,0,0,0,48.28856707,13.26059096,183.84,6,,240,171,-1.74271767,1000100001,https://doi.org/10.1016/S0921-5107(01)00934-5
79,0,0,9,0,0,0,0,0,0,0,12,795,3600,,760,829,45,0,9,0,12,0,0.113924051,0.151898734,0,,0,,0.75,,0,0,0,0,48.28856707,13.26059096,183.84,6,,35,-34,0.973431498,1000100001,https://doi.org/10.1016/S0921-5107(01)00934-5
85,0,0,9,0,0,0,0,0,0,0,6,725,3600,,727,797,45,0,9,0,6,0,0.105882353,0.070588235,0,,0,,1.5,,0,0,0,0,48.28856707,13.26059096,183.84,6,,-2,-72,0.41509283,1000100001,https://doi.org/10.1016/S0921-5107(01)00934-5
79,0,0,9,0,0,0,0,0,0,0,12,725,3600,,760,829,45,0,9,0,12,0,0.113924051,0.151898734,0,,0,,0.75,,0,0,0,0,48.28856707,13.26059096,183.84,6,,-35,-104,1.93621959,1000100001,https://doi.org/10.1016/S0921-5107(01)00934-5
79,0,0,9,0,0,0,0,0,0,0,12,880,3600,,760,829,45,0,9,0,12,0,0.113924051,0.151898734,0,,0,,0.75,,0,0,0,0,48.28856707,13.26059096,183.84,6,,120,51,0.566421255,1000100001,https://doi.org/10.1016/S0921-5107(01)00934-5
85,0,0,8,0,0,0,1.2,5.8,0,0,0,923,300,,,,25,0,8,0,7,0,0.094117647,0.082352941,0,,0,,1.142857143,,0,0,0,0,53.26741711,14.15381173,92.61796371,4.828571429,,,,0,1000100001,https://doi.org/10.1016/S1359-6454(01)00274-9
86,0,0,6,0,1,0,3.5,3.5,0,0,0,873,300,,,,25,0,6,1,7,0,0.069767442,0.081395349,0.011627907,7,0,0,0.857142857,6,20.47747469,7.484870061,63.546,2,55.42900515,14.53186187,92.065185,4.5,,,,-0.1,1000100011,https://doi.org/10.1016/S1359-6454(01)00274-9
73.5,13.5,0,9,0,1,0,0,3,0,0,0,773,3600,,,,30,13.5,9,1,3,0.183673469,0.12244898,0.040816327,0.013605442,3,4.5,13.5,3,9,20.47747469,7.484870061,63.546,2,52.13963205,13.95656817,92.90637,5,,,,18.21561338,1100100011,https://doi.org/10.1109/20.825825
73.5,16.5,0,6,0,1,0,0,3,0,0,0,803,3600,,,,30,16.5,6,1,3,0.224489796,0.081632653,0.040816327,0.013605442,3,5.5,16.5,2,6,20.47747469,7.484870061,63.546,2,52.13963205,13.95656817,92.90637,5,,,,0.596956811,1100100011,https://doi.org/10.1109/20.825825
73.5,13.5,0,9,0,1,0,0,3,0,0,0,793,3600,,,,30,13.5,9,1,3,0.183673469,0.12244898,0.040816327,0.013605442,3,4.5,13.5,3,9,20.47747469,7.484870061,63.546,2,52.13963205,13.95656817,92.90637,5,,,,8.983613328,1100100011,https://doi.org/10.1109/20.825825
73.5,13.5,0,9,0,1,0,0,3,0,0,0,883,3600,,,,20,13.5,9,1,3,0.183673469,0.12244898,0.040816327,0.013605442,3,4.5,13.5,3,9,20.47747469,7.484870061,63.546,2,52.13963205,13.95656817,92.90637,5,,,,1.378098632,1100100011,https://doi.org/10.4028/www.scientific.net/MSF.307.51
73.5,13.5,0,9,0,1,0,0,3,0,0,0,903,3600,,,,20,13.5,9,1,3,0.183673469,0.12244898,0.040816327,0.013605442,3,4.5,13.5,3,9,20.47747469,7.484870061,63.546,2,52.13963205,13.95656817,92.90637,5,,,,3.585805272,1100100011,https://doi.org/10.4028/www.scientific.net/MSF.307.51
73.5,13.5,0,9,0,1,0,0,3,0,0,0,873,3600,,,,20,13.5,9,1,3,0.183673469,0.12244898,0.040816327,0.013605442,3,4.5,13.5,3,9,20.47747469,7.484870061,63.546,2,52.13963205,13.95656817,92.90637,5,,,,0.014169223,1100100011,https://doi.org/10.4028/www.scientific.net/MSF.307.51
73.5,13.5,0,9,0,1,0,0,3,0,0,0,743,3600,,,,20,13.5,9,1,3,0.183673469,0.12244898,0.040816327,0.013605442,3,4.5,13.5,3,9,20.47747469,7.484870061,63.546,2,52.13963205,13.95656817,92.90637,5,,,,17.43848786,1100100011,https://doi.org/10.4028/www.scientific.net/MSF.307.51
73.5,13.5,0,9,0,1,0,0,3,0,0,0,773,3600,,,,20,13.5,9,1,3,0.183673469,0.12244898,0.040816327,0.013605442,3,4.5,13.5,3,9,20.47747469,7.484870061,63.546,2,52.13963205,13.95656817,92.90637,5,,,,5.944839215,1100100011,https://doi.org/10.4028/www.scientific.net/MSF.307.51
73.5,13.5,0,9,0,1,0,0,3,0,0,0,723,3600,,,,20,13.5,9,1,3,0.183673469,0.12244898,0.040816327,0.013605442,3,4.5,13.5,3,9,20.47747469,7.484870061,63.546,2,52.13963205,13.95656817,92.90637,5,,,,20.16620499,1100100011,https://doi.org/10.4028/www.scientific.net/MSF.307.51
73.5,13.5,0,9,0,1,0,0,3,0,0,0,803,3600,,,,20,13.5,9,1,3,0.183673469,0.12244898,0.040816327,0.013605442,3,4.5,13.5,3,9,20.47747469,7.484870061,63.546,2,52.13963205,13.95656817,92.90637,5,,,,3.715311971,1100100011,https://doi.org/10.4028/www.scientific.net/MSF.307.51
73.5,13.5,0,9,0,1,0,0,3,0,0,0,823,3600,,,,20,13.5,9,1,3,0.183673469,0.12244898,0.040816327,0.013605442,3,4.5,13.5,3,9,20.47747469,7.484870061,63.546,2,52.13963205,13.95656817,92.90637,5,,,,2.026482278,1100100011,https://doi.org/10.4028/www.scientific.net/MSF.307.51
73.5,13.5,0,9,0,1,0,0,3,0,0,0,843,3600,,,,20,13.5,9,1,3,0.183673469,0.12244898,0.040816327,0.013605442,3,4.5,13.5,3,9,20.47747469,7.484870061,63.546,2,52.13963205,13.95656817,92.90637,5,,,,1.810826703,1100100011,https://doi.org/10.4028/www.scientific.net/MSF.307.51
86,0,0,6,0,1,0,7,0,0,0,0,770,3600,,775,993,21,0,6,1,7,0,0.069767442,0.081395349,0.011627907,7,0,0,0.857142857,6,20.47747469,7.484870061,63.546,2,58.71837826,15.10715557,91.224,4,,-5,-223,0.618609927,1000100011,https://www.jstage.jst.go.jp/article/matertrans1989/32/6/32_6_551/_article/-char/ja/
86,0,0,6,0,1,0,7,0,0,0,0,825,3600,,775,993,21,0,6,1,7,0,0.069767442,0.081395349,0.011627907,7,0,0,0.857142857,6,20.47747469,7.484870061,63.546,2,58.71837826,15.10715557,91.224,4,,50,-168,0.493680827,1000100011,https://www.jstage.jst.go.jp/article/matertrans1989/32/6/32_6_551/_article/-char/ja/
86,0,0,6,0,1,0,7,0,0,0,0,724,3600,,775,993,21,0,6,1,7,0,0.069767442,0.081395349,0.011627907,7,0,0,0.857142857,6,20.47747469,7.484870061,63.546,2,58.71837826,15.10715557,91.224,4,,-51,-269,10.0770081,1000100011,https://www.jstage.jst.go.jp/article/matertrans1989/32/6/32_6_551/_article/-char/ja/
86,0,0,6,0,1,0,7,0,0,0,0,977,3600,,775,993,21,0,6,1,7,0,0.069767442,0.081395349,0.011627907,7,0,0,0.857142857,6,20.47747469,7.484870061,63.546,2,58.71837826,15.10715557,91.224,4,,202,-16,-2.381433703,1000100011,https://www.jstage.jst.go.jp/article/matertrans1989/32/6/32_6_551/_article/-char/ja/
86,0,0,6,0,1,0,7,0,0,0,0,875,3600,,775,993,21,0,6,1,7,0,0.069767442,0.081395349,0.011627907,7,0,0,0.857142857,6,20.47747469,7.484870061,63.546,2,58.71837826,15.10715557,91.224,4,,100,-118,0.035413546,1000100011,https://www.jstage.jst.go.jp/article/matertrans1989/32/6/32_6_551/_article/-char/ja/
86,0,0,6,0,1,0,7,0,0,0,0,925,3600,,775,993,21,0,6,1,7,0,0.069767442,0.081395349,0.011627907,7,0,0,0.857142857,6,20.47747469,7.484870061,63.546,2,58.71837826,15.10715557,91.224,4,,150,-68,-2.089690077,1000100011,https://www.jstage.jst.go.jp/article/matertrans1989/32/6/32_6_551/_article/-char/ja/
75,15,0,3,0,0,0,7,0,0,0,0,873,3600,,,,20,15,3,0,7,0.2,0.04,0.093333333,0,,2.142857143,,0.428571429,,0,0,0,0,58.71837826,15.10715557,91.224,4,,,,4.2,1100100001,https://www.jstage.jst.go.jp/article/matertrans1989/36/5/36_5_689/_article/-char/ja/
87,4,0,2,0,0,0,7,0,0,0,0,976,3600,789,819,1044,20,4,2,0,7,0.045977011,0.022988506,0.08045977,0,,0.571428571,,0.285714286,,0,0,0,0,58.71837826,15.10715557,91.224,4,187,157,-68,-0.958784251,1100100001,https://www.jstage.jst.go.jp/article/matertrans1989/36/5/36_5_689/_article/-char/ja/
86,4,0,3,0,0,0,7,0,0,0,0,976,3600,789,822,1043,20,4,3,0,7,0.046511628,0.034883721,0.081395349,0,,0.571428571,,0.428571429,,0,0,0,0,58.71837826,15.10715557,91.224,4,187,154,-67,-1.22472945,1100100001,https://www.jstage.jst.go.jp/article/matertrans1989/36/5/36_5_689/_article/-char/ja/
80,10,0,3,0,0,0,7,0,0,0,0,873,3600,,,,20,10,3,0,7,0.125,0.0375,0.0875,0,,1.428571429,,0.428571429,,0,0,0,0,58.71837826,15.10715557,91.224,4,,,,3.8,1100100001,https://www.jstage.jst.go.jp/article/matertrans1989/36/5/36_5_689/_article/-char/ja/
86,4,0,3,0,0,0,7,0,0,0,0,716,3600,789,822,1043,20,4,3,0,7,0.046511628,0.034883721,0.081395349,0,,0.571428571,,0.428571429,,0,0,0,0,58.71837826,15.10715557,91.224,4,-73,-106,-327,5.393046281,1100100001,https://www.jstage.jst.go.jp/article/matertrans1989/36/5/36_5_689/_article/-char/ja/
87,4,0,2,0,0,0,7,0,0,0,0,717,3600,789,819,1044,20,4,2,0,7,0.045977011,0.022988506,0.08045977,0,,0.571428571,,0.285714286,,0,0,0,0,58.71837826,15.10715557,91.224,4,-72,-102,-327,5.552613401,1100100001,https://www.jstage.jst.go.jp/article/matertrans1989/36/5/36_5_689/_article/-char/ja/
86,4,0,3,0,0,0,7,0,0,0,0,774,3600,789,822,1043,20,4,3,0,7,0.046511628,0.034883721,0.081395349,0,,0.571428571,,0.428571429,,0,0,0,0,58.71837826,15.10715557,91.224,4,-15,-48,-269,2.284365646,1100100001,https://www.jstage.jst.go.jp/article/matertrans1989/36/5/36_5_689/_article/-char/ja/
82.5,7.5,0,3,0,0,0,7,0,0,0,0,873,3600,,,,20,7.5,3,0,7,0.090909091,0.036363636,0.084848485,0,,1.071428571,,0.428571429,,0,0,0,0,58.71837826,15.10715557,91.224,4,,,,1,1100100001,https://www.jstage.jst.go.jp/article/matertrans1989/36/5/36_5_689/_article/-char/ja/
87,4,0,2,0,0,0,7,0,0,0,0,774,3600,789,819,1044,20,4,2,0,7,0.045977011,0.022988506,0.08045977,0,,0.571428571,,0.285714286,,0,0,0,0,58.71837826,15.10715557,91.224,4,-15,-45,-270,3.294957403,1100100001,https://www.jstage.jst.go.jp/article/matertrans1989/36/5/36_5_689/_article/-char/ja/
86,4,0,3,0,0,0,7,0,0,0,0,925,3600,789,822,1043,20,4,3,0,7,0.046511628,0.034883721,0.081395349,0,,0.571428571,,0.428571429,,0,0,0,0,58.71837826,15.10715557,91.224,4,136,103,-118,0.345613631,1100100001,https://www.jstage.jst.go.jp/article/matertrans1989/36/5/36_5_689/_article/-char/ja/
86,4,0,3,0,0,0,7,0,0,0,0,826,3600,789,822,1043,20,4,3,0,7,0.046511628,0.034883721,0.081395349,0,,0.571428571,,0.428571429,,0,0,0,0,58.71837826,15.10715557,91.224,4,37,4,-217,0.665438637,1100100001,https://www.jstage.jst.go.jp/article/matertrans1989/36/5/36_5_689/_article/-char/ja/
86,4,0,3,0,0,0,7,0,0,0,0,872,3600,789,822,1043,20,4,3,0,7,0.046511628,0.034883721,0.081395349,0,,0.571428571,,0.428571429,,0,0,0,0,58.71837826,15.10715557,91.224,4,83,50,-171,0.371632512,1100100001,https://www.jstage.jst.go.jp/article/matertrans1989/36/5/36_5_689/_article/-char/ja/
86,4,0,3,0,0,0,7,0,0,0,0,873,3600,789,822,1043,20,4,3,0,7,0.046511628,0.034883721,0.081395349,0,,0.571428571,,0.428571429,,0,0,0,0,58.71837826,15.10715557,91.224,4,84,51,-170,0.6,1100100001,https://www.jstage.jst.go.jp/article/matertrans1989/36/5/36_5_689/_article/-char/ja/
87,4,0,2,0,0,0,7,0,0,0,0,826,3600,789,819,1044,20,4,2,0,7,0.045977011,0.022988506,0.08045977,0,,0.571428571,,0.285714286,,0,0,0,0,58.71837826,15.10715557,91.224,4,37,7,-218,0.665438637,1100100001,https://www.jstage.jst.go.jp/article/matertrans1989/36/5/36_5_689/_article/-char/ja/
90,0,0,3,0,0,0,7,0,0,0,0,873,3600,,,,20,0,3,0,7,0,0.033333333,0.077777778,0,,0,,0.428571429,,0,0,0,0,58.71837826,15.10715557,91.224,4,,,,-2,1000100001,https://www.jstage.jst.go.jp/article/matertrans1989/36/5/36_5_689/_article/-char/ja/
87.5,2.5,0,3,0,0,0,7,0,0,0,0,873,3600,,,,20,2.5,3,0,7,0.028571429,0.034285714,0.08,0,,0.357142857,,0.428571429,,0,0,0,0,58.71837826,15.10715557,91.224,4,,,,-1,1100100001,https://www.jstage.jst.go.jp/article/matertrans1989/36/5/36_5_689/_article/-char/ja/
87,4,0,2,0,0,0,7,0,0,0,0,871,3600,789,819,1044,20,4,2,0,7,0.045977011,0.022988506,0.08045977,0,,0.571428571,,0.285714286,,0,0,0,0,58.71837826,15.10715557,91.224,4,82,52,-173,0.371632512,1100100001,https://www.jstage.jst.go.jp/article/matertrans1989/36/5/36_5_689/_article/-char/ja/
87,4,0,2,0,0,0,7,0,0,0,0,925,3600,789,819,1044,20,4,2,0,7,0.045977011,0.022988506,0.08045977,0,,0.571428571,,0.285714286,,0,0,0,0,58.71837826,15.10715557,91.224,4,136,106,-119,0.345613631,1100100001,https://www.jstage.jst.go.jp/article/matertrans1989/36/5/36_5_689/_article/-char/ja/
90,0,0,3,0,0,0,7,0,0,0,0,823,3600,,,,20,0,3,0,7,0,0.033333333,0.077777778,0,,0,,0.428571429,,0,0,0,0,58.71837826,15.10715557,91.224,4,,,,-1.1,1000100001,https://www.jstage.jst.go.jp/article/matertrans1989/36/5/36_5_689/_article/-char/ja/
87.5,2.5,0,3,0,0,0,7,0,0,0,0,823,3600,,,,20,2.5,3,0,7,0.028571429,0.034285714,0.08,0,,0.357142857,,0.428571429,,0,0,0,0,58.71837826,15.10715557,91.224,4,,,,-0.5,1100100001,https://www.jstage.jst.go.jp/article/matertrans1989/36/5/36_5_689/_article/-char/ja/
86,4,0,3,0,0,0,7,0,0,0,0,823,3600,789,822,1043,20,4,3,0,7,0.046511628,0.034883721,0.081395349,0,,0.571428571,,0.428571429,,0,0,0,0,58.71837826,15.10715557,91.224,4,34,1,-220,0.8,1100100001,https://www.jstage.jst.go.jp/article/matertrans1989/36/5/36_5_689/_article/-char/ja/
85,5,0,3,0,0,0,7,0,0,0,0,823,3600,,,,20,5,3,0,7,0.058823529,0.035294118,0.082352941,0,,0.714285714,,0.428571429,,0,0,0,0,58.71837826,15.10715557,91.224,4,,,,1.6,1100100001,https://www.jstage.jst.go.jp/article/matertrans1989/36/5/36_5_689/_article/-char/ja/
82.5,7.5,0,3,0,0,0,7,0,0,0,0,823,3600,,,,20,7.5,3,0,7,0.090909091,0.036363636,0.084848485,0,,1.071428571,,0.428571429,,0,0,0,0,58.71837826,15.10715557,91.224,4,,,,4.2,1100100001,https://www.jstage.jst.go.jp/article/matertrans1989/36/5/36_5_689/_article/-char/ja/
80,10,0,3,0,0,0,7,0,0,0,0,823,3600,,,,20,10,3,0,7,0.125,0.0375,0.0875,0,,1.428571429,,0.428571429,,0,0,0,0,58.71837826,15.10715557,91.224,4,,,,7.6,1100100001,https://www.jstage.jst.go.jp/article/matertrans1989/36/5/36_5_689/_article/-char/ja/
75,15,0,3,0,0,0,7,0,0,0,0,823,3600,,,,20,15,3,0,7,0.2,0.04,0.093333333,0,,2.142857143,,0.428571429,,0,0,0,0,58.71837826,15.10715557,91.224,4,,,,20.5,1100100001,https://www.jstage.jst.go.jp/article/matertrans1989/36/5/36_5_689/_article/-char/ja/
85,5,0,3,0,0,0,7,0,0,0,0,873,3600,,,,20,5,3,0,7,0.058823529,0.035294118,0.082352941,0,,0.714285714,,0.428571429,,0,0,0,0,58.71837826,15.10715557,91.224,4,,,,0.9,1100100001,https://www.jstage.jst.go.jp/article/matertrans1989/36/5/36_5_689/_article/-char/ja/
