kNN,Linear Regression,Tree,Neural Network,Random Forest,SVM,Grain Diameter,Composition ID,Reference DOI
continuous,continuous,continuous,continuous,continuous,continuous,continuous,string,string
,,,,,,class,meta,meta
11.2361666667,12.765252155,11.2139211124,12.0490102407,10.9015172687,11.5534207437,12.5,1100100011,10.1016/j.jallcom.2006.12.133
11.26550021,14.2108743662,11.2139211124,12.192154084,11.1474099641,12.5205677527,12.00961538,1100100011,10.1016/j.jallcom.2006.12.133
10.2655002117,15.2522230165,13.9612628184,12.3363098854,11.9591702126,13.2500654187,9.009615385,1100100011,10.1016/j.jallcom.2006.12.133
10.92349727,14.7315486914,11.2139211124,12.2165438544,11.5039436633,12.8853165857,11.0,1100100011,10.1016/j.jallcom.2006.12.133
14.69868029,21.4733338197,16.5596330267,21.4391398106,16.0272469221,18.9644836428,17.0,1100110010,10.1063/1.3058624
14.69868029,20.6240526839,10.0,20.6456255581,14.9417311258,18.252013463,10.0,1100110010,10.1063/1.3058624
17.2654719233,21.3607267503,17.5,24.327841098,15.3909091799,18.9441438206,19.0,1100110010,10.1063/1.3535169
17.2654719233,20.7816384878,17.5,22.9525741725,15.0033561623,18.4215983447,16.0,1100110010,10.1063/1.3535169
31.0037462733,22.4142190458,37.957598975,20.5483571822,27.506561116,20.6018836336,53.09553001,1100110000,10.1063/1.3535290
16.54516816,19.2880872636,16.42464879,19.2213318154,16.3630435674,17.3481894421,17.09604087,1100110010,10.1063/1.3535290
18.8201788,20.1888983184,37.957598975,19.4952719261,21.5424813977,18.2784616671,22.81966794,1100110010,10.1063/1.3535290
16.20085143,17.9626356409,16.42464879,18.5807390138,16.0702184458,16.0616821273,16.06309068,1100110010,10.1063/1.3535290
16.54516816,18.7315215942,16.42464879,18.982743124,16.2411360692,16.7939945572,16.54482759,1100110010,10.1063/1.3535290
16.20085143,18.312654079,16.42464879,18.7716012985,16.0702184458,16.3902306082,15.99463602,1100110010,10.1063/1.3535290
16.74781362,20.0741597565,16.5099402633,22.8479733236,15.7815231038,18.0057119942,16.79641577,1100110010,10.1063/1.4868188
16.74781362,20.0741597565,16.5099402633,22.8479733236,15.7815231038,18.0057119942,16.83197133,1100110010,10.1063/1.4868188
16.74781362,20.0741597565,16.5099402633,22.8479733236,15.7815231038,18.0057119942,16.61505376,1100110010,10.1063/1.4868188
16.74781362,20.0741597565,16.5099402633,22.8479733236,15.7815231038,18.0057119942,16.07641577,1100110010,10.1063/1.4868188
16.74781362,20.0741597565,16.5099402633,22.8479733236,15.7815231038,18.0057119942,16.40544803,1100110010,10.1063/1.4868188
16.74781362,20.0741597565,16.5099402633,22.8479733236,15.7815231038,18.0057119942,16.33433692,1100110010,10.1063/1.4868188
40.08455255,13.9952012353,39.1745,12.2890830092,40.800275382,12.6817587726,53.2477,1100100001,10.1109/20.104389
17.1802935167,14.8037483568,35.742328825,13.6376645918,40.800275382,13.1570574589,29.58,1100100001,10.1109/20.104389
29.4496666667,13.793064455,39.1745,11.9678731742,37.8076880013,12.562934101,25.1013,1100100001,10.1109/20.104389
12.3609666667,12.4904375333,11.2139211124,12.7893330714,11.4927436549,11.5681190586,14.0829,1100100011,10.1109/20.104389
11.2361666667,12.765252155,11.2139211124,12.0490102407,10.9015172687,11.5534207437,11.2085,1100100011,10.1109/20.104389
14.99453552,15.2998852692,13.9612628184,11.9776676155,14.0880483582,13.3286562445,15.0,1100100011,https://doi.org/10.1007/s10582-004-0078-3
14.99453552,15.2998852692,13.9612628184,11.9776676155,14.0880483582,13.3286562445,15.0,1100100011,https://doi.org/10.1007/s10582-004-0078-3
11.2361666667,12.765252155,11.2139211124,12.0490102407,10.9015172687,11.5534207437,10.32124352,1100100011,https://doi.org/10.1016/S0304-8853(00)00132-3
9.92746113933,6.45000762689,9.85596706509,14.6587741339,8.8397911768,7.01164965216,10.41450777,1101100011,https://doi.org/10.1016/S0304-8853(00)00132-3
9.96891191567,9.99659020731,9.85596706509,12.1623200302,10.5925115176,9.59412270118,9.948186528,1101100011,https://doi.org/10.1016/S0304-8853(00)00132-3
9.67562523433,11.1787844008,9.85596706509,11.7769363705,10.5925115176,10.4549470509,9.637305699,1101100011,https://doi.org/10.1016/S0304-8853(00)00132-3
9.92746113933,7.63220182036,9.85596706509,13.6976128853,9.7556218672,7.87247400184,9.544041451,1101100011,https://doi.org/10.1016/S0304-8853(00)00132-3
10.0310880817,9.40549311058,9.85596706509,12.486993893,10.5925115176,9.16371052634,10.32124352,1101100011,https://doi.org/10.1016/S0304-8853(00)00132-3
9.896373056,8.51884746547,9.85596706509,13.0269240182,10.5925115176,8.51809226409,9.823834197,1101100011,https://doi.org/10.1016/S0304-8853(00)00132-3
16.57106335,15.919924595,17.911765345,14.622028541,15.8924376091,13.5940374212,16.77435036,1101100011,https://doi.org/10.1016/S0304-8853(99)00196-1
16.9357124167,17.1021187884,17.911765345,14.6192380761,16.2891215227,14.4548617709,19.04918033,1100100011,https://doi.org/10.1016/S0304-8853(99)00196-1
11.72812484,15.5400958128,11.2139211124,13.5778950508,12.5026139476,13.360615272,14.06557377,1100100011,https://doi.org/10.1016/S0304-8853(99)00196-1
11.5443585467,14.3579016194,11.2139211124,13.5658291676,11.4247045725,12.4997909223,10.3319155,1101100011,https://doi.org/10.1016/S0304-8853(99)00196-1
11.6088181067,13.9780728373,11.2139211124,14.0834882326,11.7450849928,12.2663687731,11.04918033,1100100011,https://doi.org/10.1016/S0304-8853(99)00196-1
14.6393442633,16.2935716669,13.9612628184,13.3012408298,13.3892448594,13.9795630846,14.98360656,1100100011,https://doi.org/10.1016/S0304-8853(99)00196-1
13.9416706667,15.1113774735,13.9612628184,13.2968886298,13.4997330771,13.1187387349,13.88965936,1101100011,https://doi.org/10.1016/S0304-8853(99)00196-1
10.6673123667,12.7958786438,11.2139211124,13.9985878089,11.0237093168,11.4055444234,10.90917539,1101100011,https://doi.org/10.1016/S0304-8853(99)00196-1
13.2131147567,15.0807509847,13.9612628184,12.031301298,13.4161189843,13.2666150552,13.3442623,1100100011,https://doi.org/10.1016/S0304-8853(99)00196-1
14.10928962,15.8892981062,13.9612628184,12.8152825845,13.3892448594,13.7419137415,13.93442623,1100100011,https://doi.org/10.1016/S0304-8853(99)00196-1
9.15914477767,13.1144544484,9.85596706509,10.2361358791,10.7118508833,11.9347192131,8.557377049,1100100011,https://doi.org/10.1016/S0304-8853(99)00196-1
12.0747870383,14.676477424,13.9612628184,11.6965799768,14.0700566569,13.028965712,12.8852459,1100100011,https://doi.org/10.1016/S0304-8853(99)00196-1
9.67213114633,13.5187280091,9.85596706509,10.5388149101,10.9015172687,12.1723685563,9.93442623,1100100011,https://doi.org/10.1016/S0304-8853(99)00196-1
13.5628415333,15.4850245454,13.9612628184,12.3868939102,13.1259251869,13.5042643983,13.40983607,1100100011,https://doi.org/10.1016/S0304-8853(99)00196-1
10.4808743167,13.9230015699,9.85596706509,10.9390362559,10.9015172687,12.4100178994,10.52459016,1100100011,https://doi.org/10.1016/S0304-8853(99)00196-1
10.1692884387,13.1695257158,11.2139211124,12.7286517578,11.1474099641,11.7910700868,10.52459016,1100100011,https://doi.org/10.1016/S0304-8853(99)00196-1
8.963276911,11.5524314728,9.85596706509,10.5347881424,10.7118508833,10.8404727142,8.426229508,1100100011,https://doi.org/10.1016/S0304-8853(99)00196-1
11.285198555,13.8985567912,13.9612628184,11.8461829903,13.3441738155,12.4057907055,11.9904207,1101100011,https://doi.org/10.1016/S0304-8853(99)00196-1
11.623506505,13.4942832305,13.9612628184,11.4083605413,13.9981114882,12.1681413623,9.994852915,1101100011,https://doi.org/10.1016/S0304-8853(99)00196-1
9.17154254933,11.9322602549,9.85596706509,10.3378961453,10.2726964267,11.0738948634,8.985631054,1101100011,https://doi.org/10.1016/S0304-8853(99)00196-1
9.82120040833,11.9567050335,9.85596706509,11.0266304373,10.9015172687,11.0781220574,9.475409836,1100100011,https://doi.org/10.1016/S0304-8853(99)00196-1
15.0993404367,12.3609785943,9.85596706509,11.5304269158,10.9015172687,11.3157714005,10.19672131,1100100011,https://doi.org/10.1016/S0304-8853(99)00196-1
12.27082961,14.302830352,13.9612628184,12.3297515368,13.0539800182,12.6434400486,11.87032205,1101100011,https://doi.org/10.1016/S0304-8853(99)00196-1
9.811130573,12.3365338156,9.85596706509,10.5032171232,10.4623628121,11.3115442066,9.971619545,1101100011,https://doi.org/10.1016/S0304-8853(99)00196-1
8.807087047,10.3702372793,9.85596706509,10.8832478951,10.2726964267,9.97964836455,8.504879008,1101100011,https://doi.org/10.1016/S0304-8853(99)00196-1
10.7650273233,14.3272751306,11.2139211124,11.549453516,10.9015172687,12.6476672426,10.98360656,1100100011,https://doi.org/10.1016/S0304-8853(99)00196-1
10.187809035,12.7408073764,9.85596706509,10.933681195,10.5925115176,11.5491935497,10.47614112,1101100011,https://doi.org/10.1016/S0304-8853(99)00196-1
10.3793793533,13.5493544979,11.2139211124,12.1577006243,10.7554309883,12.024492236,10.23558637,1101100011,https://doi.org/10.1016/S0304-8853(99)00196-1
11.2361666667,12.765252155,11.2139211124,12.0490102407,10.9015172687,11.5534207437,10.0,1100100011,https://doi.org/10.1016/S0304-8853(99)00196-1
10.3240518977,12.391605083,11.2139211124,13.3189462917,10.9805435009,11.1678950803,10.11548772,1101100011,https://doi.org/10.1016/S0304-8853(99)00196-1
9.21077911067,10.77451084,9.85596706509,11.3262516135,10.4623628121,10.2172977077,9.490152625,1101100011,https://doi.org/10.1016/S0304-8853(99)00196-1
10.2757979767,13.1450809371,11.2139211124,11.5217083189,10.689488704,11.7868428929,10.11566644,1101100011,https://doi.org/10.1016/S0304-8853(99)00196-1
10.92349727,14.7315486914,11.2139211124,12.2165438544,11.5039436633,12.8853165857,10.78688525,1100100011,https://doi.org/10.1016/S0304-8853(99)00196-1
9.94725429133,11.9873315223,11.2139211124,12.7477924726,10.7554309883,10.9302457371,9.947492583,1101100011,https://doi.org/10.1016/S0304-8853(99)00196-1
9.78786028433,11.5830579615,11.2139211124,12.242106216,10.689488704,10.692596394,9.778782571,1101100011,https://doi.org/10.1016/S0304-8853(99)00196-1
9.67562523433,11.1787844008,9.85596706509,11.7769363705,10.5925115176,10.4549470509,9.610787433,1101100011,https://doi.org/10.1016/S0304-8853(99)00196-1
12.9039091633,14.7071039127,13.9612628184,12.8133200833,13.4997330771,12.8810893918,12.95174608,1101100011,https://doi.org/10.1016/S0304-8853(99)00196-1
17.1802935167,13.5737992765,11.2139211124,13.4062359918,11.3725224767,12.02871943,10.98360656,1100100011,https://doi.org/10.1016/S0304-8853(99)00196-1
14.3333333333,14.17457212,16.0,14.7916042404,13.7497177328,12.5425787508,16.0,1100100011,https://doi.org/10.1016/S0921-4526(01)00468-9
14.3333333333,13.5181189393,16.0,14.5675116689,14.7058356542,12.1054589342,16.0,1100100011,https://doi.org/10.1016/S0921-4526(01)00468-9
11.6666666667,10.9403836341,9.85596706509,11.8006473078,11.160990688,10.6413840056,12.0,1100100011,https://doi.org/10.1016/S0921-4526(01)00468-9
11.6666666667,10.2839304533,10.5684816412,11.2678046818,11.160990688,10.204264189,12.0,1100100011,https://doi.org/10.1016/S0921-4526(01)00468-9
12.3609666667,12.0521359261,11.2139211124,12.2922040031,11.1386311549,11.2949196992,12.0,1100100011,https://doi.org/10.1016/S0921-4526(01)00468-9
11.3333333333,11.3956827454,10.5684816412,11.9959613189,11.1386311549,10.8577998827,12.0,1100100011,https://doi.org/10.1016/S0921-4526(01)00468-9
11.3333333333,13.062819828,11.2139211124,13.2280738821,11.3131624371,11.8890430571,12.0,1100100011,https://doi.org/10.1016/S0921-4526(01)00468-9
11.3333333333,12.4063666473,10.5684816412,12.835989206,12.15937177,11.4519232405,12.0,1100100011,https://doi.org/10.1016/S0921-4526(01)00468-9
11.3333333333,11.5467939752,9.85596706509,11.9576265809,11.067240688,10.9978580203,11.0,1100100011,https://doi.org/10.1016/S0921-4526(01)00468-9
11.3333333333,10.8903407945,10.5684816412,11.6552653721,11.067240688,10.5607382037,11.0,1100100011,https://doi.org/10.1016/S0921-4526(01)00468-9
12.3609666667,12.5574778771,11.2139211124,12.7164333257,11.134044177,11.5919813782,11.0,1100100011,https://doi.org/10.1016/S0921-4526(01)00468-9
11.6666666667,11.9010246963,10.5684816412,12.3865853646,11.2683058998,11.1548615616,11.0,1100100011,https://doi.org/10.1016/S0921-4526(01)00468-9
11.3333333333,13.5681617789,11.2139211124,13.9340003729,11.8991633859,12.186104736,11.0,1100100011,https://doi.org/10.1016/S0921-4526(01)00468-9
11.3333333333,12.9117085982,10.5684816412,13.5621207073,12.8552813073,11.7489849195,11.0,1100100011,https://doi.org/10.1016/S0921-4526(01)00468-9
44.0,23.5984954989,44.42177472,27.3839587171,44.1200395115,20.2871266363,48.0,1000100001,https://doi.org/10.1016/S0921-5107(01)00934-5
36.6666666667,18.9035918742,31.0,23.1586087749,37.8137521326,15.5539224397,46.0,1000100001,https://doi.org/10.1016/S0921-5107(01)00934-5
38.3333333333,22.2643927484,33.5,25.1968122679,31.4669043532,19.5028838039,38.0,1000100001,https://doi.org/10.1016/S0921-5107(01)00934-5
30.0,21.0313583882,33.5,23.2782051598,25.8106543532,18.7780533073,29.0,1000100001,https://doi.org/10.1016/S0921-5107(01)00934-5
24.0,20.0206744863,21.5,21.9406420782,20.8485916497,18.1839299495,23.0,1000100001,https://doi.org/10.1016/S0921-5107(01)00934-5
20.6666666667,19.5355462134,21.5,21.3095823267,20.4110916497,17.8987507377,20.0,1000100001,https://doi.org/10.1016/S0921-5107(01)00934-5
15.3333333333,12.7033230368,19.0,18.8132779379,20.4110916497,13.8824768385,19.0,1000100001,https://doi.org/10.1016/S0921-5107(01)00934-5
19.0,13.5522975143,19.0,18.4573329021,20.4110916497,14.3815404591,19.0,1000100001,https://doi.org/10.1016/S0921-5107(01)00934-5
19.0,15.3311011816,19.0,18.1656968421,20.4110916497,15.4271975689,19.0,1000100001,https://doi.org/10.1016/S0921-5107(01)00934-5
19.0,16.7056312882,19.0,18.642642711,20.4110916497,16.2352053356,19.0,1000100001,https://doi.org/10.1016/S0921-5107(01)00934-5
20.6666666667,18.5652896676,19.0,20.2450368996,20.4110916497,17.3283923141,19.0,1000100001,https://doi.org/10.1016/S0921-5107(01)00934-5
23.6666666667,17.6099164798,31.0,20.7828768257,15.0416666667,14.7934445417,16.0,1000100001,https://doi.org/10.1016/S0921-5107(01)00934-5
11.0,16.4173094756,8.808580858,18.7630964014,8.41480286421,14.0923789794,9.0,1000100001,https://doi.org/10.1016/S0921-5107(01)00934-5
11.6666666667,8.89782124568,8.0,14.7487721943,8.16480286421,9.67210119681,8.0,1000100001,https://doi.org/10.1016/S0921-5107(01)00934-5
8.0,10.7776933032,8.0,14.5746685781,8.16480286421,10.7771706425,8.0,1000100001,https://doi.org/10.1016/S0921-5107(01)00934-5
8.0,12.0309413415,8.0,14.5267040707,8.16480286421,11.5138836062,8.0,1000100001,https://doi.org/10.1016/S0921-5107(01)00934-5
8.0,14.0523091452,8.0,15.277391161,8.16480286421,12.702130322,8.0,1000100001,https://doi.org/10.1016/S0921-5107(01)00934-5
8.0,14.9821383349,8.0,16.6478393752,8.16480286421,13.2487238112,8.0,1000100001,https://doi.org/10.1016/S0921-5107(01)00934-5
8.33333333333,15.54812132,8.0,17.4820252447,8.16480286421,13.5814328916,8.0,1000100001,https://doi.org/10.1016/S0921-5107(01)00934-5
13.9321668767,13.2171879684,10.5684816412,11.262149938,12.4169884032,11.8696609126,19.0,1100100011,https://doi.org/10.1016/S0924-4247(03)00177-8
12.1333333333,12.175839318,10.5684816412,11.9569506444,11.577913148,11.1401632467,12.0,1100100011,https://doi.org/10.1016/S0924-4247(03)00177-8
11.6666666667,11.3672921965,10.5684816412,10.8884598402,11.4586550698,10.6648645604,11.0,1100100011,https://doi.org/10.1016/S0924-4247(03)00177-8
13.0,17.271236921,12.97441876,23.197354252,12.920778836,14.123806079,13.2,1100100011,https://doi.org/10.1023/A:1004852117700
12.8666666667,15.4520058976,12.97441876,19.1513732406,12.878278836,13.0543840349,12.9,1100100011,https://doi.org/10.1023/A:1004852117700
12.8666666667,15.6654015194,12.85,19.8412747907,12.3891098485,13.8868027837,12.9,1100100011,https://doi.org/10.1023/A:1004852117700
12.8333333333,14.4413219957,12.97441876,16.9090042658,12.878278836,12.460260677,12.8,1100100011,https://doi.org/10.1023/A:1004852117700
12.8333333333,14.6547176176,12.85,17.6322517242,12.3891098485,13.2926794259,12.8,1100100011,https://doi.org/10.1023/A:1004852117700
6.26666666667,11.4205291316,7.98571428571,11.72911848,8.42107061174,11.3914846807,8.3,1100100011,https://doi.org/10.1023/A:1004852117700
6.06666666667,11.2071335098,7.98571428571,11.4164694255,7.92819835733,10.5590659318,7.9,1100100011,https://doi.org/10.1023/A:1004852117700
6.26666666667,10.6119820101,7.98571428571,10.6185712338,7.4939872784,10.9161859944,7.3,1100100011,https://doi.org/10.1023/A:1004852117700
6.06666666667,10.3985863883,7.98571428571,10.6585055155,7.68653169066,10.0837672455,6.9,1100100011,https://doi.org/10.1023/A:1004852117700
4.33333333333,9.99431282751,3.3,10.3770109417,5.613615024,9.84611790234,3.4,1100100011,https://doi.org/10.1023/A:1004852117700
4.46666666667,10.2077084493,3.3,10.1950705522,5.30857061174,10.6785366512,3.2,1100100011,https://doi.org/10.1023/A:1004852117700
2.76666666667,9.60129810822,2.8,9.74516403666,2.7625,10.3220626365,2.9,1100100011,https://doi.org/10.1023/A:1004852117700
2.7,9.38790248639,2.8,10.0206363771,3.74730631702,9.48964388762,2.7,1100100011,https://doi.org/10.1023/A:1004852117700
2.76666666667,8.9948877671,2.1,9.56222244842,2.49583333333,9.96558862179,2.2,1100100011,https://doi.org/10.1023/A:1004852117700
2.7,8.78149214526,2.1,9.95087769394,3.48063965035,9.1331698729,2.0,1100100011,https://doi.org/10.1023/A:1004852117700
6.534653465,16.3315808025,6.534653465,18.7199146333,8.34814595246,8.94920999323,6.138613861,1000100011,https://doi.org/10.1023/A:1011040419703
6.831683168,17.7254611472,6.534653465,17.9300685665,8.66772064964,11.019983631,6.732673267,1000100011,https://doi.org/10.1023/A:1011040419703
12.9570016973,21.643460927,17.8242412954,23.6412723293,15.3809089354,18.3287158751,20.0,1000100011,https://doi.org/10.1023/A:1011040419703
12.5412541247,19.8259567833,8.808580858,18.9644281744,13.3022174474,14.7575270231,9.801980198,1000100011,https://doi.org/10.1023/A:1011040419703
26.4274817467,31.1146955131,44.42177472,33.7435939189,37.2980758289,27.7290221143,43.48643347,1000100001,https://doi.org/10.1023/A:1011040419703
16.534653466,20.4452672832,19.0990099,20.3190295296,16.8767626951,15.9558449519,20.1980198,1000100011,https://doi.org/10.1023/A:1011040419703
19.9339934,20.9028683588,17.8242412954,21.6209809256,18.2180374481,17.0591031434,19.6039604,1000100011,https://doi.org/10.1023/A:1011040419703
17.4986379,30.1040116112,17.8242412954,32.9229342018,18.1020217464,27.1348987564,18.42650104,1000100001,https://doi.org/10.1023/A:1011040419703
26.4274817467,30.7104219523,17.8242412954,33.410248535,24.5040806037,27.4913727712,17.36951073,1000100001,https://doi.org/10.1023/A:1011040419703
17.01790709,29.0933277093,17.8242412954,32.1168182808,17.9179746724,26.5407753986,16.69990193,1000100001,https://doi.org/10.1023/A:1011040419703
16.3241436933,27.0719599056,17.8242412954,31.1663466602,16.4559119689,25.3525286828,16.34521085,1000100001,https://doi.org/10.1023/A:1011040419703
16.3241436933,28.0826438075,17.8242412954,31.565158113,16.4559119689,25.9466520407,15.9273183,1000100001,https://doi.org/10.1023/A:1011040419703
8.05280528033,18.9576320676,8.808580858,18.0456362678,10.5888301051,12.9956975315,7.623762376,1000100011,https://doi.org/10.1023/A:1011040419703
6.534653465,15.2877830638,6.534653465,19.6661958201,7.63532939802,7.50136025417,6.732673267,1000100011,https://doi.org/10.1023/A:1011040419703
11.6666666667,5.70920514487,10.5684816412,13.0524533356,12.8144811669,3.07121018272,16.0,1100100011,https://doi.org/10.1063/1.1485109
23.0,6.11347870562,10.5684816412,13.457273909,14.4665735962,3.30885952586,15.0,1100100011,https://doi.org/10.1063/1.1485109
23.0,6.61882065655,25.7,13.9624879062,19.4565891958,3.6059212048,38.0,1100100011,https://doi.org/10.1063/1.1485109
11.6666666667,5.00172641356,10.5684816412,12.3502562351,8.01708749041,2.6553238322,4.0,1100100011,https://doi.org/10.1063/1.1485109
17.3333333333,13.2478527169,13.9612628184,9.65661032802,14.605757012,12.0050352207,21.0,1100100011,https://doi.org/10.1088/0953-8984/12/37/308
19.3333333333,12.8435791562,13.9612628184,9.24298003728,16.2346946846,11.7673858775,20.0,1100100011,https://doi.org/10.1088/0953-8984/12/37/308
16.3333333333,13.7531946679,13.9612628184,10.3798753296,14.3155632146,12.3020968996,17.0,1100100011,https://doi.org/10.1088/0953-8984/12/37/308
19.3333333333,12.5403739856,13.9612628184,9.00359790988,16.9556538123,11.5891488702,17.0,1100100011,https://doi.org/10.1088/0953-8984/12/37/308
11.8333333333,11.6704973671,10.5684816412,11.2700445461,11.6669884032,10.8431015677,13.0,1100100011,https://doi.org/10.1088/0953-8984/12/37/308
10.475409836,10.7608818554,10.5684816412,10.2282521237,11.4586550698,10.3083905457,12.0,1100100011,https://doi.org/10.1088/0953-8984/12/37/308
12.3365384617,14.2585366188,13.9612628184,11.2488994588,13.2576305224,12.5991585785,11.0,1100100011,https://doi.org/10.1088/0953-8984/12/37/308
17.3333333333,13.2478527169,13.9612628184,9.65661032802,14.605757012,12.0050352207,11.0,1100100011,https://doi.org/10.1088/0953-8984/12/37/308
12.6666666667,14.1288804155,10.0,14.551985661,13.0980087544,12.3767323628,12.0,1000100001,https://doi.org/10.1088/0953-8984/14/18/307
12.6666666667,16.1502482192,19.0990099,16.1027958012,13.9313420877,13.5649790785,18.0,1000100001,https://doi.org/10.1088/0953-8984/14/18/307
12.6666666667,13.320333294,10.0,14.0376305101,12.4966259785,11.9014336765,8.0,1000100001,https://doi.org/10.1088/0953-8984/14/18/307
9.33333333333,9.19749068106,7.98571428571,10.3148449282,8.74581832688,9.22336940008,8.5,1100100011,https://doi.org/10.1109/20.825825
10.5,9.52908640049,7.98571428571,11.1648398515,8.6252372784,9.59454172972,8.5,1100100011,https://doi.org/10.1109/20.825825
10.0,9.60176424181,7.98571428571,10.6161265742,9.43123499355,9.46101874322,8.5,1100100011,https://doi.org/10.1109/20.825825
13.1240312667,14.4369138686,12.97441876,15.5114826091,14.288912971,12.4895415995,14.0,1100100011,https://doi.org/10.1109/20.951133
13.4,13.9315719177,25.7,14.630985075,14.288912971,12.1924799206,13.4,1100100011,https://doi.org/10.1109/20.951133
11.6088181067,13.4262299668,11.2139211124,13.784419774,12.3749214378,11.8954182417,12.8,1100100011,https://doi.org/10.1109/20.951133
11.30273224,12.9208880158,11.2139211124,12.9372898378,11.699824539,11.5983565627,12.4,1100100011,https://doi.org/10.1109/20.951133
11.8333333333,11.8697767579,11.2139211124,11.3356832396,11.2748306514,10.9804682705,11.5,1100100011,https://doi.org/10.1109/20.951133
10.3293971297,11.404862163,9.85596706509,10.7568068031,11.0664973181,10.7071715259,11.0,1100100011,https://doi.org/10.1109/20.951133
11.6333333333,12.2134092845,11.2139211124,11.7669615628,11.2748306514,11.1824702122,11.4,1100100011,https://doi.org/10.1109/20.951133
35.05105954,14.1973380157,35.742328825,12.6269680999,40.800275382,12.8005834442,41.90465765,1100100001,https://doi.org/10.4028/www.scientific.net/MSF.307.51
11.6088181067,13.9780728373,11.2139211124,14.0834882326,11.7450849928,12.2663687731,10.97727399,1100100011,https://doi.org/10.4028/www.scientific.net/MSF.307.51
9.82120040833,11.9567050335,9.85596706509,11.0266304373,10.9015172687,11.0781220574,8.988191389,1100100011,https://doi.org/10.4028/www.scientific.net/MSF.307.51
36.0827491033,16.8775140308,11.2139211124,13.9425006586,11.3693673624,15.8362635726,13.09588966,1100100011,https://doi.org/10.4028/www.scientific.net/MSF.307.51
10.312141652,11.3809201916,11.2139211124,12.0557776246,11.0514936735,10.0467493028,10.9531498,1100100011,https://doi.org/10.4028/www.scientific.net/MSF.307.51
10.1692884387,12.9673889354,11.2139211124,12.3888309992,11.0514936735,11.6722454152,10.00082097,1100100011,https://doi.org/10.4028/www.scientific.net/MSF.307.51
10.1692884387,12.9673889354,11.2139211124,12.3888309992,11.0514936735,11.6722454152,9.982454186,1100100011,https://doi.org/10.4028/www.scientific.net/MSF.307.51
13.1240312667,14.9887567391,12.97441876,15.7700001354,13.5112700691,12.860492131,11.9720938,1100100011,https://doi.org/10.4028/www.scientific.net/MSF.307.51
11.624305234,21.3303283095,7.436457851,23.9204520097,10.8471847801,18.1881416244,8.690944882,1000100011,https://www.jstage.jst.go.jp/article/matertrans1989/32/6/32_6_551/_article/-char/ja/
13.5912652467,22.4420806016,10.38689787,24.496644605,10.8471847801,18.8416773181,10.18006021,1000100011,https://www.jstage.jst.go.jp/article/matertrans1989/32/6/32_6_551/_article/-char/ja/
11.624305234,20.4004991198,7.436457851,23.6519887806,10.2458020042,17.6415481352,6.18197082,1000100011,https://www.jstage.jst.go.jp/article/matertrans1989/32/6/32_6_551/_article/-char/ja/
20.8508954767,25.5145596633,44.42177472,26.7752455793,35.547382778,20.647812326,41.77889069,1000100011,https://www.jstage.jst.go.jp/article/matertrans1989/32/6/32_6_551/_article/-char/ja/
13.5912652467,23.4527645035,10.38689787,25.1071359991,10.8471847801,19.435800676,10.59373553,1000100011,https://www.jstage.jst.go.jp/article/matertrans1989/32/6/32_6_551/_article/-char/ja/
11.2853571433,11.2183227257,10.5684816412,13.8674745833,11.1097452065,10.7293488251,12.40392857,1101100011,https://www.sciencedirect.com/science/article/pii/S0022309314006759
11.16857143,11.8094198224,10.5684816412,13.5874064165,11.2683058998,11.1597609999,11.60357143,1100100011,https://www.sciencedirect.com/science/article/pii/S0022309314006759
11.16857143,11.6912004031,10.5684816412,13.643246293,11.1097452065,11.0736785649,11.0025,1101100011,https://www.sciencedirect.com/science/article/pii/S0022309314006759
10.9178571433,11.5729809837,10.5684816412,13.6990861695,11.1097452065,10.98759613,10.89964286,1101100011,https://www.sciencedirect.com/science/article/pii/S0022309314006759
10.7839285733,11.4547615644,10.5684816412,13.754926046,11.1097452065,10.901513695,10.85142857,1101100011,https://www.sciencedirect.com/science/article/pii/S0022309314006759
11.2853571433,11.336542145,10.5684816412,13.8107659225,11.1097452065,10.81543126,10.60071429,1101100011,https://www.sciencedirect.com/science/article/pii/S0022309314006759
23.76146789,22.8838744653,16.5596330267,25.0850684912,17.7866178167,19.8243177312,18.01834862,1100110010,https://www.sciencedirect.com/science/article/pii/S0925838816313470
40.0366972467,42.4771601612,38.743119265,39.4818278741,38.1639908251,40.9922752211,39.32110092,1100110010,https://www.sciencedirect.com/science/article/pii/S0925838816313470
42.75229358,40.0515187967,46.2293578,38.986373705,37.7764908271,39.5663791622,47.35779817,1100110010,https://www.sciencedirect.com/science/article/pii/S0925838816313470
45.1926605533,40.4557923575,46.2293578,39.0274990054,44.1955275245,39.8040285054,45.10091743,1100110010,https://www.sciencedirect.com/science/article/pii/S0925838816313470
43.6146789,40.9611343084,42.871559635,39.13974655,42.4741972491,40.1010901843,43.11926606,1100110010,https://www.sciencedirect.com/science/article/pii/S0925838816313470
30.95412844,23.3510181729,37.42201835,25.1747146603,38.3568807343,20.0980747614,36.23853211,1100110010,https://www.sciencedirect.com/science/article/pii/S0925838816313470
36.9174311933,21.8349923201,39.871559635,25.3420356736,40.4758027539,19.2068897246,39.70642202,1100110010,https://www.sciencedirect.com/science/article/pii/S0925838816313470
39.4862385333,21.3296503691,44.93577982,25.4545974366,42.4740825709,18.9098280456,44.93577982,1100110010,https://www.sciencedirect.com/science/article/pii/S0925838816313470
36.12844037,39.647245236,30.596330275,38.9406923789,31.6926605514,39.3287298191,35.79816514,1100110010,https://www.sciencedirect.com/science/article/pii/S0925838816313470
40.0366972467,41.9718182103,38.743119265,39.3678007661,38.9931192658,40.6952135422,38.16513761,1100110010,https://www.sciencedirect.com/science/article/pii/S0925838816313470
33.9816513767,20.9253768084,44.93577982,25.5349161957,36.4678899099,18.6721787025,44.93577982,1100110010,https://www.sciencedirect.com/science/article/pii/S0925838816313470
31.46788991,22.340334271,39.871559635,25.228254776,40.4758027539,19.5039514035,40.03669725,1100110010,https://www.sciencedirect.com/science/article/pii/S0925838816313470
26.8440366967,20.559301491,28.9174311933,25.5785151717,27.983371558,18.457834008,34.91743119,1100110010,https://www.sciencedirect.com/science/article/pii/S0925838816313470
32.2201834867,22.8456762219,37.42201835,25.1190544227,38.8178899089,19.8010130824,38.60550459,1100110010,https://www.sciencedirect.com/science/article/pii/S0925838816313470
37.1559633033,20.9635750517,28.9174311933,25.4940353103,27.489105503,18.6954833512,31.6146789,1100110010,https://www.sciencedirect.com/science/article/pii/S0925838816313470
23.46788991,20.1550279302,28.9174311933,25.6948999106,24.7201834875,18.2201846649,20.22018349,1100110010,https://www.sciencedirect.com/science/article/pii/S0925838816313470
36.12844037,39.2429716752,20.247706425,38.8950110528,25.5625000024,39.0910804759,25.2293578,1100110010,https://www.sciencedirect.com/science/article/pii/S0925838816313470
35.04587156,21.3678486125,27.34862385,25.4137165512,26.7322247689,18.9331326943,28.58715596,1100110010,https://www.sciencedirect.com/science/article/pii/S0925838816313470
25.19266055,20.5211032476,30.596330275,25.6191562251,28.9529816511,18.4345293593,25.39449541,1100110010,https://www.sciencedirect.com/science/article/pii/S0925838816313470
20.2935779833,20.1168296869,20.247706425,25.7346813398,22.8228211022,18.1968800162,15.26605505,1100110010,https://www.sciencedirect.com/science/article/pii/S0925838816313470
26.9357798167,22.3785325143,16.5596330267,25.1877013354,17.7866178167,19.5272560522,14.66055046,1100110010,https://www.sciencedirect.com/science/article/pii/S0925838816313470
31.4678899067,21.8731905634,27.34862385,25.301482233,24.8766407515,19.2301943733,26.11009174,1100110010,https://www.sciencedirect.com/science/article/pii/S0925838816313470
41.3027522933,41.4664762593,42.871559635,39.253773658,42.4741972491,40.3981518633,42.62385321,1100110010,https://www.sciencedirect.com/science/article/pii/S0925838816313470
