Linear Regression,Neural Network,kNN,Random Forest,SVM,Tree,Magnetic Saturation,Composition ID,Reference DOI
1.229400635,1.139156364,1.240110597,1.268458855,1.252564316,1.255468039,1.25,1100100011,10.1016/j.jallcom.2006.12.133
1.322784424,1.182433064,1.243582819,1.23500024,1.330052916,1.255468039,1.239583333,1100100011,10.1016/j.jallcom.2006.12.133
1.381134033,1.219757694,1.12287037,1.23500024,1.372467904,1.255468039,1.288194444,1100100011,10.1016/j.jallcom.2006.12.133
1.351959229,1.198286489,1.262731481,1.23500024,1.35126041,1.255468039,1.260416667,1100100011,10.1016/j.jallcom.2006.12.133
1.225891113,1.185113316,1.199740274,1.204061292,1.222998805,1.16719582,1.18,1100100011,10.1016/j.pnsc.2017.09.002
1.245391846,1.207455392,1.18,1.216978888,1.241780532,1.16719582,1.18,1100100011,10.1016/j.pnsc.2017.09.002
1.264892578,1.230529163,1.18,1.216978888,1.26056226,1.16719582,1.18,1100100011,10.1016/j.pnsc.2017.09.002
1.240631104,0.985470158,0.713333333,0.778767552,1.233417916,0.68,0.69,1100110011,10.1016/S0921-4526(02)01741-6
1.164459229,1.041999102,0.906666667,1.057372431,1.160254264,0.855,0.93,1100110011,10.1016/S0921-4526(02)01741-6
1.199005127,0.981957987,0.793333333,0.88874344,1.194045809,0.855,0.78,1100110011,10.1016/S0921-4526(02)01741-6
1.216156006,0.96228285,0.713333333,0.778767552,1.209989589,0.68,0.67,1100110011,10.1016/S0921-4526(02)01741-6
1.13180542,1.101449379,1.053333333,1.145011539,1.128189922,1.09,1.01,1100100011,10.1016/S0921-4526(02)01741-6
1.687133789,1.670221496,1.801587916,1.73622279,1.633918554,1.91,1.94,1100110010,10.1063/1.3058624
1.694732666,1.686435823,1.629091443,1.790155457,1.654810397,1.91,1.88,1100110010,10.1063/1.3058624
1.227355957,1.217370536,1.246666667,1.25382691,1.239207458,1.255468039,1.28,1100100001,10.1063/1.342149
1.34463501,1.255613542,1.240133333,1.260571478,1.361016693,1.255468039,1.2553,1100100011,10.1063/1.342149
1.281097412,1.221292625,1.18,1.216978888,1.265073855,1.16719582,1.18,1100100011,10.1063/1.342149
1.339141846,1.250876718,1.240133333,1.23500024,1.360068287,1.255468039,1.2401,1100100011,10.1063/1.342149
1.281066895,1.224675074,1.235,1.23500024,1.306509464,1.255468039,1.225,1100100011,10.1063/1.342149
0.81539917,1.057350895,1.144515718,1.133507175,0.836343953,1.178463218,1.247222601,1100100011,10.1063/1.352574
0.808746338,1.045939251,1.100896229,1.118962273,0.829435141,1.096492426,1.116364133,1101100011,10.1063/1.352574
0.810974121,1.04985477,1.100896229,1.118962273,0.831738078,1.178463218,1.109703835,1101100011,10.1063/1.352574
0.809295654,1.046985892,1.100896229,1.118962273,0.830010876,1.096492426,1.076620718,1101100011,10.1063/1.352574
1.729034424,1.743052542,1.826157004,1.821906472,1.683746682,1.817535194,1.85,1100110010,10.1063/1.3535169
1.704223633,1.715447376,1.813707839,1.791378432,1.661635808,1.817535194,1.812790408,1100110010,10.1063/1.3535169
1.739379883,1.755391789,1.601275593,1.43062324,1.69670942,1.503637165,1.422510582,1100110010,10.1063/1.3535169
1.73059082,1.746255033,1.601275593,1.738737538,1.687941017,1.503637165,1.584763747,1100110010,10.1063/1.3535169
1.651733398,1.646999629,1.578019957,1.595845133,1.609025391,1.510451821,1.476188926,1100110010,10.1063/1.3535169
1.721801758,1.736346089,1.732332267,1.791378432,1.679172614,1.817535194,1.796552451,1100110010,10.1063/1.3535169
1.669311523,1.669938971,1.750908812,1.744639368,1.626562197,1.769012913,1.713156231,1100110010,10.1063/1.3535169
1.678100586,1.681408642,1.750908812,1.764846382,1.6353306,1.769012913,1.757330831,1100110010,10.1063/1.3535169
1.686645508,1.692878313,1.784074237,1.776826264,1.644099003,1.769012913,1.782239375,1100110010,10.1063/1.3535169
1.634155273,1.624345785,1.532835992,1.575019358,1.591488585,1.510451821,1.544714715,1100110010,10.1063/1.3535169
1.713012695,1.726286099,1.808341154,1.791378432,1.670404211,1.817535194,1.815680604,1100110010,10.1063/1.3535169
1.625366211,1.613999989,1.532835992,1.575019358,1.582720182,1.565015035,1.577604336,1100110010,10.1063/1.3535169
1.69543457,1.704215659,1.802560763,1.791378432,1.652867406,1.817535194,1.812652506,1100110010,10.1063/1.3535169
1.598999023,1.583128222,1.558248262,1.575019358,1.556414973,1.565015035,1.552425734,1100110010,10.1063/1.3535169
1.555297852,1.531566132,1.521460995,1.536463519,1.512572959,1.505978625,1.51045182,1100110010,10.1063/1.3535169
1.511352539,1.484295502,1.521460995,1.531562581,1.468730944,1.505978625,1.50150543,1100110010,10.1063/1.3535169
1.736236572,1.752231014,1.81290993,1.799534087,1.691108363,1.81290993,1.81617,1100110000,10.1063/1.3535290
1.700653076,1.709760507,1.814481637,1.808557603,1.662229076,1.81290993,1.812788589,1100110010,10.1063/1.3535290
1.712158203,1.722718191,1.81290993,1.808557603,1.671471682,1.81290993,1.8097712,1100110010,10.1063/1.3535290
1.667266846,1.670122487,1.822393111,1.803155671,1.635652727,1.822393111,1.81448211,1100110010,10.1063/1.3535290
1.690246582,1.69991474,1.821828604,1.803155671,1.654137939,1.822393111,1.820885122,1100110010,10.1063/1.3535290
1.677642822,1.681572559,1.822393111,1.812179187,1.643743864,1.822393111,1.8318121,1100110010,10.1063/1.3535290
1.284088135,1.227276736,1.24,1.23500024,1.305110154,1.255468039,1.24,1100100011,10.1109/20.42291
1.284088135,1.227276736,1.24,1.23500024,1.305110154,1.255468039,1.24,1100100011,10.1109/20.42291
1.284088135,1.227276736,1.24,1.23500024,1.305110154,1.255468039,1.24,1100100011,10.1109/20.42291
1.190582275,1.208163741,1.249937739,1.231942428,1.213691359,1.167431409,1.1988,1100100011,10.1109/20.825825
1.137969971,1.17987678,1.123928986,1.176279312,1.161080941,1.167431409,1.2757,1100100011,10.1109/20.825825
1.17300415,1.197795064,1.249937739,1.231942428,1.196154553,1.167431409,1.2837,1100100011,10.1109/20.825825
1.691345215,1.693140206,1.57064719,1.824654759,1.653982604,1.845,1.84,1100110010,10.1109/TMAG.2011.2175210
1.671966553,1.63945798,1.57064719,1.795342955,1.622317793,1.845,1.85,1100110010,10.1109/TMAG.2011.2175210
1.038452148,1.43426699,1.195642145,1.175451863,1.055873075,1.155982257,1.23,1100100011,10.1109/TMAG.2011.2175210
1.534393311,1.754279848,1.729878049,1.703650809,1.538700402,1.729878049,1.672865854,1000100010,10.1143/JJAP.46.L477
1.709686279,1.844626916,1.790853658,1.779877411,1.714068461,1.805640244,1.776219512,1000100010,10.1143/JJAP.46.L477
1.569549561,1.77217817,1.729878049,1.740819781,1.573774014,1.729878049,1.761585366,1000100010,10.1143/JJAP.46.L477
1.604217529,1.790076491,1.762804878,1.740819781,1.608847625,1.729878049,1.755182927,1000100010,10.1143/JJAP.46.L477
1.639373779,1.807974813,1.783841463,1.757218234,1.643921237,1.805640244,1.771646341,1000100010,10.1143/JJAP.46.L477
1.546417236,1.520469606,1.793491645,1.807353239,1.539544806,1.805640244,1.85,1100100010,10.1143/JJAP.46.L477
1.674530029,1.825873134,1.790853658,1.781564835,1.678994849,1.805640244,1.824695122,1000100010,10.1143/JJAP.46.L477
1.472869873,1.48394712,1.793491645,1.7839035,1.459961205,1.770782585,1.8,1100100010,10.1143/JJAP.46.L477
1.139923096,1.16029928,1.181764592,1.163615232,1.115326072,1.182736959,1.157836668,1100100011,10.4028/www.scientific.net/JMNM.1.135
1.178619385,1.173731114,1.199740274,1.163615232,1.178655693,1.182736959,1.191067941,1100100011,10.4028/www.scientific.net/JMNM.1.135
1.164733887,1.145926028,1.181764592,1.205244026,1.137436946,1.16719582,1.196389168,1100100011,10.4028/www.scientific.net/JMNM.1.135
1.203460693,1.171365713,1.199740274,1.214033842,1.200766567,1.16719582,1.22815288,1100100011,10.4028/www.scientific.net/JMNM.1.135
1.222808838,1.186104534,1.117811794,1.227654008,1.232431377,1.167431409,1.24826585,1100100011,10.4028/www.scientific.net/JMNM.1.135
1.311187744,1.221453156,1.241114691,1.280988974,1.339982746,1.524742015,1.3554,1100100011,10.4028/www.scientific.net/JMNM.1.135
1.349243164,1.246929393,1.20804862,1.260305629,1.346500399,1.255468039,1.21,1100100011,doi:10.1016/j.jmmm.2010.05.025
1.378417969,1.26769624,1.22,1.260305629,1.367707893,1.255468039,1.21,1100100011,doi:10.1016/j.jmmm.2010.05.025
1.26171875,1.215851474,1.316975806,1.260305629,1.282877916,1.255468039,1.22,1100100011,doi:10.1016/j.jmmm.2010.05.025
1.442932129,1.326693767,1.223196728,1.247260786,1.416261273,1.255468039,1.24,1100100011,doi:10.1016/j.jmmm.2010.05.025
1.473022461,1.65218872,1.518646501,1.539457937,1.540036116,1.564831571,1.619895009,1000100011,http://iopscience.iop.org/article/10.1143/JJAP.30.L1729/meta
0.689422607,0.583099666,0.471251775,0.437127375,0.756140894,0.410190962,0.399634814,1000100011,http://iopscience.iop.org/article/10.1143/JJAP.30.L1729/meta
1.812469482,1.616337838,1.585986001,1.566297035,1.798958233,1.626857739,1.724330493,1000100011,http://iopscience.iop.org/article/10.1143/JJAP.30.L1729/meta
1.789733887,1.594636574,1.557126192,1.539294617,1.775353125,1.564831571,1.477579124,1000100011,http://iopscience.iop.org/article/10.1143/JJAP.30.L1729/meta
0.864715576,0.823951475,0.74200142,0.628075006,0.931508952,0.604171302,0.593373402,1000100011,http://iopscience.iop.org/article/10.1143/JJAP.30.L1729/meta
0.777069092,0.69122705,0.471251775,0.518352268,0.843824923,0.410190962,0.420747109,1000100011,http://iopscience.iop.org/article/10.1143/JJAP.30.L1729/meta
1.088562012,0.82582815,0.714041895,0.693906291,1.073880891,0.732980828,0.672375228,1000100011,http://iopscience.iop.org/article/10.1143/JJAP.30.L1729/meta
1.286590576,1.057289065,1.034750964,0.954023181,1.272854057,0.913991175,1.02194157,1000100011,http://iopscience.iop.org/article/10.1143/JJAP.30.L1729/meta
1.176208496,0.895533448,0.718193345,0.753005403,1.16156492,0.686716373,0.676164029,1000100011,http://iopscience.iop.org/article/10.1143/JJAP.30.L1729/meta
1.111297607,0.902108263,0.757334145,0.78167728,1.097485998,0.732980828,0.793586427,1000100011,http://iopscience.iop.org/article/10.1143/JJAP.30.L1729/meta
1.26385498,1.017706396,0.904881822,0.827537266,1.249248949,0.686716373,0.697268716,1000100011,http://iopscience.iop.org/article/10.1143/JJAP.30.L1729/meta
1.351501465,1.147101999,1.223247616,1.133465554,1.336932979,1.197453845,0.99543518,1000100011,http://iopscience.iop.org/article/10.1143/JJAP.30.L1729/meta
1.198944092,0.965355603,0.758597078,0.880954287,1.185170028,0.913991175,0.806040779,1000100011,http://iopscience.iop.org/article/10.1143/JJAP.30.L1729/meta
1.724822998,1.531858658,1.583282613,1.558584846,1.711274203,1.508382804,1.556048387,1000100011,http://iopscience.iop.org/article/10.1143/JJAP.30.L1729/meta
1.702087402,1.507406823,1.482630858,1.539294617,1.687669096,1.508382804,1.469468959,1000100011,http://iopscience.iop.org/article/10.1143/JJAP.30.L1729/meta
1.439147949,1.247611585,1.223247616,1.268315717,1.424617008,1.382067864,1.289265064,1000100011,http://iopscience.iop.org/article/10.1143/JJAP.30.L1729/meta
1.614440918,1.419399486,1.482630858,1.49325124,1.599985067,1.508382804,1.422375228,1000100011,http://iopscience.iop.org/article/10.1143/JJAP.30.L1729/meta
0.952362061,0.970543456,1.097707446,1.188800993,1.019192981,1.197453845,1.211883749,1000100011,http://iopscience.iop.org/article/10.1143/JJAP.30.L1729/meta
1.390625,1.558596198,1.583097484,1.526801508,1.457613128,1.564831571,1.572816494,1000100011,http://iopscience.iop.org/article/10.1143/JJAP.30.L1729/meta
1.215332031,1.388265679,1.539087543,1.511562297,1.282245069,1.5717003,1.556580949,1000100011,http://iopscience.iop.org/article/10.1143/JJAP.30.L1729/meta
1.127655029,1.260656516,1.418776628,1.49081691,1.19456104,1.44406047,1.487865186,1000100011,http://iopscience.iop.org/article/10.1143/JJAP.30.L1729/meta
1.549530029,1.356954849,1.395503652,1.464294354,1.535906145,1.382067864,1.474870663,1000100011,http://iopscience.iop.org/article/10.1143/JJAP.30.L1729/meta
1.374237061,1.180825216,1.134139785,1.206031245,1.360538086,1.197453845,1.385042605,1000100011,http://iopscience.iop.org/article/10.1143/JJAP.30.L1729/meta
0.939880371,1.058793031,1.031586022,1.021053749,1.024856303,0.988243205,0.9,1100100011,http://phys.ipme.nw.ru/e-journals/RAMS/no_61808/pavlik.pdf
1.031860352,1.094046118,1.066666667,1.105459142,1.09879715,1.182736959,1.1,1100100011,http://phys.ipme.nw.ru/e-journals/RAMS/no_61808/pavlik.pdf
1.123840332,1.13978504,1.20719086,1.120411374,1.172737997,1.182736959,1.2,1100100011,http://phys.ipme.nw.ru/e-journals/RAMS/no_61808/pavlik.pdf
1.3800354,1.389493556,1.176867224,1.499669284,1.435957463,1.524742015,1.57716895,1000100011,https://aip.scitation.org/doi/abs/10.1063/1.359284
1.029449463,0.748569281,0.576255708,0.587479905,1.085221346,0.589948611,0.58173516,1000100011,https://aip.scitation.org/doi/abs/10.1063/1.359284
1.204742432,1.066034191,0.958599696,1.009334311,1.260589405,1.524742015,0.716894977,1000100011,https://aip.scitation.org/doi/abs/10.1063/1.359284
0.678863525,0.293746476,0.490158856,0.483822082,0.734485229,0.490158856,0.446575343,1000100011,https://aip.scitation.org/doi/abs/10.1063/1.359284
0.854156494,0.46772184,0.486149163,0.477058715,0.909853287,0.490158856,0.430136986,1000100011,https://aip.scitation.org/doi/abs/10.1063/1.359284
1.408081055,1.303303687,1.193333333,1.268458855,1.385309029,1.255468039,1.34,1100100011,https://doi.org/10.1002/pssa.201700074
1.358428955,1.227252576,1.301691093,1.23500024,1.363464605,1.255468039,1.20414586,1100100011,https://doi.org/10.1002/pssa.201700074
1.344696045,1.185746061,1.21497116,1.23500024,1.350655521,1.255468039,1.210019161,1100100011,https://doi.org/10.1002/pssa.201700074
1.330993652,1.189988088,1.243582819,1.23500024,1.337846437,1.255468039,1.230748458,1100100011,https://doi.org/10.1002/pssa.201700074
1.31729126,1.23018273,1.254113792,1.23500024,1.325037352,1.255468039,1.251592919,1100100011,https://doi.org/10.1002/pssa.201700074
1.37210083,1.244688683,1.273262454,1.23500024,1.364335371,1.255468039,1.28,1100100011,https://doi.org/10.1002/pssa.201700074
1.225616455,1.228633015,1.2475,1.215312061,1.248764971,1.167431409,1.26,1100100011,https://doi.org/10.1007/s11741-000-0017-x
1.137969971,1.17987678,1.123928986,1.176279312,1.161080941,1.167431409,1.25,1100100011,https://doi.org/10.1007/s11741-000-0017-x
1.800537109,1.635362644,1.680361116,1.701556463,1.827966419,1.712253003,1.724403954,1000110000,https://doi.org/10.1016/j.jallcom.2010.12.104
1.850372314,1.719458013,1.685942834,1.687345681,1.891333503,1.72209401,1.724302845,1000110010,https://doi.org/10.1016/j.jallcom.2010.12.104
1.839569092,1.911841835,1.770320248,1.747219634,1.822381662,1.753217801,1.770085271,1000110010,https://doi.org/10.1016/j.jallcom.2010.12.104
1.845214844,1.823181163,1.715300168,1.723850438,1.856857583,1.753217801,1.736350331,1000110010,https://doi.org/10.1016/j.jallcom.2010.12.104
1.756591797,1.607360221,1.637356468,1.600007153,1.784124405,1.593832725,1.596794219,1000110000,https://doi.org/10.1016/j.jallcom.2010.12.104
1.804962158,1.691633597,1.664029121,1.668159683,1.845737808,1.672986814,1.661351745,1000110010,https://doi.org/10.1016/j.jallcom.2010.12.104
1.795623779,1.863070908,1.770320248,1.754770027,1.778539648,1.769012913,1.761351038,1000110010,https://doi.org/10.1016/j.jallcom.2010.12.104
1.762969971,1.660254323,1.625308275,1.613583777,1.803649474,1.607286541,1.606432773,1000110010,https://doi.org/10.1016/j.jallcom.2010.12.104
1.663787842,1.712793832,1.776278824,1.723177946,1.647013604,1.776278824,1.769686492,1000110010,https://doi.org/10.1016/j.jallcom.2010.12.104
1.707733154,1.763140103,1.776278824,1.745678376,1.690855619,1.776278824,1.779625544,1000110010,https://doi.org/10.1016/j.jallcom.2010.12.104
1.751678467,1.813486374,1.773500339,1.752128493,1.734697633,1.776278824,1.779524436,1000110010,https://doi.org/10.1016/j.jallcom.2010.12.104
1.669921875,1.648761688,1.67560948,1.65508606,1.681489524,1.687120716,1.66326079,1000110010,https://doi.org/10.1016/j.jallcom.2010.12.104
1.719024658,1.626491223,1.593682476,1.61835586,1.759807459,1.607286541,1.608140308,1000110010,https://doi.org/10.1016/j.jallcom.2010.12.104
1.801269531,1.780363023,1.715300168,1.712297173,1.813015568,1.712253003,1.712355054,1000110010,https://doi.org/10.1016/j.jallcom.2010.12.104
1.7578125,1.730324525,1.691974235,1.676792192,1.769173553,1.687120716,1.697195119,1000110010,https://doi.org/10.1016/j.jallcom.2010.12.104
1.713867188,1.686722292,1.67560948,1.670342076,1.725331539,1.687120716,1.666372532,1000110010,https://doi.org/10.1016/j.jallcom.2010.12.104
1.712646484,1.573598603,1.594887295,1.592831515,1.74028239,1.593832725,1.590871231,1000110000,https://doi.org/10.1016/j.jallcom.2010.12.104
1.673614502,1.591801941,1.593682476,1.597493451,1.714211764,1.581735392,1.566474348,1000110010,https://doi.org/10.1016/j.jallcom.2010.12.104
1.668701172,1.539881328,1.594887295,1.579476038,1.696440375,1.581735392,1.596996436,1000110000,https://doi.org/10.1016/j.jallcom.2010.12.104
1.843994141,1.658456337,1.680361116,1.706306489,1.871808434,1.72209401,1.719885175,1000110000,https://doi.org/10.1016/j.jallcom.2010.12.104
1.550933838,1.605574285,1.716087751,1.710403048,1.542212933,1.770782585,1.739488117,1100110011,https://doi.org/10.1016/j.jallcom.2014.10.202
1.546295166,1.618850954,1.716087751,1.700178671,1.537943238,1.687120716,1.719195612,1100110011,https://doi.org/10.1016/j.jallcom.2014.10.202
1.538116455,1.642349528,1.669652651,1.686098074,1.530257787,1.659689214,1.629798903,1100110011,https://doi.org/10.1016/j.jallcom.2014.10.202
1.541778564,1.632127624,1.669652651,1.691452698,1.533673543,1.687120716,1.689579525,1100110011,https://doi.org/10.1016/j.jallcom.2014.10.202
1.53994751,1.637340782,1.669652651,1.691452698,1.531965665,1.659689214,1.689579525,1100110011,https://doi.org/10.1016/j.jallcom.2014.10.202
1.287597656,1.136250753,1.12287037,0.979673665,1.288353847,0.883333333,0.82,1100100011,https://doi.org/10.1016/j.jmmm.2010.05.008
1.345947266,1.175340939,0.883333333,0.979673665,1.330768836,0.883333333,0.87,1100100011,https://doi.org/10.1016/j.jmmm.2010.05.008
1.345947266,1.175340939,0.883333333,0.979673665,1.330768836,0.883333333,0.96,1100100011,https://doi.org/10.1016/j.jmmm.2010.05.008
1.229248047,1.130128951,1.170110597,1.031980165,1.245938859,1.103333333,1.04,1100100011,https://doi.org/10.1016/j.jmmm.2010.05.008
1.404815674,1.744453575,1.766666667,1.792768411,1.351964767,1.769012913,1.84,1100110010,https://doi.org/10.1016/j.jnoncrysol.2017.12.003
1.353820801,1.727294485,1.766666667,1.795001837,1.309812734,1.769012913,1.76,1100110011,https://doi.org/10.1016/j.jnoncrysol.2017.12.003
1.302276611,1.708899792,1.766666667,1.773885339,1.267084967,1.712253003,1.7,1100110011,https://doi.org/10.1016/j.jnoncrysol.2017.12.003
0.495727539,0.693262267,0.823993686,0.820195649,0.600852456,0.794675941,0.799044716,1000100111,https://doi.org/10.1016/j.physb.2004.09.050
0.846313477,0.916818935,0.894946883,0.906535356,0.951588573,0.849350557,0.848701113,1000100111,https://doi.org/10.1016/j.physb.2004.09.050
0.57144165,0.745276542,0.848398448,0.907403606,0.654588083,0.873075314,0.872936342,1100100111,https://doi.org/10.1016/j.physb.2004.09.050
0.671020508,0.822205925,0.974535966,0.929080741,0.776220515,0.870147292,0.882985195,1000100111,https://doi.org/10.1016/j.physb.2004.09.050
0.922027588,0.969537095,0.940780217,0.929542072,1.005324201,0.986819769,0.986139537,1100100111,https://doi.org/10.1016/j.physb.2004.09.050
0.746734619,0.883390544,1.064416919,1.121372934,0.829956142,1.155132781,1.154908418,1100100111,https://doi.org/10.1016/j.physb.2004.09.050
1.098999023,1.079782002,1.11747535,1.060004129,1.144737673,0.988243205,1.081198624,1101100011,https://doi.org/10.1016/S0022-3093(01)00546-4
1.190979004,1.128703527,1.11747535,1.115216084,1.21867852,1.182736959,1.110847609,1101100011,https://doi.org/10.1016/S0022-3093(01)00546-4
1.282958984,1.184575426,1.157026992,1.193809087,1.292619367,1.182736959,1.160379818,1101100011,https://doi.org/10.1016/S0022-3093(01)00546-4
1.374938965,1.255811013,1.196656667,1.193809087,1.366560214,1.182736959,1.199853549,1101100011,https://doi.org/10.1016/S0022-3093(01)00546-4
1.466918945,1.33150948,1.223196728,1.23500024,1.440501061,1.255468039,1.229736635,1100100011,https://doi.org/10.1016/S0022-3093(01)00546-4
1.256835938,1.211581152,1.316975806,1.268458855,1.278182484,1.255468039,1.490927419,1100100011,https://doi.org/10.1016/S0304-8853(00)00132-3
0.76184082,0.994658716,1.02217742,0.946396206,0.873404637,0.988243205,0.877016129,1101100011,https://doi.org/10.1016/S0304-8853(00)00132-3
1.037780762,1.115916043,1.265120968,1.218434064,1.095227178,1.182736959,1.282258065,1101100011,https://doi.org/10.1016/S0304-8853(00)00132-3
1.129760742,1.159578931,1.364919355,1.218434064,1.169168025,1.182736959,1.321572581,1101100011,https://doi.org/10.1016/S0304-8853(00)00132-3
0.853820801,1.015837565,1.02217742,1.060004129,0.947345484,0.988243205,1.094758065,1101100011,https://doi.org/10.1016/S0304-8853(00)00132-3
0.991790771,1.087428339,1.189516129,1.176807086,1.058256754,1.182736959,1.191532258,1101100011,https://doi.org/10.1016/S0304-8853(00)00132-3
0.922790527,1.044942713,1.127016129,1.113381139,1.002801119,1.182736959,1.094758065,1101100011,https://doi.org/10.1016/S0304-8853(00)00132-3
1.408935547,1.424039882,1.412165184,1.487546587,1.478379424,1.524742015,1.236537744,1000100011,https://doi.org/10.1016/S0304-8853(99)00600-9
1.259735107,1.205259018,1.205403307,1.160383874,1.281632994,1.167431409,0.877016653,1100100011,https://doi.org/10.1016/S0304-8853(99)00600-9
0.678253174,0.660294851,0.643277027,0.669884199,0.69277275,0.643277027,0.583293919,1000100001,https://doi.org/10.1016/S0921-5107(01)00934-5
0.760650635,0.740526878,0.668811937,0.669884199,0.775195738,0.643277027,0.618378378,1000100001,https://doi.org/10.1016/S0921-5107(01)00934-5
0.97543335,0.798806125,0.698811937,0.711304179,0.936526151,0.643277027,0.728158784,1000100001,https://doi.org/10.1016/S0921-5107(01)00934-5
1.05960083,0.877576995,0.825777027,0.809641069,1.020702819,0.794675941,0.784983108,1000100001,https://doi.org/10.1016/S0921-5107(01)00934-5
0.907867432,0.914091844,0.857984234,0.821120795,0.922504907,0.884476352,0.804763514,1000100001,https://doi.org/10.1016/S0921-5107(01)00934-5
1.201568604,1.065158859,1.002882883,0.900665238,1.162750947,0.884476352,0.964189189,1000100001,https://doi.org/10.1016/S0921-5107(01)00934-5
1.035858154,1.100154101,1.160292793,0.99932622,1.05052359,1.205143581,1.150810811,1000100001,https://doi.org/10.1016/S0921-5107(01)00934-5
1.33303833,1.260306615,1.295551802,1.055785248,1.294276991,1.205143581,1.259476351,1000100001,https://doi.org/10.1016/S0921-5107(01)00934-5
1.20413208,1.344007183,1.541233108,1.432500455,1.218876926,1.517230844,1.525304054,1000100001,https://doi.org/10.1016/S0921-5107(01)00934-5
1.517913818,1.57810271,1.547573198,1.547620001,1.532785751,1.508382804,1.542719595,1000100001,https://doi.org/10.1016/S0921-5107(01)00934-5
1.284759521,1.425428688,1.541233108,1.503501578,1.299546233,1.517230844,1.545929054,1000100001,https://doi.org/10.1016/S0921-5107(01)00934-5
1.631866455,1.671528411,1.619003378,1.556247023,1.646774989,1.626857739,1.548412162,1000100001,https://doi.org/10.1016/S0921-5107(01)00934-5
1.400482178,1.504958384,1.549994369,1.511939541,1.415289152,1.508382804,1.551587838,1000100001,https://doi.org/10.1016/S0921-5107(01)00934-5
1.337371826,1.464198499,1.549994369,1.509097395,1.352156651,1.517230844,1.552466216,1000100001,https://doi.org/10.1016/S0921-5107(01)00934-5
1.497833252,1.50596386,1.712747748,1.567375885,1.459122966,1.714822023,1.662989865,1000100001,https://doi.org/10.1016/S0921-5107(01)00934-5
1.576751709,1.617613362,1.712747748,1.714643335,1.538038592,1.714822023,1.727128378,1000100001,https://doi.org/10.1016/S0921-5107(01)00934-5
1.631072998,1.678304786,1.743203829,1.725880908,1.59240269,1.751241554,1.748125,1000100001,https://doi.org/10.1016/S0921-5107(01)00934-5
1.704681396,1.723789305,1.761458333,1.739687898,1.666057275,1.751241554,1.754358108,1000100001,https://doi.org/10.1016/S0921-5107(01)00934-5
1.920318604,1.899569915,1.698727477,1.739231223,1.881759987,1.773885135,1.765878378,1000100001,https://doi.org/10.1016/S0921-5107(01)00934-5
1.809906006,1.804016554,1.767376126,1.739231223,1.77127811,1.773885135,1.781891892,1000100001,https://doi.org/10.1016/S0921-5107(01)00934-5
1.366088867,1.598007997,1.560415544,1.556903585,1.435889877,1.524742015,1.66,1000100001,https://doi.org/10.1016/S1359-6454(01)00274-9
1.285247803,1.408675221,1.713333333,1.487546587,1.343637385,1.524742015,1.54,1000100011,https://doi.org/10.1016/S1359-6454(01)00274-9
1.137969971,1.17987678,1.123928986,1.176279312,1.161080941,1.167431409,0.846086957,1100100011,https://doi.org/10.1109/20.825825
1.132537842,1.168236606,1.204510958,1.205244026,1.118696927,1.16719582,1.188990826,1100100011,https://doi.org/10.1109/20.825825
1.17300415,1.197795064,1.249937739,1.231942428,1.196154553,1.167431409,1.267313218,1100100011,https://doi.org/10.1109/20.825825
1.451812744,0.615263952,0.283333333,0.307,1.618733066,0.283333333,0.19,1100100001,https://link.springer.com/article/10.1007%2Fs00339-014-8729-0
0.750640869,0.474641071,0.283333333,0.307,0.917260832,0.283333333,0.32,1100100001,https://link.springer.com/article/10.1007%2Fs00339-014-8729-0
1.101226807,0.498879642,0.283333333,0.307,1.267996949,0.283333333,0.34,1100100001,https://link.springer.com/article/10.1007%2Fs00339-014-8729-0
1.62600708,1.728086381,1.63979326,1.648249075,1.589942141,1.63979326,1.639961441,1010010010,https://link.springer.com/article/10.1007%2Fs10854-015-2950-2
1.51751709,1.602940849,1.62963234,1.617810948,1.505977332,1.63979326,1.619676959,1010010011,https://link.springer.com/article/10.1007%2Fs10854-015-2950-2
1.303833008,1.40729896,1.589642476,1.570773721,1.342024899,1.574625235,1.539771786,1010010011,https://link.springer.com/article/10.1007%2Fs10854-015-2950-2
1.408172607,1.516227174,1.589642476,1.605745018,1.421410311,1.574625235,1.609478683,1010010011,https://link.springer.com/article/10.1007%2Fs10854-015-2950-2
1.568847656,1.658082916,1.63979326,1.648249075,1.545067826,1.63979326,1.659741379,1010010011,https://link.springer.com/article/10.1007%2Fs10854-015-2950-2
1.258911133,1.153073533,1.298441558,1.213187812,1.262944971,1.231195474,1.246803069,1100100011,https://link.springer.com/article/10.1007%2Fs11664-016-4643-x
1.391540527,1.235511158,1.371970188,1.384854177,1.371692834,1.44406047,1.400255754,1100100011,https://link.springer.com/article/10.1007%2Fs11664-016-4643-x
1.467590332,1.259409023,1.371970188,1.456436081,1.421715796,1.517230844,1.511508951,1100100011,https://link.springer.com/article/10.1007%2Fs11664-016-4643-x
1.660736084,1.532476405,1.341148358,1.493408679,1.593218701,1.517230844,1.55370844,1100100010,https://link.springer.com/article/10.1007%2Fs11664-016-4643-x
1.128112793,0.813499708,1.008632138,0.28250224,1.128414256,0.209163347,0.229083665,1000100001,https://www.jstage.jst.go.jp/article/matertrans1989/31/8/31_8_743/_article/-char/ja/
1.216003418,0.980345287,1.008632138,1.129447367,1.216098285,0.959705773,1.249003984,1000100001,https://www.jstage.jst.go.jp/article/matertrans1989/31/8/31_8_743/_article/-char/ja/
1.572906494,1.627303714,1.651147611,1.584002801,1.60270773,1.524742015,1.65,1000100001,https://www.jstage.jst.go.jp/article/matertrans1989/31/8/31_8_743/_article/-char/ja/
1.303405762,1.146607484,1.474767596,1.379640639,1.303782314,1.524742015,1.547808765,1000100001,https://www.jstage.jst.go.jp/article/matertrans1989/31/8/31_8_743/_article/-char/ja/
1.391296387,1.312766907,1.62344146,1.630322214,1.391466344,1.524742015,1.62749004,1000100001,https://www.jstage.jst.go.jp/article/matertrans1989/31/8/31_8_743/_article/-char/ja/
1.500976563,1.521945519,1.645196266,1.66676837,1.500611259,1.524742015,1.7,1000100001,https://www.jstage.jst.go.jp/article/matertrans1989/31/8/31_8_743/_article/-char/ja/
1.566589355,1.633645828,1.693826586,1.67114293,1.566834402,1.524742015,1.695219124,1000100001,https://www.jstage.jst.go.jp/article/matertrans1989/31/8/31_8_743/_article/-char/ja/
1.653991699,1.753092222,1.649059694,1.67114293,1.654518432,1.524742015,1.69123506,1000100001,https://www.jstage.jst.go.jp/article/matertrans1989/31/8/31_8_743/_article/-char/ja/
1.749023438,1.648395937,1.621574832,1.639147269,1.749881563,1.524742015,1.7,1000100001,https://www.jstage.jst.go.jp/article/matertrans1989/31/8/31_8_743/_article/-char/ja/
0.952819824,0.511127883,0.555776892,0.268693026,0.953046197,0.209163347,0.189243028,1000100001,https://www.jstage.jst.go.jp/article/matertrans1989/31/8/31_8_743/_article/-char/ja/
1.182647705,1.142965018,1.206981127,1.383300528,1.249550821,1.517230844,1.452333136,1000100011,https://www.jstage.jst.go.jp/article/matertrans1989/32/6/32_6_551/_article/-char/ja/
1.014312744,0.829129412,0.912569966,0.604319317,1.081197484,0.604171302,0.614969201,1000100011,https://www.jstage.jst.go.jp/article/matertrans1989/32/6/32_6_551/_article/-char/ja/
1.278961182,1.320937817,1.484096982,1.502161837,1.346003253,1.517230844,1.498202683,1000100011,https://www.jstage.jst.go.jp/article/matertrans1989/32/6/32_6_551/_article/-char/ja/
1.101959229,0.991205935,0.912569966,1.065218726,1.168881514,0.959705773,0.670407561,1000100011,https://www.jstage.jst.go.jp/article/matertrans1989/32/6/32_6_551/_article/-char/ja/
0.837310791,0.553284503,0.626380334,0.478287094,0.904075745,0.490158856,0.593764239,1000100011,https://www.jstage.jst.go.jp/article/matertrans1989/32/6/32_6_551/_article/-char/ja/
1.545440674,1.682515409,1.541436728,1.561101831,1.612562702,1.626857739,1.607830563,1000100011,https://www.jstage.jst.go.jp/article/matertrans1989/32/6/32_6_551/_article/-char/ja/
1.366729736,1.448257768,1.504894102,1.506431432,1.433687282,1.508382804,1.501755126,1000100011,https://www.jstage.jst.go.jp/article/matertrans1989/32/6/32_6_551/_article/-char/ja/
1.454376221,1.565196622,1.541436728,1.552474809,1.521371311,1.508382804,1.514724496,1000100011,https://www.jstage.jst.go.jp/article/matertrans1989/32/6/32_6_551/_article/-char/ja/
1.113494873,1.125458324,1.229168798,1.102176071,1.169111227,1.16719582,1.010012788,1100100001,https://www.jstage.jst.go.jp/article/matertrans1989/36/5/36_5_689/_article/-char/ja/
1.488769531,1.676811034,1.575662801,1.574161244,1.496453183,1.564831571,1.563624327,1100100001,https://www.jstage.jst.go.jp/article/matertrans1989/36/5/36_5_689/_article/-char/ja/
1.483795166,1.66005433,1.575662801,1.574161244,1.506582855,1.564831571,1.5902429,1100100001,https://www.jstage.jst.go.jp/article/matertrans1989/36/5/36_5_689/_article/-char/ja/
1.237640381,1.254501482,1.229168798,1.41702432,1.279665595,1.524742015,1.305,1100100001,https://www.jstage.jst.go.jp/article/matertrans1989/36/5/36_5_689/_article/-char/ja/
1.027984619,0.970193523,0.911941071,0.553840736,1.050625902,0.589948611,0.594055337,1100100001,https://www.jstage.jst.go.jp/article/matertrans1989/36/5/36_5_689/_article/-char/ja/
1.034667969,0.978615684,0.888876206,0.475272757,1.042249912,0.589948611,0.594055337,1100100001,https://www.jstage.jst.go.jp/article/matertrans1989/36/5/36_5_689/_article/-char/ja/
1.12979126,1.160787531,1.523354032,1.516154769,1.152339376,1.517230844,1.547712538,1100100001,https://www.jstage.jst.go.jp/article/matertrans1989/36/5/36_5_689/_article/-char/ja/
1.299713135,1.320503679,1.440008525,1.41702432,1.334942779,1.524742015,1.372493606,1100100001,https://www.jstage.jst.go.jp/article/matertrans1989/36/5/36_5_689/_article/-char/ja/
1.134765625,1.165879532,1.502085046,1.524132519,1.142209705,1.517230844,1.478517944,1100100001,https://www.jstage.jst.go.jp/article/matertrans1989/36/5/36_5_689/_article/-char/ja/
1.394439697,1.545793317,1.578828417,1.561504816,1.417145145,1.5717003,1.573121176,1100100001,https://www.jstage.jst.go.jp/article/matertrans1989/36/5/36_5_689/_article/-char/ja/
1.220855713,1.322413841,1.530080967,1.52250809,1.243530767,1.517230844,1.543831614,1100100001,https://www.jstage.jst.go.jp/article/matertrans1989/36/5/36_5_689/_article/-char/ja/
1.301422119,1.426950164,1.564736005,1.534047912,1.324200074,1.5717003,1.566386631,1100100001,https://www.jstage.jst.go.jp/article/matertrans1989/36/5/36_5_689/_article/-char/ja/
1.303375244,1.429202923,1.575792834,1.523684995,1.325953754,1.5717003,1.58398977,1100100001,https://www.jstage.jst.go.jp/article/matertrans1989/36/5/36_5_689/_article/-char/ja/
1.226074219,1.333990965,1.533619456,1.533383869,1.233401096,1.517230844,1.480024655,1100100001,https://www.jstage.jst.go.jp/article/matertrans1989/36/5/36_5_689/_article/-char/ja/
1.485931396,1.499059438,1.645196266,1.590316026,1.500774332,1.524742015,1.695025575,1000100001,https://www.jstage.jst.go.jp/article/matertrans1989/36/5/36_5_689/_article/-char/ja/
1.423858643,1.448042288,1.626040256,1.559229181,1.445497148,1.524742015,1.642531969,1100100001,https://www.jstage.jst.go.jp/article/matertrans1989/36/5/36_5_689/_article/-char/ja/
1.3046875,1.441567771,1.541137795,1.534047912,1.312316722,1.5717003,1.5770021,1100100001,https://www.jstage.jst.go.jp/article/matertrans1989/36/5/36_5_689/_article/-char/ja/
1.399414063,1.562550021,1.56995556,1.561504816,1.407015474,1.5717003,1.573121176,1100100001,https://www.jstage.jst.go.jp/article/matertrans1989/36/5/36_5_689/_article/-char/ja/
1.576416016,1.635120311,1.729859842,1.661496519,1.528381089,1.714822023,1.754347826,1100100010,https://www.nature.com/articles/s41598-018-19665-8
1.636352539,1.722806871,1.708270408,1.756102114,1.609780647,1.732173913,1.745652174,1100110010,https://www.nature.com/articles/s41598-018-19665-8
1.701293945,1.725614342,1.716594203,1.731601476,1.696361815,1.732173913,1.718695652,1100110010,https://www.nature.com/articles/s41598-018-19665-8
1.769287109,1.720668432,1.711380056,1.699672988,1.786397388,1.672986814,1.685434783,1100110010,https://www.nature.com/articles/s41598-018-19665-8
1.844512939,1.736605223,1.685942834,1.678049911,1.883917508,1.672986814,1.672173913,1000110010,https://www.nature.com/articles/s41598-018-19665-8
1.140777588,0.997914647,0.879627569,1.2265241,1.216569966,1.524742015,1.006599942,1000100001,https://www.sciencedirect.com/science/article/pii/0304885394905592
1.228424072,1.140741198,1.187402434,1.43949513,1.304253996,1.524742015,1.210016992,1000100001,https://www.sciencedirect.com/science/article/pii/0304885394905592
1.600646973,1.266670371,1.320181801,1.201381958,1.489182361,1.524742015,0.989649385,1000100001,https://www.sciencedirect.com/science/article/pii/0304885394905592
1.320404053,1.198238033,1.452551255,1.278592821,1.334797137,1.524742015,1.315947615,1000100001,https://www.sciencedirect.com/science/article/pii/0304885394905592
1.316070557,1.266857201,1.345617998,1.48230217,1.391938025,1.524742015,1.345590368,1000100001,https://www.sciencedirect.com/science/article/pii/0304885394905592
1.408050537,1.360721484,1.450136074,1.529937732,1.422481166,1.524742015,1.493897385,1000100001,https://www.sciencedirect.com/science/article/pii/0304885394905592
1.688293457,1.409321459,1.320181801,1.499146268,1.576866391,1.524742015,1.438808073,1000100001,https://www.sciencedirect.com/science/article/pii/0304885394905592
1.495697021,1.51695436,1.645196266,1.58450591,1.510165196,1.524742015,1.540563223,1000100001,https://www.sciencedirect.com/science/article/pii/0304885394905592
1.774230957,1.52247594,1.509654182,1.549510258,1.66279674,1.524742015,1.532087944,1000100001,https://www.sciencedirect.com/science/article/pii/0304885394905592
1.403717041,1.350555361,1.396688334,1.505764938,1.479622054,1.524742015,1.481246633,1000100001,https://www.sciencedirect.com/science/article/pii/0304885394905592
1.583343506,1.652431822,1.59966016,1.591212609,1.597849225,1.524742015,1.608417257,1000100001,https://www.sciencedirect.com/science/article/pii/0304885394905592
1.886535645,1.66023208,1.535253853,1.567562789,1.775032297,1.524742015,1.56434493,1000100001,https://www.sciencedirect.com/science/article/pii/0304885394905592
1.860168457,1.626917682,1.551499801,1.567562789,1.748727088,1.524742015,1.55806653,1000100001,https://www.sciencedirect.com/science/article/pii/0304885394905592
1.0496521,0.851933952,0.879627569,0.738522551,1.125378576,0.724736174,0.422265774,1000100001,https://www.sciencedirect.com/science/article/pii/0304885394905592
1.491363525,1.43603082,1.396688334,1.505764938,1.567306084,1.524742015,1.363228,1000100001,https://www.sciencedirect.com/science/article/pii/0304885394905592
1.949523926,1.742888686,1.535253853,1.567562789,1.838164798,1.524742015,1.483350099,1000100001,https://www.sciencedirect.com/science/article/pii/0304885394905592
1.67098999,1.765312081,1.606380718,1.591212609,1.685533254,1.524742015,1.560724898,1000100001,https://www.sciencedirect.com/science/article/pii/0304885394905592
1.0546875,1.091534899,1.146666667,1.065035947,1.036235333,1.103333333,1.13,1101100011,https://www.sciencedirect.com/science/article/pii/S0022309314006759
1.106781006,1.090911863,1.216666667,1.21290424,1.079538834,1.216666667,1.23,1100100011,https://www.sciencedirect.com/science/article/pii/S0022309314006759
1.094818115,1.093032853,1.216666667,1.21290424,1.069266077,1.216666667,1.22,1101100011,https://www.sciencedirect.com/science/article/pii/S0022309314006759
1.084503174,1.093014861,1.196666667,1.21290424,1.060720524,1.216666667,1.2,1101100011,https://www.sciencedirect.com/science/article/pii/S0022309314006759
1.073638916,1.093709864,1.17,1.114956887,1.051599236,1.09,1.17,1101100011,https://www.sciencedirect.com/science/article/pii/S0022309314006759
1.064422607,1.092265885,1.146666667,1.080854274,1.044205152,1.103333333,1.14,1101100011,https://www.sciencedirect.com/science/article/pii/S0022309314006759
0.51348877,0.693750271,0.824086334,0.82570414,0.619275954,0.794675941,0.8,1000100111,https://www.sciencedirect.com/science/article/pii/S0921452604009469?via%3Dihub
0.864074707,0.918023587,0.895400371,0.906535356,0.970012072,0.849350557,0.85,1000100111,https://www.sciencedirect.com/science/article/pii/S0921452604009469?via%3Dihub
0.585876465,0.748024331,0.848716876,0.912912097,0.669557176,0.873075314,0.873214286,1100100111,https://www.sciencedirect.com/science/article/pii/S0921452604009469?via%3Dihub
0.688781738,0.822623565,0.974685541,0.929080741,0.794644013,0.870147292,0.885714286,1000100111,https://www.sciencedirect.com/science/article/pii/S0921452604009469?via%3Dihub
0.936462402,0.970865896,0.941213179,0.929542072,1.020293293,0.986819769,0.9875,1100100111,https://www.sciencedirect.com/science/article/pii/S0921452604009469?via%3Dihub
0.761169434,0.880805926,1.065326616,1.121372934,0.844925235,1.155132781,1.155357143,1100100111,https://www.sciencedirect.com/science/article/pii/S0921452604009469?via%3Dihub
1.541748047,1.699801271,1.733641161,1.737104318,1.527029841,1.72519789,1.720448549,1100100010,https://www.sciencedirect.com/science/article/pii/S0925838817321278
1.568115234,1.715569983,1.750351803,1.73736817,1.55333505,1.745976253,1.730474934,1100100010,https://www.sciencedirect.com/science/article/pii/S0925838817321278
1.594482422,1.729086266,1.755277045,1.739190007,1.579640258,1.745976253,1.740501319,1100100010,https://www.sciencedirect.com/science/article/pii/S0925838817321278
1.620605469,1.737066002,1.758619173,1.739190007,1.605945467,1.745976253,1.74525066,1100100010,https://www.sciencedirect.com/science/article/pii/S0925838817321278
1.664550781,1.740180402,1.758619173,1.750857388,1.649787482,1.745976253,1.750527704,1100100010,https://www.sciencedirect.com/science/article/pii/S0925838817321278
1.533111572,1.692218181,1.733641161,1.749786743,1.520211491,1.72519789,1.72994723,1100100010,https://www.sciencedirect.com/science/article/pii/S0925838817321278
1.55947876,1.708131189,1.750351803,1.75056071,1.546516699,1.745976253,1.75,1100100010,https://www.sciencedirect.com/science/article/pii/S0925838817321278
1.585845947,1.721647472,1.755277045,1.752382547,1.572821908,1.745976253,1.75,1100100010,https://www.sciencedirect.com/science/article/pii/S0925838817321278
1.611968994,1.728362388,1.758619173,1.752382547,1.599127117,1.745976253,1.750527704,1100100010,https://www.sciencedirect.com/science/article/pii/S0925838817321278
1.655914307,1.731423466,1.758619173,1.75807478,1.642969132,1.745976253,1.750527704,1100100010,https://www.sciencedirect.com/science/article/pii/S0925838817321278
1.636810303,1.717946683,1.764248021,1.770345213,1.62851406,1.770782585,1.767414248,1100100010,https://www.sciencedirect.com/science/article/pii/S0925838817321278
1.515625,1.683202153,1.683509235,1.692419919,1.500724632,1.66530343,1.660290237,1100100010,https://www.sciencedirect.com/science/article/pii/S0925838817321278
1.506988525,1.675619062,1.683509235,1.698395067,1.493906282,1.66530343,1.670316623,1100100010,https://www.sciencedirect.com/science/article/pii/S0925838817321278
1.648376465,1.726458674,1.764248021,1.771756471,1.63730225,1.770782585,1.774802111,1100100010,https://www.sciencedirect.com/science/article/pii/S0925838817321278
1.59286499,1.715306082,1.767062445,1.760247618,1.584672045,1.770782585,1.770580475,1100100010,https://www.sciencedirect.com/science/article/pii/S0925838817321278
1.604431152,1.723526654,1.767062445,1.761658877,1.593460235,1.770782585,1.780079156,1100100010,https://www.sciencedirect.com/science/article/pii/S0925838817321278
1.566741943,1.71135777,1.764951627,1.760247618,1.558366837,1.770782585,1.769525066,1100100010,https://www.sciencedirect.com/science/article/pii/S0925838817321278
1.540374756,1.697841488,1.760202287,1.760247618,1.532061628,1.770782585,1.760026385,1100100010,https://www.sciencedirect.com/science/article/pii/S0925838817321278
1.499450684,1.671712546,1.700043975,1.721244569,1.4882394,1.714907652,1.719920844,1100100010,https://www.sciencedirect.com/science/article/pii/S0925838817321278
1.514007568,1.681532746,1.740149516,1.750473707,1.505756419,1.74525066,1.739973615,1100100010,https://www.sciencedirect.com/science/article/pii/S0925838817321278
1.578308105,1.717900804,1.764951627,1.761658877,1.567155026,1.770782585,1.775329815,1100100010,https://www.sciencedirect.com/science/article/pii/S0925838817321278
1.52557373,1.688311665,1.740149516,1.750473707,1.514544609,1.74525066,1.750527704,1100100010,https://www.sciencedirect.com/science/article/pii/S0925838817321278
1.551940918,1.704384521,1.760202287,1.761658877,1.540849818,1.770782585,1.770580475,1100100010,https://www.sciencedirect.com/science/article/pii/S0925838817321278
1.487884521,1.664933628,1.700043975,1.721244569,1.47945121,1.714907652,1.709894459,1100100010,https://www.sciencedirect.com/science/article/pii/S0925838817321278
