kNN,Linear Regression,Tree,Neural Network,Random Forest,SVM,LogPermeability,Composition ID,Reference DOI
continuous,continuous,continuous,continuous,continuous,continuous,continuous,string,string
,,,,,,class,meta,meta
11.4440207735,9.70882409537,11.127775275,10.2753398766,11.3892225342,9.93058533955,11.3681137569,1100100011,10.1016/j.jallcom.2006.12.133
11.6715423747,9.7957316935,11.4569068625,10.5421788676,11.5155974163,10.0586707902,11.4596809504,1100100011,10.1016/j.jallcom.2006.12.133
11.6715423747,9.90814429015,11.4569068625,10.7339333336,10.9646805125,10.1913545498,11.7410934097,1100100011,10.1016/j.jallcom.2006.12.133
11.6715423747,9.85193799183,11.4569068625,10.6060458769,11.5155974163,10.12501267,11.8138527641,1100100011,10.1016/j.jallcom.2006.12.133
9.9180048788,8.47914438485,10.1925523927,9.81092494661,9.36025827332,8.44821014469,9.68034400122,1100110010,10.1063/1.3058624
9.9180048788,8.5381848167,10.1925523927,9.79375270335,9.26436584955,8.51264376813,10.1266311039,1100110010,10.1063/1.3058624
9.39725970281,8.52029143175,9.39725970281,9.1931776183,9.33013228792,8.35033168539,9.21034037198,1100100001,10.1063/1.342149
10.8712178605,9.29777923576,10.9417093068,10.9367893221,10.9720930725,9.46462252642,10.8818136753,1100100011,10.1063/1.342149
10.9880278208,9.69475979628,11.4569068625,12.0964297845,11.0261292921,9.90513877542,11.2252433925,1100100011,10.1063/1.342149
11.1678388977,9.79088601003,11.4569068625,10.6094103095,11.1981651335,9.98304006441,11.512925465,1100100011,10.1063/1.342149
11.4363172575,10.4433191334,11.4569068625,11.6067842208,11.1981651335,10.7066435199,11.5424842672,1100100011,10.1063/1.342149
10.1250701212,8.72925278298,10.1925523927,10.7083363577,9.36025827332,8.70981587295,10.0858091093,1100110010,10.1063/1.3535169
10.1643311331,8.80174530942,10.1925523927,10.5751585917,9.36025827332,8.79628154684,10.203592145,1100110010,10.1063/1.3535169
5.0941793341,8.3120410354,5.30393673529,6.38276175335,5.30253741352,8.27489458388,3.69247548065,1100100001,10.1109/20.104389
3.88397121044,8.29928853615,3.97971907533,6.03942622736,4.48519262047,8.27259542941,3.72953903545,1100100001,10.1109/20.104389
4.59435961321,8.2865360369,3.97971907533,5.82267746829,4.33422824858,8.27029627493,4.22989911521,1100100001,10.1109/20.104389
4.35033558988,8.32479353466,4.67926564449,6.73753951313,5.59222647292,8.27719373836,4.67466453172,1100100001,10.1109/20.104389
4.35033558988,8.32479353466,4.67926564449,6.73753951313,5.59222647292,8.27719373836,4.68386675726,1100100001,10.1109/20.104389
6.04918005125,8.27378353764,6.10861941448,5.61435331216,5.98317377652,8.26799712046,5.82364068897,1100100001,10.1109/20.104389
6.04918005125,8.27378353764,6.10861941448,5.61435331216,5.98317377652,8.26799712046,5.85164312796,1100100001,10.1109/20.104389
5.98740710703,8.23552603988,6.10861941448,4.91431166559,6.05392811462,8.26109965703,6.28693750415,1100100001,10.1109/20.104389
7.18193447734,8.33754603391,6.42486128644,7.12516632189,6.77083286637,8.27949289283,6.39812876932,1100100001,10.1109/20.104389
7.18193447734,8.33754603391,6.42486128644,7.12516632189,6.77083286637,8.27949289283,6.45159380355,1100100001,10.1109/20.104389
6.04918005125,8.27378353764,6.10861941448,5.61435331216,5.98317377652,8.26799712046,6.47225633682,1100100001,10.1109/20.104389
6.6887604954,9.62471886122,5.87850954799,8.76509516716,6.64297906117,9.91519017267,6.56491561324,1100100011,10.1109/20.104389
10.1399197074,9.64639810995,9.70055249848,9.36625261182,10.5879125735,9.91909873528,8.39957091784,1100100011,10.1109/20.104389
9.36037881359,9.78667560174,9.31437140683,9.89037019675,9.47422257805,9.9443894345,8.5848897831,1100100011,10.1109/20.104389
7.18193447734,8.34774803331,8.86286772786,7.43601239002,8.05016290669,8.28133221641,8.69608085916,1100100001,10.1109/20.104389
8.05910975309,8.37580353167,8.86286772786,8.28317305726,8.77320353755,8.28639035626,9.02965459656,1100100001,10.1109/20.104389
9.42165209701,9.76117060323,9.84003325396,10.0063850506,9.85263728772,9.93979112555,9.93771650061,1100100011,10.1109/20.104389
11.0373174604,9.67190310846,11.4569068625,10.0734966643,11.2402759519,9.92369704423,10.2156945406,1100100011,10.1109/20.104389
11.046948787,9.61403439247,11.127775275,11.3393436217,11.0682401105,9.85269321865,10.225914605,1100100011,10.1109/20.104389
11.3996319733,9.71016060622,11.127775275,10.229223075,11.2402759519,9.93059450765,11.2349473564,1100100011,10.1109/20.104389
10.7165068866,9.73566560472,11.127775275,10.1223999044,11.1894079026,9.9351928166,11.2349473564,1100100011,10.1109/20.104389
11.0373174604,9.68465560771,11.4569068625,10.1921620769,11.2402759519,9.9259961987,11.3090748523,1100100011,10.1109/20.104389
11.3996319733,9.71016060622,11.127775275,10.229223075,11.2402759519,9.93059450765,11.3156291046,1100100011,10.1109/20.104389
10.9704060556,9.80279642762,11.127775275,11.0708163067,11.1981651335,9.9776090929,10.1363833953,1100100011,10.1109/20.42291
10.9704060556,9.80279642762,11.127775275,11.0708163067,11.1981651335,9.9776090929,10.4463215913,1100100011,10.1109/20.42291
10.9704060556,9.80279642762,11.127775275,11.0708163067,11.1981651335,9.9776090929,11.336471009,1100100011,10.1109/20.42291
10.2125153685,9.82853915185,10.547386448,9.75454900909,10.8797090462,9.93073130636,10.5050675396,1100100011,10.1109/TJMJ.1990.4564397
10.7114639793,9.84858681462,10.547386448,9.61432697012,10.8797090462,9.93086882791,10.652542365,1100100011,10.1109/TJMJ.1990.4564397
11.0642230599,9.97611180716,10.547386448,10.6294537326,11.1707126956,9.95386037266,10.9313196591,1100100011,10.1109/TJMJ.1990.4564397
10.2125153685,9.82007458312,10.547386448,9.9380979531,10.9863441806,9.9306732417,10.9767820332,1100100011,10.1109/TJMJ.1990.4564397
11.0642230599,9.94759957565,10.547386448,11.2072403368,11.27734783,9.95366478645,11.1079602319,1100100011,10.1109/TJMJ.1990.4564397
11.0642230599,9.95606414438,10.547386448,11.0225945118,11.1707126956,9.95372285111,11.1533892888,1100100011,10.1109/TJMJ.1990.4564397
11.352312172,10.2111141294,10.547386448,11.2952309437,11.2683478095,9.99970594061,11.3433226806,1100100011,10.1109/TJMJ.1990.4564397
11.352312172,10.2267067561,10.547386448,11.1592113086,11.2670051625,9.99981290181,11.3468708806,1100100011,10.1109/TJMJ.1990.4564397
10.0464178637,10.5563794328,10.547386448,12.3128019527,11.2887161864,10.0020743674,11.3539297335,1100100011,10.1109/TJMJ.1990.4564397
11.3488217387,10.2712571178,10.547386448,11.2214283269,11.2887161864,10.0001185053,11.3562716549,1100100011,10.1109/TJMJ.1990.4564397
11.352312172,10.2026495607,10.547386448,11.36002133,11.3444852158,9.99964787595,11.3667429548,1100100011,10.1109/TJMJ.1990.4564397
10.7044448723,10.9127823267,10.547386448,10.8246579936,11.2887161864,10.004519195,11.3667429548,1100100011,10.1109/TJMJ.1990.4564397
10.1643311331,8.97425498914,10.1447006272,9.91637366708,9.30084457892,8.82966165337,10.0858091093,1100110010,10.1109/TMAG.2011.2175210
10.1643311331,8.98770708373,10.1447006272,9.80756071309,9.30084457892,8.85169370381,10.203592145,1100110010,10.1109/TMAG.2011.2175210
11.133413382,9.99591485647,10.6555262509,11.1645142867,11.373244935,10.0043846203,11.9183905731,1100100011,10.1109/TMAG.2011.2175210
7.17091362038,9.75259949979,4.29973994203,8.91040796984,6.92402287983,9.96709104698,2.99573227355,1100100011,10.1557/PROC-232-183
4.29973994203,9.71561725195,4.29973994203,7.98797571298,4.89635831738,9.960423499,4.60517018599,1100100011,10.1557/PROC-232-183
7.21050813237,9.70460218337,5.53845061936,8.76957209158,5.48269959243,9.95990560345,5.29831736655,1100100011,10.1557/PROC-232-183
8.31425784737,9.78155723491,4.29973994203,7.5630815357,5.60240708182,9.96728968922,5.29831736655,1100100011,10.1557/PROC-232-183
7.21050813237,9.70581617237,8.16660351529,8.99104089338,6.6452618732,9.96035626624,5.99146454711,1100100011,10.1557/PROC-232-183
10.053654105,9.73903393136,8.95597469178,9.72425912272,7.85907306983,9.96611332053,7.48211892355,1100100011,10.1557/PROC-232-183
8.31425784737,9.82108998259,9.82222808779,8.46826920655,10.052248357,9.9744170681,8.51719319142,1100100011,10.1557/PROC-232-183
8.98919634536,8.43018185532,8.84948987799,7.4848751087,7.47141446916,8.32650747808,8.68101127665,1100100001,10.1557/PROC-232-183
8.98919634536,8.44293435457,8.84948987799,7.8601976905,8.04080220468,8.32880663256,9.01796847933,1100100001,10.1557/PROC-232-183
9.58147449669,9.86522241304,9.70755814985,10.8269198903,9.41241001746,9.98909569718,9.10497985632,1100100011,10.1557/PROC-232-183
9.66297200084,10.0612994836,9.43192294066,10.1860975133,9.52811315778,10.0014991118,9.10497985632,1100100011,10.1557/PROC-232-183
9.21222669126,8.45568685382,9.30935579723,8.23552027231,9.24219820051,8.33110578703,9.2686092801,1100100001,10.1557/PROC-232-183
9.48942288015,9.91328099038,9.64325975975,10.3914532843,9.60170272382,9.99606039336,9.30565055178,1100100011,10.1557/PROC-232-183
9.33712450774,8.46843935308,9.30935579723,8.60769306036,9.24219820051,8.33340494151,9.35010231435,1100100001,10.1557/PROC-232-183
9.44384701694,8.48119185233,9.39725970281,8.86458596724,9.2108730781,8.33570409598,9.39266192877,1100100001,10.1557/PROC-232-183
9.29676790462,10.2204555673,10.6555262509,9.62093325402,9.52811315778,10.0070142311,9.39266192877,1100100011,10.1557/PROC-232-183
9.29676790462,10.1949505688,9.43192294066,9.10432918099,9.52811315778,10.0024159222,9.39266192877,1100100011,10.1557/PROC-232-183
9.55019673242,9.90481642165,9.64325975975,10.6248126061,9.60506387214,9.9960023287,9.5468126086,1100100011,10.1557/PROC-232-183
9.39725970281,8.49394435158,9.39725970281,9.04565238168,9.34211648373,8.33800325046,9.5887768077,1100100001,10.1557/PROC-232-183
9.57319435625,9.94133648873,9.64325975975,10.5367331464,9.53577167278,10.0011185332,9.61580548008,1100100011,10.1557/PROC-232-183
9.58147449669,9.86655892389,9.70755814985,10.7812686047,9.75330574924,9.98910486528,9.74096862304,1100100011,10.1557/PROC-232-183
10.0187554072,9.96774372401,9.64325975975,10.4499714878,9.56506095165,10.0008573446,9.74096862304,1100100011,10.1557/PROC-232-183
9.65358170852,9.93032142016,9.64325975975,10.7074689737,9.56679619411,10.0006006377,9.79812703688,1100100011,10.1557/PROC-232-183
9.66297200084,10.0357944851,9.43192294066,9.71819080323,9.59404420882,9.99690080287,9.79812703688,1100100011,10.1557/PROC-232-183
10.3315211826,9.33519465186,10.0373523311,10.7899057171,10.5123104442,9.46378986386,9.81109810324,1100100011,10.1557/PROC-232-183
10.0187554072,9.9422387255,9.64325975975,10.4181012496,9.63099200269,9.99625903561,9.85219425815,1100100011,10.1557/PROC-232-183
9.58147449669,9.86655892389,9.70755814985,10.7812686047,9.75330574924,9.98910486528,9.89847501071,1100100011,10.1557/PROC-232-183
9.66297200084,9.99753698737,9.70755814985,9.0304893401,9.97771131231,9.99000333944,10.0858091093,1100100011,10.1557/PROC-232-183
10.3315211826,9.32244215261,10.0373523311,10.8724134046,10.6430498225,9.46149070938,10.2636065589,1100100011,10.1557/PROC-232-183
11.0371582018,9.75178643061,9.70055249848,10.077881149,10.5879125735,9.968412475,10.3405159251,1100100011,10.1557/PROC-232-183
7.21050813237,9.70215191348,8.16660351529,9.04831115689,9.53129304426,9.95988879526,10.3417424835,1100100011,10.1557/PROC-232-183
10.4606453203,9.89760497811,10.7648708514,10.2078954752,10.2563895285,9.98821199495,10.4631033405,1100100011,10.1557/PROC-232-183
10.758998244,10.4679820502,11.127775275,11.5424076126,11.0649676874,10.7035117028,10.5464723779,1100100011,10.1557/PROC-232-183
10.9070342764,9.82696491528,11.127775275,11.000544366,11.1665244219,9.98219823375,10.6213273457,1100100011,10.1557/PROC-232-183
11.1513793383,9.83676599486,11.127775275,10.6650963365,11.1613273728,9.98226546651,10.7579028807,1100100011,10.1557/PROC-232-183
10.9602709799,9.84105392538,11.127775275,10.896794026,11.0649676874,9.98450655633,10.7810374561,1100100011,10.1557/PROC-232-183
10.8712178605,9.25867965634,10.9417093068,10.7300788521,10.9600109016,9.44999493701,10.8091621319,1100100011,10.1557/PROC-232-183
10.758998244,10.455229551,11.127775275,11.5102876271,11.0876724155,10.7012125484,10.8616301484,1100100011,10.1557/PROC-232-183
11.0485822612,10.4424770517,11.127775275,11.4694112499,11.1981651335,10.6989133939,10.8688922057,1100100011,10.1557/PROC-232-183
10.7297251427,9.30968965336,10.9417093068,10.9595081945,10.9720930725,9.45919155491,10.9198588858,1100100011,10.1557/PROC-232-183
10.936733811,9.28418465485,10.9417093068,10.9701141821,10.9720930725,9.45459324596,10.9226777742,1100100011,10.1557/PROC-232-183
10.9070342764,9.82830142613,11.127775275,10.9548014529,11.0876724155,9.98220740185,10.9681982895,1100100011,10.1557/PROC-232-183
10.9494155478,9.2969371541,10.9417093068,11.0341221706,10.9720930725,9.45689240043,11.0057099835,1100100011,10.1557/PROC-232-183
10.053654105,9.74413493106,8.95597469178,9.86570793323,10.2795348187,9.96703298232,11.034889664,1100100011,10.1557/PROC-232-183
10.885668229,9.86572372998,10.7648708514,9.51259879752,10.4692250614,9.98246410876,11.0666383623,1100100011,10.1557/PROC-232-183
11.5592673902,9.77506391103,11.4569068625,11.0365199287,11.3092498818,9.97299550378,11.097410021,1100100011,10.1557/PROC-232-183
10.2370315126,9.84021873147,9.82222808779,8.91648818636,10.2689780267,9.97786579981,11.1272629842,1100100011,10.1557/PROC-232-183
10.9070342764,9.82830142613,11.127775275,10.9548014529,11.0876724155,9.98220740185,11.131577194,1100100011,10.1557/PROC-232-183
11.4363172575,10.404219554,11.4569068625,11.3396742543,11.1981651335,10.6920159305,11.1751283511,1100100011,10.1557/PROC-232-183
11.4876582272,9.74955891252,11.4876582272,10.3292758762,11.0771319536,9.96839719483,11.184421398,1100100011,10.1557/PROC-232-183
11.5582815224,9.79213224747,11.4569068625,10.0066362513,11.1908408703,9.97421842585,11.2515607008,1100100011,10.1557/PROC-232-183
11.3508311651,9.81554892688,11.127775275,11.0128088798,11.1981651335,9.97990824738,11.2776587239,1100100011,10.1557/PROC-232-183
11.3631030992,9.80145991677,11.127775275,11.1165592198,11.3471117158,9.9775999248,11.3144745262,1100100011,10.1557/PROC-232-183
10.9704060556,9.80279642762,11.127775275,11.0708163067,11.1981651335,9.9776090929,11.3237847102,1100100011,10.1557/PROC-232-183
11.2918185964,10.4297245525,11.127775275,11.4285348727,11.1981651335,10.6966142394,11.4152244293,1100100011,10.1557/PROC-232-183
10.9704060556,9.80279642762,11.127775275,11.0708163067,11.1981651335,9.9776090929,11.4510500613,1100100011,10.1557/PROC-232-183
11.4876582272,9.74933616071,11.4876582272,10.3544153489,11.0771319536,9.96839566681,11.5424842672,1100100011,10.1557/PROC-232-183
11.7585463905,9.77729142912,11.4569068625,10.7851252015,11.1981651335,9.97301078395,11.5546430583,1100100011,10.1557/PROC-232-183
11.7650745392,9.79004392837,11.4569068625,11.0849382109,11.1981651335,9.97530993843,11.5742275043,1100100011,10.1557/PROC-232-183
11.4363172575,10.4118710535,11.4569068625,11.3713079446,11.1981651335,10.6933954231,11.5913391542,1100100011,10.1557/PROC-232-183
11.4259821842,9.73935691312,11.6215284443,10.0463782552,10.6424719496,9.96655787125,11.5991031612,1100100011,10.1557/PROC-232-183
11.4259821842,9.74024792035,11.6215284443,9.9458203643,10.4842083351,9.96656398332,11.6439537274,1100100011,10.1557/PROC-232-183
11.1817447622,9.76453892986,11.4569068625,10.4315031753,11.1981651335,9.97071162948,11.6500753031,1100100011,10.1557/PROC-232-183
11.7585463905,9.78366767874,11.4569068625,10.9619362147,11.1981651335,9.97416036119,11.6952470218,1100100011,10.1557/PROC-232-183
11.2458334754,9.81126099635,11.127775275,10.5334366385,11.1908408703,9.97766715756,11.7280368446,1100100011,10.1557/PROC-232-183
11.4876582272,9.75000441614,11.4876582272,10.2789969308,11.1149937877,9.96840025087,11.7360690163,1100100011,10.1557/PROC-232-183
11.6061353781,9.78233116789,11.4569068625,11.112773051,11.3471117158,9.97415119309,12.0257490914,1100100011,10.1557/PROC-232-183
5.63179588103,8.74268389952,10.547386448,5.81305072151,6.91183086642,8.7873957261,4.99527526384,1100100011,10.2320/matertrans1989.30.947
7.06608751462,8.86814621469,10.547386448,7.5874346238,7.72968532045,8.90645996131,7.17333268347,1100100011,10.2320/matertrans1989.30.947
5.40704910115,8.30652617549,10.547386448,6.19124402766,8.8016715842,8.32317122373,8.79913278737,1100100011,10.2320/matertrans1989.30.947
7.83707057056,8.70779218741,8.03760262911,7.11075838709,5.52718913664,8.91453084931,4.47265655253,1000100011,http://iopscience.iop.org/article/10.1143/JJAP.30.L1729/meta
5.90632812674,9.27782890403,5.90632812674,5.06959556703,7.42850441033,9.01730305434,4.9723863621,1000100011,http://iopscience.iop.org/article/10.1143/JJAP.30.L1729/meta
8.10977527037,9.59003675418,5.80045764793,6.44282701215,7.14582509836,9.92141314538,5.46754901475,1000100011,http://iopscience.iop.org/article/10.1143/JJAP.30.L1729/meta
8.28007756904,9.75363566516,5.80045764793,7.31858545956,6.78868641216,10.1068015699,6.1333662811,1000100011,http://iopscience.iop.org/article/10.1143/JJAP.30.L1729/meta
7.38482179206,9.1503039115,5.90632812674,7.44969855124,8.06086497691,8.99431150959,6.28505541532,1000100011,http://iopscience.iop.org/article/10.1143/JJAP.30.L1729/meta
5.90632812674,9.21406640777,5.90632812674,6.31287750749,7.66113261751,9.00580728196,6.4615426028,1000100011,http://iopscience.iop.org/article/10.1143/JJAP.30.L1729/meta
8.4553197543,10.2637356353,8.72024640857,8.28487809481,8.82897724512,10.1987677489,8.06654843487,1000100011,http://iopscience.iop.org/article/10.1143/JJAP.30.L1729/meta
9.03394089374,9.97261173178,8.72024640857,9.15088876326,8.96217300266,9.99038777963,8.23275628053,1000100011,http://iopscience.iop.org/article/10.1143/JJAP.30.L1729/meta
8.4553197543,10.199973139,8.72024640857,8.61774926421,8.82897724512,10.1872719766,8.52991801673,1000100011,http://iopscience.iop.org/article/10.1143/JJAP.30.L1729/meta
8.62467866838,10.1001367243,8.72024640857,8.50690418779,8.90658784792,10.0133793244,8.67570087644,1000100011,http://iopscience.iop.org/article/10.1143/JJAP.30.L1729/meta
8.7520441722,10.1362106428,8.72024640857,8.69646783209,8.88456239986,10.1757762042,8.7694928113,1000100011,http://iopscience.iop.org/article/10.1143/JJAP.30.L1729/meta
9.01949495499,10.0724481465,9.49206123471,9.24268412897,9.02423642845,10.1642804318,8.95672168857,1000100011,http://iopscience.iop.org/article/10.1143/JJAP.30.L1729/meta
8.62467866838,10.036374228,8.72024640857,8.8767683411,8.90658784792,10.001883552,8.96557884817,1000100011,http://iopscience.iop.org/article/10.1143/JJAP.30.L1729/meta
8.10977527037,9.65379925044,9.49206123471,8.04522111609,8.92173187878,9.93290891775,9.30565055178,1000100011,http://iopscience.iop.org/article/10.1143/JJAP.30.L1729/meta
8.28007756904,9.81739816142,9.49206123471,8.77300105909,8.84412127597,10.1182973423,9.30565055178,1000100011,http://iopscience.iop.org/article/10.1143/JJAP.30.L1729/meta
9.21348313391,10.0086856502,9.49206123471,9.5593070073,9.1964816028,10.1527846594,9.33227036511,1000100011,http://iopscience.iop.org/article/10.1143/JJAP.30.L1729/meta
9.36164786247,9.94492315396,9.49206123471,9.69771043106,9.2053125564,10.1412888871,9.35145734805,1000100011,http://iopscience.iop.org/article/10.1143/JJAP.30.L1729/meta
9.35277459136,9.88116065769,9.49206123471,9.56162643176,9.25228308383,10.1297931147,9.40121587424,1000100011,http://iopscience.iop.org/article/10.1143/JJAP.30.L1729/meta
8.39229939435,9.08654141523,9.49206123471,8.33951860964,8.92399350875,8.98281573721,9.40786735807,1000100011,http://iopscience.iop.org/article/10.1143/JJAP.30.L1729/meta
7.83707057056,8.7677289339,8.03760262911,7.93459625068,8.29175133895,8.92533687534,9.47270463644,1000100011,http://iopscience.iop.org/article/10.1143/JJAP.30.L1729/meta
9.52406225632,9.02277891897,9.49206123471,9.13648208611,8.97392267205,8.97131996484,9.48397540968,1000100011,http://iopscience.iop.org/article/10.1143/JJAP.30.L1729/meta
9.5232047873,9.71756174671,9.49206123471,9.36120047016,9.32989368664,9.94440469013,9.55612624458,1000100011,http://iopscience.iop.org/article/10.1143/JJAP.30.L1729/meta
9.53488501763,8.83149143017,9.49206123471,8.76013151935,9.39000276222,8.93683264771,9.56585052271,1000100011,http://iopscience.iop.org/article/10.1143/JJAP.30.L1729/meta
9.60409813922,8.89525392643,9.49206123471,9.5559446501,9.32102044919,8.94832842009,9.56609989374,1000100011,http://iopscience.iop.org/article/10.1143/JJAP.30.L1729/meta
9.57680643488,8.9590164227,9.49206123471,9.65662813746,9.18931817618,8.95982419246,9.68034400122,1000100011,http://iopscience.iop.org/article/10.1143/JJAP.30.L1729/meta
9.70036595403,9.78132424298,9.49206123471,10.1578217753,9.28292315921,9.9559004625,9.70783756553,1000100011,http://iopscience.iop.org/article/10.1143/JJAP.30.L1729/meta
9.81615305668,9.84508673924,9.49206123471,10.0641072525,9.27409220561,9.96739623488,9.83713405199,1000100011,http://iopscience.iop.org/article/10.1143/JJAP.30.L1729/meta
9.32445929502,9.90884923551,9.49206123471,9.41527309703,9.10184703126,9.97889200725,9.90348755254,1000100011,http://iopscience.iop.org/article/10.1143/JJAP.30.L1729/meta
8.3248224296,8.87034768989,8.21518047345,7.22169928265,8.24472538557,8.82919910237,7.40500922272,1110010110,https://aip.scitation.org/doi/abs/10.1063/1.350008
11.372757675,9.795767915,11.127775275,10.5861624148,11.1894079026,10.0168040886,11.4316625009,1101100011,https://doi.org/10.1016/S0304-8853(00)00132-3
11.4849376162,9.85587022527,11.127775275,11.1000792684,11.1894079026,10.0984153605,11.4516631676,1101100011,https://doi.org/10.1016/S0304-8853(00)00132-3
11.4849376162,9.91597253554,11.127775275,11.6207701204,11.1894079026,10.1800266325,11.5714871802,1101100011,https://doi.org/10.1016/S0304-8853(00)00132-3
11.3996319733,9.71016060622,11.127775275,10.229223075,11.2402759519,9.93059450765,11.6896883635,1100100011,https://doi.org/10.1016/S0304-8853(00)00132-3
7.65752320567,7.41530523232,8.64353075585,7.85847222445,7.83516500839,8.16193461262,3.24504869899,1000100001,https://doi.org/10.1016/S0921-5107(01)00934-5
7.80376621341,8.18096101122,8.64353075585,6.62514445533,8.19964378433,8.61868562508,5.5844477654,1000100001,https://doi.org/10.1016/S0921-5107(01)00934-5
7.89456700168,7.90627645357,8.64353075585,6.55337442816,8.35477757605,8.25045205991,6.8848254403,1000100001,https://doi.org/10.1016/S0921-5107(01)00934-5
7.89456700168,7.83741295761,8.64353075585,7.56500921422,8.49245666164,8.23803662574,7.97630072373,1000100001,https://doi.org/10.1016/S0921-5107(01)00934-5
7.80376621341,8.07128951764,8.64353075585,8.41258874905,8.76848722174,8.59891289659,8.55176816906,1000100001,https://doi.org/10.1016/S0921-5107(01)00934-5
8.65328183814,7.72519096418,8.64353075585,8.84358499516,8.76018989751,8.21780406636,8.82257484101,1000100001,https://doi.org/10.1016/S0921-5107(01)00934-5
9.26661856626,7.63847396925,8.64353075585,8.97602727798,8.91712169319,8.20216981593,9.16096994968,1000100001,https://doi.org/10.1016/S0921-5107(01)00934-5
9.2500194112,7.98967352242,8.64353075585,9.54518398863,8.92541901743,8.58419830795,9.27508270578,1000100001,https://doi.org/10.1016/S0921-5107(01)00934-5
7.65752320567,7.51094897672,8.64353075585,8.50821928594,9.28648186079,8.17917827118,9.81631090807,1000100001,https://doi.org/10.1016/S0921-5107(01)00934-5
7.65752320567,7.46248947956,8.64353075585,8.17861012392,9.29531281439,8.17044148418,9.91121000996,1000100001,https://doi.org/10.1016/S0921-5107(01)00934-5
10.1444878403,7.85449703033,8.64353075585,9.74536021198,9.33185079427,8.55982727052,9.92320735876,1000100001,https://doi.org/10.1016/S0921-5107(01)00934-5
10.1444878403,7.81113853287,8.64353075585,9.80956767985,9.475643003,8.5520101453,10.1665219551,1000100001,https://doi.org/10.1016/S0921-5107(01)00934-5
10.2918490372,7.76778003541,8.64353075585,9.87464979416,8.42400406714,8.54419302009,10.3437342071,1000100001,https://doi.org/10.1016/S0921-5107(01)00934-5
10.2918490372,7.72569678788,8.64353075585,9.90439706626,8.42400406714,8.53660581032,10.3652909494,1000100001,https://doi.org/10.1016/S0921-5107(01)00934-5
8.87701990211,9.32726503291,7.55208490747,8.92426701336,9.06710823496,9.30272179099,5.96857072735,1000100001,https://doi.org/10.1016/S0928-4931(02)00234-5
8.43153481688,7.92243498871,8.64353075585,8.27845259901,8.88679316401,7.8137399753,6.0999067294,1000100000,https://doi.org/10.1016/S0928-4931(02)00234-5
8.15443928039,8.98111564773,5.47137929822,7.93726372952,9.34670594636,9.07780865913,6.21597890064,1000100001,https://doi.org/10.1016/S0928-4931(02)00234-5
8.15443928039,9.01299689587,9.12366947026,8.53248472954,9.29222518999,9.08355654532,8.35038848331,1000100001,https://doi.org/10.1016/S0928-4931(02)00234-5
8.70107540637,8.30500996631,8.64353075585,8.97186880167,8.88679316401,7.88271460955,8.60134268104,1000100000,https://doi.org/10.1016/S0928-4931(02)00234-5
8.74784501605,9.45933436973,8.74784501605,8.77837921323,9.01591538916,9.16402695194,8.72457532139,1000100001,https://doi.org/10.1016/S0928-4931(02)00234-5
8.9574090774,8.17748497378,8.64353075585,8.92396100751,8.88679316401,7.8597230648,8.72457532139,1000100000,https://doi.org/10.1016/S0928-4931(02)00234-5
8.81883018721,8.24124747004,8.64353075585,8.85447243062,8.88679316401,7.87121883717,8.74225533993,1000100000,https://doi.org/10.1016/S0928-4931(02)00234-5
8.797561527,9.4274531216,8.74784501605,8.74816662594,9.01591538916,9.15827906575,8.74225533993,1000100001,https://doi.org/10.1016/S0928-4931(02)00234-5
8.82100264875,9.36706361987,8.77223668199,8.89313294499,8.93893614282,8.99193258967,8.75097949567,1000100001,https://doi.org/10.1016/S0928-4931(02)00234-5
8.70107540637,8.27312871818,8.64353075585,8.89975984948,8.88679316401,7.87696672336,8.75962819815,1000100000,https://doi.org/10.1016/S0928-4931(02)00234-5
8.74784501605,9.49121561787,8.74784501605,8.8210438205,9.01591538916,9.16977483813,8.77670438683,1000100001,https://doi.org/10.1016/S0928-4931(02)00234-5
8.88335139631,9.2076573792,8.90990812954,8.95094948566,8.9513751464,8.96319315873,8.77670438683,1000100001,https://doi.org/10.1016/S0928-4931(02)00234-5
8.82100264875,9.33518237173,8.77223668199,8.82750749364,8.93893614282,8.98618470348,8.79349386831,1000100001,https://doi.org/10.1016/S0928-4931(02)00234-5
8.93365112454,9.3318093772,8.90568713727,9.03078031302,9.03573126985,9.14103540719,8.8017840713,1000100001,https://doi.org/10.1016/S0928-4931(02)00234-5
9.00422673042,8.11372247751,8.64353075585,9.02492643055,8.88679316401,7.84822729242,8.85796735091,1000100000,https://doi.org/10.1016/S0928-4931(02)00234-5
8.93369402891,9.04825113853,8.90990812954,9.3571582333,8.95893003054,8.93445372779,8.85796735091,1000100001,https://doi.org/10.1016/S0928-4931(02)00234-5
8.90337681017,9.27141987547,8.90990812954,8.91733715912,8.9513751464,8.97468893111,8.86574192853,1000100001,https://doi.org/10.1016/S0928-4931(02)00234-5
8.93705479711,9.14389488293,8.90990812954,9.01049580192,8.95893003054,8.95169738636,8.88111206781,1000100001,https://doi.org/10.1016/S0928-4931(02)00234-5
8.90721195328,9.08013238667,8.90990812954,9.2282564836,8.95893003054,8.94020161398,8.88111206781,1000100001,https://doi.org/10.1016/S0928-4931(02)00234-5
8.85925679304,9.3033011236,8.90990812954,8.79678337505,8.95135309551,8.98043681729,8.91853458228,1000100001,https://doi.org/10.1016/S0928-4931(02)00234-5
8.88584422681,9.39557187347,8.90568713727,8.78583230055,9.03573126985,9.15253117957,8.92585391969,1000100001,https://doi.org/10.1016/S0928-4931(02)00234-5
8.85610007835,9.23953862733,8.90990812954,8.92186063644,8.9513751464,8.96894104492,8.92585391969,1000100001,https://doi.org/10.1016/S0928-4931(02)00234-5
8.86843744568,9.17577613107,8.90990812954,8.9815254063,8.9513751464,8.95744527254,8.94749588242,1000100001,https://doi.org/10.1016/S0928-4931(02)00234-5
8.80714589496,8.20936622191,8.64353075585,8.88921671906,8.88679316401,7.86547095099,8.95460702356,1000100000,https://doi.org/10.1016/S0928-4931(02)00234-5
8.94535486181,8.08184122938,8.64353075585,9.07661233482,8.88679316401,7.84247940624,8.9616679531,1000100000,https://doi.org/10.1016/S0928-4931(02)00234-5
8.91492685891,9.1120136348,8.90990812954,9.0993547339,8.95893003054,8.94594950017,8.98255644111,1000100001,https://doi.org/10.1016/S0928-4931(02)00234-5
8.90568713727,9.36369062533,8.90568713727,8.92201129964,9.03573126985,9.14678329338,8.98942342082,1000100001,https://doi.org/10.1016/S0928-4931(02)00234-5
8.96206033693,9.29992812907,9.10704492771,9.09789579094,9.03573126985,9.135287521,9.00974588151,1000100001,https://doi.org/10.1016/S0928-4931(02)00234-5
9.05890309663,8.04995998124,8.64353075585,9.12657640785,8.88679316401,7.83673152005,9.01642928143,1000100000,https://doi.org/10.1016/S0928-4931(02)00234-5
9.0185230355,9.0163698904,8.90990812954,9.486059983,8.99677375683,8.92870584161,9.062002668,1000100001,https://doi.org/10.1016/S0928-4931(02)00234-5
9.10704492771,9.26804688093,9.10704492771,9.16903395743,9.03573126985,9.12953963482,9.07465105797,1000100001,https://doi.org/10.1016/S0928-4931(02)00234-5
9.23883180279,8.98448864227,7.55208490747,9.6149617327,8.97442577616,8.92295795542,9.13559908758,1000100001,https://doi.org/10.1016/S0928-4931(02)00234-5
8.92519585318,8.14560372564,8.64353075585,8.97324052628,8.88679316401,7.85397517861,9.19304488724,1000100000,https://doi.org/10.1016/S0928-4931(02)00234-5
9.27048520927,8.01807873311,8.64353075585,9.1761932026,8.88679316401,7.83098363386,9.19861205536,1000100000,https://doi.org/10.1016/S0928-4931(02)00234-5
9.32944658321,9.70984001051,9.52136738431,9.32166115879,9.01797883532,9.37169642524,9.22599227339,1000100001,https://doi.org/10.1016/S0928-4931(02)00234-5
9.24581261554,9.2361656328,9.10704492771,9.30736042242,9.03573126985,9.12379174863,9.23673784364,1000100001,https://doi.org/10.1016/S0928-4931(02)00234-5
8.43153481688,7.94156373759,8.64353075585,8.60374969781,8.88679316401,7.81718870701,9.27860138012,1000100000,https://doi.org/10.1016/S0928-4931(02)00234-5
9.32944658321,9.67795876237,9.52136738431,9.34902160004,9.01797883532,9.36594853905,9.28879904665,1000100001,https://doi.org/10.1016/S0928-4931(02)00234-5
9.47038384603,9.20428438467,9.58720684722,9.44988190906,9.03573126985,9.11804386244,9.42604894501,1000100001,https://doi.org/10.1016/S0928-4931(02)00234-5
9.50899008434,9.58231501797,9.52136738431,9.34978227012,9.03874348038,9.34870488049,9.45653579157,1000100001,https://doi.org/10.1016/S0928-4931(02)00234-5
9.41336807437,9.64607751424,9.52136738431,9.37591614709,9.03874348038,9.36020065287,9.47354842958,1000100001,https://doi.org/10.1016/S0928-4931(02)00234-5
9.46928032267,9.61419626611,9.52136738431,9.36969330369,9.03874348038,9.35445276668,9.47775674686,1000100001,https://doi.org/10.1016/S0928-4931(02)00234-5
9.64103002362,8.95260739413,10.0440998995,9.7438634824,9.31428654829,8.91721006923,9.51889365279,1000100001,https://doi.org/10.1016/S0928-4931(02)00234-5
9.58759163064,9.51855252171,9.52136738431,9.58178032465,9.05200432359,9.33720910812,9.56996022062,1000100001,https://doi.org/10.1016/S0928-4931(02)00234-5
9.88069507542,8.79320115347,9.81155174619,8.82043031359,9.75669460637,8.88847063829,9.57759020526,1000100001,https://doi.org/10.1016/S0928-4931(02)00234-5
9.5397245756,9.55043376984,9.52136738431,9.46543287965,9.05200432359,9.3429569943,9.5926777146,1000100001,https://doi.org/10.1016/S0928-4931(02)00234-5
9.74277082409,7.98619748498,8.64353075585,9.14077731023,8.88679316401,7.82523574767,9.59641429102,1000100000,https://doi.org/10.1016/S0928-4931(02)00234-5
9.62530657497,9.48667127357,9.52136738431,9.61155202412,9.05200432359,9.33146122193,9.60013695671,1000100001,https://doi.org/10.1016/S0928-4931(02)00234-5
9.70946787328,9.45479002544,9.52136738431,9.58395422329,9.05200432359,9.32571333574,9.70582254757,1000100001,https://doi.org/10.1016/S0928-4931(02)00234-5
9.74277082409,7.97344498572,8.64353075585,9.11202457205,8.88679316401,7.8229365932,9.71580184015,1000100000,https://doi.org/10.1016/S0928-4931(02)00234-5
9.78929848638,9.17240313653,9.58720684722,9.5924033957,9.03573126985,9.11229597625,9.74836474943,1000100001,https://doi.org/10.1016/S0928-4931(02)00234-5
9.84083410514,9.42290877731,9.52136738431,9.55414289629,9.09166283455,9.31996544955,9.82244411555,1000100001,https://doi.org/10.1016/S0928-4931(02)00234-5
9.52800806224,9.044878144,9.12366947026,9.13003926931,9.29222518999,9.0893044315,9.89695045721,1000100001,https://doi.org/10.1016/S0928-4931(02)00234-5
9.63683318713,7.95431623684,8.64353075585,8.82061443034,8.88679316401,7.81948786149,9.91609634111,1000100000,https://doi.org/10.1016/S0928-4931(02)00234-5
10.1616443648,9.39102752917,10.3312444895,9.51946327309,9.09166283455,9.31421756337,9.99423565231,1000100001,https://doi.org/10.1016/S0928-4931(02)00234-5
10.1448073006,8.85696364973,10.0440998995,9.66390815472,9.65806387438,8.89996641067,10.0189817339,1000100001,https://doi.org/10.1016/S0928-4931(02)00234-5
9.88069507542,8.8250824016,9.81155174619,9.29125245684,9.6619695967,8.89421852448,10.0455132871,1000100001,https://doi.org/10.1016/S0928-4931(02)00234-5
10.0856510135,9.1405218884,10.2817578458,9.73492488234,9.04616766962,9.10654809007,10.1934817647,1000100001,https://doi.org/10.1016/S0928-4931(02)00234-5
10.0524726214,8.920726146,10.0440998995,9.8727652321,9.60358311801,8.91146218304,10.2685973305,1000100001,https://doi.org/10.1016/S0928-4931(02)00234-5
10.2817578458,9.10864064027,10.2817578458,9.84338239793,9.00009255136,9.10080020388,10.3151065264,1000100001,https://doi.org/10.1016/S0928-4931(02)00234-5
10.1829140766,9.07675939213,10.2817578458,9.72759380909,9.29222518999,9.09505231769,10.3366852462,1000100001,https://doi.org/10.1016/S0928-4931(02)00234-5
10.2191686484,8.88884489787,10.0440998995,9.87479156995,9.60358311801,8.90571429686,10.369926881,1000100001,https://doi.org/10.1016/S0928-4931(02)00234-5
8.87701990211,9.35914628104,10.3312444895,9.32041893279,9.15906460199,9.30846967718,10.6682533267,1000100001,https://doi.org/10.1016/S0928-4931(02)00234-5
9.44390536322,7.48869275489,8.64353075585,9.39342908482,9.29549769654,7.61616430896,9.39266192877,1000100001,https://doi.org/10.1016/S1359-6454(01)00274-9
10.4774151761,8.87872003339,10.1925523927,10.3970370464,9.20350682992,9.156741044,11.0186291432,1000100011,https://doi.org/10.1016/S1359-6454(01)00274-9
3.91102060321,8.74891322104,3.01052332502,3.90378862171,4.26168738505,9.48447169561,2.76757618042,1100100011,https://doi.org/10.1063/1.1565829
3.91102060321,8.87643821357,3.01052332502,3.66935484456,4.07467913721,9.50746324036,3.25347046963,1100100011,https://doi.org/10.1063/1.1565829
3.91102060321,8.62138822851,6.6208826374,5.75377068159,5.77578746794,9.46148015086,5.71201515958,1100100011,https://doi.org/10.1063/1.1565829
5.33644715174,8.36633824344,6.6208826374,5.99760392005,6.31420788478,9.41549706136,7.52975011521,1100100011,https://doi.org/10.1063/1.1565829
5.87850954799,9.62089311144,5.87850954799,8.65900855928,5.81877549745,9.91450042633,5.1504503852,1100100011,https://doi.org/10.4028/www.scientific.net/MSF.307.51
5.61639896763,9.59538811294,5.53845061936,8.01550098365,5.63163227408,9.90990211738,5.77858387217,1100100011,https://doi.org/10.4028/www.scientific.net/MSF.307.51
5.61639896763,9.60814061219,5.87850954799,8.3186340009,5.59950388094,9.91220127185,5.92016264552,1100100011,https://doi.org/10.4028/www.scientific.net/MSF.307.51
5.0941793341,8.3120410354,5.30393673529,6.38276175335,5.30253741352,8.27489458388,6.91539798992,1100100001,https://doi.org/10.4028/www.scientific.net/MSF.307.51
7.77180067294,9.6336456107,8.95597469178,9.01263058555,7.85907306983,9.9167995808,8.35091548775,1100100011,https://doi.org/10.4028/www.scientific.net/MSF.307.51
9.31437140683,9.79942810099,9.31437140683,9.85147206454,9.70439541061,9.94668858898,9.55853015706,1100100011,https://doi.org/10.4028/www.scientific.net/MSF.307.51
9.42165209701,9.76117060323,9.84003325396,10.0063850506,9.85263728772,9.93979112555,9.74235000731,1100100011,https://doi.org/10.4028/www.scientific.net/MSF.307.51
9.31437140683,9.8249330995,9.31437140683,9.92918260634,9.70439541061,9.95128689793,9.79969428033,1100100011,https://doi.org/10.4028/www.scientific.net/MSF.307.51
10.1399197074,9.64639810995,9.70055249848,9.36625261182,10.5879125735,9.91909873528,10.3615706525,1100100011,https://doi.org/10.4028/www.scientific.net/MSF.307.51
11.3136017888,9.72291310547,11.127775275,10.1769157721,11.2121126307,9.93289366213,10.9768568029,1100100011,https://doi.org/10.4028/www.scientific.net/MSF.307.51
11.0122007531,9.19154883344,10.9417093068,10.4979741752,11.0142038909,9.4075786607,11.1110333899,1100100011,https://doi.org/10.4028/www.scientific.net/MSF.307.51
11.3996319733,9.71016060622,11.127775275,10.229223075,11.2402759519,9.93059450765,11.2742602001,1100100011,https://doi.org/10.4028/www.scientific.net/MSF.307.51
11.2036592217,10.3243362318,11.127775275,10.6008995846,11.2402759519,10.6473004997,11.3268610301,1100100011,https://doi.org/10.4028/www.scientific.net/MSF.307.51
11.5274157578,9.69740810696,11.127775275,10.2596019639,11.2402759519,9.92829535318,11.4413401637,1100100011,https://doi.org/10.4028/www.scientific.net/MSF.307.51
11.5274157578,9.69740810696,11.127775275,10.2596019639,11.2402759519,9.92829535318,11.4512187463,1100100011,https://doi.org/10.4028/www.scientific.net/MSF.307.51
11.0373174604,9.67190310846,11.4569068625,10.0734966643,11.2402759519,9.92369704423,11.5871829882,1100100011,https://doi.org/10.4028/www.scientific.net/MSF.307.51
10.1399197074,9.6591506092,11.4569068625,9.71987463808,11.2402759519,9.92139788975,11.6586175518,1100100011,https://doi.org/10.4028/www.scientific.net/MSF.307.51
9.9180048788,8.62373359453,10.1925523927,9.34978818988,9.44369745647,8.66844585901,9.94703953134,1010010010,https://link.springer.com/article/10.1007%2Fs10854-015-2950-2
9.92613311731,9.25126752221,10.1925523927,10.6645122103,9.67948814809,9.31687264244,10.1226919271,1010010011,https://link.springer.com/article/10.1007%2Fs10854-015-2950-2
9.80115698928,9.1806233559,10.1925523927,9.99083007994,9.83466708262,9.25262081808,10.2183400017,1010010011,https://link.springer.com/article/10.1007%2Fs10854-015-2950-2
9.84265929027,8.84036474127,10.1925523927,10.3588020398,9.71621081895,8.88980070822,10.24719883,1010010011,https://link.springer.com/article/10.1007%2Fs10854-015-2950-2
8.6137545936,8.06360292526,10.1925523927,10.2761697933,9.88938265407,8.03661201094,10.275248134,1010010011,https://link.springer.com/article/10.1007%2Fs10854-015-2950-2
7.67115232968,8.58487844883,7.49560973822,7.7389977865,7.46677770869,8.82242702381,6.61443694621,1100100011,https://link.springer.com/article/10.1007%2Fs11664-016-4643-x
7.42904658683,9.34539035726,7.33776148617,7.9472335616,8.25036766742,9.46675665515,6.84623856029,1100100010,https://link.springer.com/article/10.1007%2Fs11664-016-4643-x
7.01035334651,9.30585760958,7.06859671515,7.56768326161,8.25422000226,9.45962927628,6.94467863311,1100100010,https://link.springer.com/article/10.1007%2Fs11664-016-4643-x
7.47491908811,8.75066093912,7.06859671515,7.7586549011,7.96091846545,8.85231603199,7.19251479718,1100100011,https://link.springer.com/article/10.1007%2Fs11664-016-4643-x
7.41282506262,9.28162786099,7.34468874494,7.40958378782,8.39075526204,9.45526088278,7.24014284612,1100100010,https://link.springer.com/article/10.1007%2Fs11664-016-4643-x
7.58101039951,9.24337036323,7.73410430116,7.19945954371,8.51307127309,9.44836341935,7.44923464377,1100100010,https://link.springer.com/article/10.1007%2Fs11664-016-4643-x
7.47491908811,8.72515594061,7.34468874494,7.66611455488,7.96091846545,8.84771772304,7.44923464377,1100100011,https://link.springer.com/article/10.1007%2Fs11664-016-4643-x
7.86275105312,8.66139344435,7.73410430116,7.70933588857,8.0832344765,8.83622195066,7.78300782338,1100100011,https://link.springer.com/article/10.1007%2Fs11664-016-4643-x
7.67175009685,8.68689844285,7.73410430116,7.71278838383,8.0832344765,8.84082025961,7.78300782338,1100100011,https://link.springer.com/article/10.1007%2Fs11664-016-4643-x
8.0606759554,8.63588844584,7.73410430116,7.70530817867,8.09427968468,8.83162364171,8.0222375126,1100100011,https://link.springer.com/article/10.1007%2Fs11664-016-4643-x
7.58101039951,9.25612286249,8.12349551589,7.26386430466,8.39075526204,9.45066257383,8.05365370865,1100100010,https://link.springer.com/article/10.1007%2Fs11664-016-4643-x
7.67115232968,8.61038344733,7.49560973822,7.72122835559,7.98728419214,8.82702533276,8.37678253022,1100100011,https://link.springer.com/article/10.1007%2Fs11664-016-4643-x
9.16348646605,9.23517360149,8.80397123507,8.49230393552,9.00355114216,9.58590121129,8.45567647272,1100100011,https://link.springer.com/article/10.1007%2Fs11664-016-4643-x
8.04156958859,9.37089535577,8.74024841662,8.29559760556,8.3282488052,9.4713549641,8.49622256708,1100100010,https://link.springer.com/article/10.1007%2Fs11664-016-4643-x
8.68856021105,9.39640035427,8.78472903303,8.64798806458,8.44150900665,9.47595327305,8.7822476384,1100100010,https://link.springer.com/article/10.1007%2Fs11664-016-4643-x
8.68856021105,9.42190535278,8.78472903303,8.88728725553,8.38592385191,9.480551582,8.78721042766,1100100010,https://link.springer.com/article/10.1007%2Fs11664-016-4643-x
8.9351704464,9.47747108731,8.94985218543,9.12578914999,9.04033717259,9.62958514632,8.82605026095,1100100011,https://link.springer.com/article/10.1007%2Fs11664-016-4643-x
8.9351704464,9.4519660888,8.98973053913,9.19503812406,9.17687243238,9.62498683737,8.91702203921,1100100011,https://link.springer.com/article/10.1007%2Fs11664-016-4643-x
7.8753412357,8.81442343539,8.74024841662,8.1657775163,8.2895289127,8.86381180436,8.98427426616,1100100011,https://link.springer.com/article/10.1007%2Fs11664-016-4643-x
9.1372157143,9.41370859104,8.98973053913,9.36236428508,9.29918844343,9.61808937394,9.06243903906,1100100011,https://link.springer.com/article/10.1007%2Fs11664-016-4643-x
8.93890880336,9.54123358357,8.94985218543,9.28097561057,9.03648483775,9.64108091869,9.07365410992,1100100011,https://link.springer.com/article/10.1007%2Fs11664-016-4643-x
9.16348646605,9.2606786,8.80397123507,9.09135539753,9.00355114216,9.59049952024,9.15226599742,1100100011,https://link.springer.com/article/10.1007%2Fs11664-016-4643-x
9.80451322392,9.74072826108,9.38231682656,9.98808727729,9.08748900362,9.84348241122,9.15569653257,1100100011,https://link.springer.com/article/10.1007%2Fs11664-016-4643-x
9.37830248816,9.67696576481,9.38231682656,9.53384075357,9.09134133846,9.83198663885,9.28106110598,1100100011,https://link.springer.com/article/10.1007%2Fs11664-016-4643-x
9.37830248816,9.6514607663,9.38231682656,9.59190597248,9.31300681002,9.8273883299,9.41647893537,1100100011,https://link.springer.com/article/10.1007%2Fs11664-016-4643-x
9.37543350958,9.38820359253,9.76059121296,9.46956291109,9.29918844343,9.61349106499,9.43218606464,1100100011,https://link.springer.com/article/10.1007%2Fs11664-016-4643-x
9.49160883142,9.61320326854,9.38231682656,9.68308496608,9.43532282107,9.82049086647,9.43736742313,1100100011,https://link.springer.com/article/10.1007%2Fs11664-016-4643-x
9.6447399815,9.58769827004,9.38231682656,9.78312999471,9.43532282107,9.81589255752,9.62098013576,1100100011,https://link.springer.com/article/10.1007%2Fs11664-016-4643-x
9.67985973664,9.36269859403,9.76059121296,9.5767615371,9.37688257569,9.60889275604,9.63167542504,1100100011,https://link.springer.com/article/10.1007%2Fs11664-016-4643-x
9.8984858374,9.53668827302,9.9346279631,10.0160531368,9.51301695333,9.80669593962,9.85906526703,1100100011,https://link.springer.com/article/10.1007%2Fs11664-016-4643-x
9.78530592946,9.56219327153,9.9346279631,9.90461213348,9.51301695333,9.81129424857,9.87587238559,1100100011,https://link.springer.com/article/10.1007%2Fs11664-016-4643-x
9.91303152504,9.31168859701,9.76059121296,9.77605831131,9.37688257569,9.59969613814,9.88085992687,1100100011,https://link.springer.com/article/10.1007%2Fs11664-016-4643-x
9.63854761743,9.28618359851,9.76059121296,9.69870097669,9.37688257569,9.59509782919,9.882516928,1100100011,https://link.springer.com/article/10.1007%2Fs11664-016-4643-x
9.95530982597,9.48567827601,9.9346279631,9.2098998058,9.51301695333,9.79749932172,9.9102738122,1100100011,https://link.springer.com/article/10.1007%2Fs11664-016-4643-x
9.90995297961,9.51118327451,9.9346279631,9.80889206315,9.51301695333,9.80209763067,9.96051985959,1100100011,https://link.springer.com/article/10.1007%2Fs11664-016-4643-x
9.82941769072,9.33719359552,9.76059121296,9.68396016311,9.37688257569,9.60429444709,9.97571772025,1100100011,https://link.springer.com/article/10.1007%2Fs11664-016-4643-x
9.97077008879,9.4601732775,9.9346279631,8.6138393002,9.55738215016,9.79290101277,9.99513580612,1100100011,https://link.springer.com/article/10.1007%2Fs11664-016-4643-x
9.97077008879,9.43466827899,9.9346279631,8.0177787946,9.48831087629,9.78830270382,10.0069006481,1100100011,https://link.springer.com/article/10.1007%2Fs11664-016-4643-x
4.98873922172,8.25599591656,8.64353075585,5.21618247787,5.77788543988,8.13878935825,3.97389840911,1000100001,https://www.jstage.jst.go.jp/article/matertrans1989/31/8/31_8_743/_article/-char/ja/
4.98873922172,8.19223342029,8.64353075585,5.8359641648,5.77788543988,8.12729358588,4.37936351722,1000100001,https://www.jstage.jst.go.jp/article/matertrans1989/31/8/31_8_743/_article/-char/ja/
8.52336448633,8.17919615293,8.64353075585,9.21115076905,7.69354366266,8.26894899219,5.22666137782,1000100001,https://www.jstage.jst.go.jp/article/matertrans1989/31/8/31_8_743/_article/-char/ja/
6.62873286369,8.12847092403,8.64353075585,6.94047988808,7.41661488717,8.1157978135,6.61295573881,1000100001,https://www.jstage.jst.go.jp/article/matertrans1989/31/8/31_8_743/_article/-char/ja/
8.33265950201,8.06470842776,8.64353075585,8.13715847111,7.6829556066,8.10430204113,8.89387933504,1000100001,https://www.jstage.jst.go.jp/article/matertrans1989/31/8/31_8_743/_article/-char/ja/
9.37757301065,8.1749552648,8.64353075585,9.21666271749,8.47067625209,8.17422943708,9.12139288594,1000100001,https://www.jstage.jst.go.jp/article/matertrans1989/31/8/31_8_743/_article/-char/ja/
9.49400735771,7.93718343523,8.64353075585,9.1133904537,8.93942766648,8.08131049638,9.44406603235,1000100001,https://www.jstage.jst.go.jp/article/matertrans1989/31/8/31_8_743/_article/-char/ja/
8.07251333959,7.87342093896,8.64353075585,9.31859828666,8.77926445858,8.069814724,9.5468126086,1000100001,https://www.jstage.jst.go.jp/article/matertrans1989/31/8/31_8_743/_article/-char/ja/
10.1122345366,8.34303533219,8.64353075585,9.26835582347,8.78947874198,8.3473304928,9.61580548008,1000100001,https://www.jstage.jst.go.jp/article/matertrans1989/31/8/31_8_743/_article/-char/ja/
8.86136670792,9.59338241014,9.49206123471,9.04449842852,9.24766861833,9.74165260151,8.22443157322,1000100011,https://www.jstage.jst.go.jp/article/matertrans1989/32/6/32_6_551/_article/-char/ja/
8.77413591869,9.71580640297,8.72024640857,8.70070005498,9.05806542644,9.76372448447,8.83846476686,1000100011,https://www.jstage.jst.go.jp/article/matertrans1989/32/6/32_6_551/_article/-char/ja/
9.2051710553,9.52324366424,9.49206123471,9.47379271585,9.30347009936,9.7290072519,9.10015713456,1000100011,https://www.jstage.jst.go.jp/article/matertrans1989/32/6/32_6_551/_article/-char/ja/
8.77413591869,9.6520439067,9.49206123471,8.75806534249,9.19773945503,9.7522287121,9.25951141598,1000100011,https://www.jstage.jst.go.jp/article/matertrans1989/32/6/32_6_551/_article/-char/ja/
9.19022693976,9.84460664543,8.72024640857,8.5389776143,8.79377135239,9.78694594467,9.47270463644,1000100011,https://www.jstage.jst.go.jp/article/matertrans1989/32/6/32_6_551/_article/-char/ja/
10.3542940964,9.32940567559,8.03760262911,9.48291012551,9.17656025263,9.69406010388,10.1674466984,1000100011,https://www.jstage.jst.go.jp/article/matertrans1989/32/6/32_6_551/_article/-char/ja/
9.99853090845,9.45948116798,9.49206123471,10.1352390872,9.30347009936,9.71751147953,10.2909244581,1000100011,https://www.jstage.jst.go.jp/article/matertrans1989/32/6/32_6_551/_article/-char/ja/
10.3542940964,9.39571867171,9.49206123471,10.3109644743,9.36327898832,9.70601570715,10.6045111327,1000100011,https://www.jstage.jst.go.jp/article/matertrans1989/32/6/32_6_551/_article/-char/ja/
5.7928568404,8.74268480728,5.47137929822,4.49683861241,6.71341029861,8.86332733252,4.72677969579,1100100001,https://www.jstage.jst.go.jp/article/matertrans1989/36/5/36_5_689/_article/-char/ja/
8.09213094478,8.10162129271,8.64353075585,8.2475760046,8.04076811294,8.28069454933,7.24520309457,1100100001,https://www.jstage.jst.go.jp/article/matertrans1989/36/5/36_5_689/_article/-char/ja/
7.88701560603,8.16197006507,8.64353075585,7.67708540196,8.04076811294,8.346130648,7.24520309457,1100100001,https://www.jstage.jst.go.jp/article/matertrans1989/36/5/36_5_689/_article/-char/ja/
7.00285646896,8.53842844369,8.64353075585,6.82883933564,8.83340265825,8.63900215369,7.65651556159,1100100001,https://www.jstage.jst.go.jp/article/matertrans1989/36/5/36_5_689/_article/-char/ja/
8.19138030209,8.49353504566,8.64353075585,7.80982331668,8.80576941652,8.40590866435,7.95979846789,1100100001,https://www.jstage.jst.go.jp/article/matertrans1989/36/5/36_5_689/_article/-char/ja/
8.25754654035,8.43191102337,8.64353075585,7.60442912869,8.80576941652,8.34024265023,8.15829718302,1100100001,https://www.jstage.jst.go.jp/article/matertrans1989/36/5/36_5_689/_article/-char/ja/
8.78025982292,8.41957054999,8.64353075585,8.97637290736,9.03244421765,8.39257356839,8.45604525537,1100100001,https://www.jstage.jst.go.jp/article/matertrans1989/36/5/36_5_689/_article/-char/ja/
8.5684751673,8.4363002619,8.64353075585,8.16458733105,8.83340265825,8.52683956427,8.62527414949,1100100001,https://www.jstage.jst.go.jp/article/matertrans1989/36/5/36_5_689/_article/-char/ja/
8.84642606137,8.35922177762,8.64353075585,8.88476015577,9.03244421765,8.32713746972,8.65454397014,1100100001,https://www.jstage.jst.go.jp/article/matertrans1989/36/5/36_5_689/_article/-char/ja/
8.73394345624,8.22700781126,8.64353075585,8.82174722679,8.77215467715,8.35785633582,9.17064062895,1100100001,https://www.jstage.jst.go.jp/article/matertrans1989/36/5/36_5_689/_article/-char/ja/
9.3559060962,8.35325755387,8.64353075585,9.55649928841,9.06408048058,8.38061796512,9.23019024325,1100100001,https://www.jstage.jst.go.jp/article/matertrans1989/36/5/36_5_689/_article/-char/ja/
9.52625392665,8.29459605731,8.64353075585,9.55672201384,9.06408048058,8.37004185454,9.40883908676,1100100001,https://www.jstage.jst.go.jp/article/matertrans1989/36/5/36_5_689/_article/-char/ja/
9.52625392665,8.29332080738,8.64353075585,9.5462425402,9.06408048058,8.36981193909,9.42363579083,1100100001,https://www.jstage.jst.go.jp/article/matertrans1989/36/5/36_5_689/_article/-char/ja/
9.4683887014,8.29290878151,8.64353075585,9.60141752173,9.06408048058,8.31518186645,9.4286889586,1100100001,https://www.jstage.jst.go.jp/article/matertrans1989/36/5/36_5_689/_article/-char/ja/
9.37757301065,8.12991571651,8.64353075585,9.00922541438,9.0619517807,8.19035179603,9.49114343218,1000100001,https://www.jstage.jst.go.jp/article/matertrans1989/36/5/36_5_689/_article/-char/ja/
9.55523675588,8.2320438983,8.64353075585,9.4484154314,9.06408048058,8.30251438544,9.49578757447,1100100001,https://www.jstage.jst.go.jp/article/matertrans1989/36/5/36_5_689/_article/-char/ja/
9.55030452119,8.23552253487,8.64353075585,9.75023362586,9.06408048058,8.30483567131,9.74628690236,1100100001,https://www.jstage.jst.go.jp/article/matertrans1989/36/5/36_5_689/_article/-char/ja/
8.73394345624,8.1666590389,8.64353075585,9.27782077285,8.7975163274,8.29242023715,9.7859866452,1100100001,https://www.jstage.jst.go.jp/article/matertrans1989/36/5/36_5_689/_article/-char/ja/
7.55650846759,7.77397557612,8.64353075585,7.01009031964,8.09675270276,7.63147423554,6.20842397106,1000100001,https://www.sciencedirect.com/science/article/pii/0304885394905592
7.55650846759,7.71021307985,8.64353075585,7.88892514557,8.32696592413,7.61997846316,7.48669691391,1000100001,https://www.sciencedirect.com/science/article/pii/0304885394905592
8.31562434882,8.47888511986,8.64353075585,7.87636226891,9.25022839279,8.35743616329,7.64357967336,1000100001,https://www.sciencedirect.com/science/article/pii/0304885394905592
8.25320955951,8.3628290297,8.64353075585,7.52077619295,8.99652749728,8.2626570805,8.03012432718,1000100001,https://www.sciencedirect.com/science/article/pii/0304885394905592
8.8085836916,7.64645058359,8.64353075585,8.77792553454,8.45866819714,7.60848269079,8.97440451781,1000100001,https://www.sciencedirect.com/science/article/pii/0304885394905592
8.79640601702,8.29906653343,8.64353075585,8.61398217494,9.01251835519,8.25116130813,9.08592467798,1000100001,https://www.sciencedirect.com/science/article/pii/0304885394905592
9.38004680472,8.4151226236,8.64353075585,8.82323577084,9.29038446881,8.34594039091,9.27316904591,1000100001,https://www.sciencedirect.com/science/article/pii/0304885394905592
9.47420743001,8.23530403716,8.64353075585,9.27664971164,9.05948888262,8.23966553575,9.52018271383,1000100001,https://www.sciencedirect.com/science/article/pii/0304885394905592
9.89014216252,8.35263537726,8.64353075585,9.43573060574,9.33735499624,8.33467453399,9.78104669028,1000100001,https://www.sciencedirect.com/science/article/pii/0304885394905592
8.8085836916,7.58268808732,8.64353075585,9.23113320267,8.98543506651,7.59698691841,9.96464964307,1000100001,https://www.sciencedirect.com/science/article/pii/0304885394905592
8.52336448633,8.1715415409,8.64353075585,9.45093656347,8.46407572004,8.22816976338,9.97423499772,1000100001,https://www.sciencedirect.com/science/article/pii/0304885394905592
10.1122345366,8.27101938203,8.64353075585,9.56389645243,9.11385156456,8.31995994535,10.3517010462,1000100001,https://www.sciencedirect.com/science/article/pii/0304885394905592
10.1122345366,8.29014813091,8.64353075585,9.52268890848,9.11385156456,8.32340867706,10.3691970834,1000100001,https://www.sciencedirect.com/science/article/pii/0304885394905592
8.675723693,8.93728310047,8.00119366582,8.78989547558,8.65843580323,8.68347161311,7.41470788971,1100110010,https://www.sciencedirect.com/science/article/pii/S0925838816313470
7.88521847928,8.91083935181,7.73410430116,7.53560953404,7.85700369867,9.11750623199,7.63303370265,1100110010,https://www.sciencedirect.com/science/article/pii/S0925838816313470
7.87161664341,9.06386934285,7.71139282679,8.04018647354,8.07653639371,9.14509608569,7.63891463742,1100110010,https://www.sciencedirect.com/science/article/pii/S0925838816313470
7.75069002187,9.03836434435,7.71139282679,7.9861765809,7.96327619226,9.14049777674,7.78387101615,1100110010,https://www.sciencedirect.com/science/article/pii/S0925838816313470
7.75069002187,9.00648309621,7.33776148617,7.92686275543,7.90372081925,9.13474989055,7.82928441204,1100110010,https://www.sciencedirect.com/science/article/pii/S0925838816313470
8.33112647976,7.99353391847,8.00119366582,8.05253856394,8.65843580323,7.58770491883,7.94861026722,1100110010,https://www.sciencedirect.com/science/article/pii/S0925838816313470
8.22769919768,8.08917766287,8.72024640857,8.33120380336,8.73834188908,7.60494857739,8.11513386644,1100110010,https://www.sciencedirect.com/science/article/pii/S0925838816313470
8.16561088213,8.121058911,8.72024640857,8.42306153413,8.73834188908,7.61069646358,8.16345739509,1100110010,https://www.sciencedirect.com/science/article/pii/S0925838816313470
8.29314894502,9.08937434136,8.21518047345,8.38047355737,8.182628489,9.14969439464,8.19206427665,1100110010,https://www.sciencedirect.com/science/article/pii/S0925838816313470
7.88521847928,8.94272059995,8.12349551589,7.80823510448,7.85700369867,9.12325411818,8.19333732314,1100110010,https://www.sciencedirect.com/science/article/pii/S0925838816313470
8.5094835338,8.14656390951,8.72024640857,8.5056152274,8.70233644754,7.61529477253,8.21824138486,1100110010,https://www.sciencedirect.com/science/article/pii/S0925838816313470
8.38663434617,8.05729641473,8.85382961565,8.27513271984,8.79282264545,7.5992006912,8.40450633152,1100110010,https://www.sciencedirect.com/science/article/pii/S0925838816313470
8.6831491888,9.08393684188,8.72024640857,8.86441513977,8.70233644754,8.70991188957,8.49370144972,1100110010,https://www.sciencedirect.com/science/article/pii/S0925838816313470
8.33112647976,8.0254151666,8.00119366582,8.21906163632,8.65843580323,7.59345280501,8.64026284054,1100110010,https://www.sciencedirect.com/science/article/pii/S0925838816313470
8.76358255406,9.05843184337,8.72024640857,8.91263992709,8.70233644754,8.70531358062,8.6647344773,1100110010,https://www.sciencedirect.com/science/article/pii/S0925838816313470
8.6831491888,9.10944184039,8.72024640857,8.87992022315,8.79616523232,8.71451019852,8.89101163939,1100110010,https://www.sciencedirect.com/science/article/pii/S0925838816313470
8.29314894502,9.11487933987,8.21518047345,8.71908709212,8.47372813259,9.15429270359,9.048467921,1100110010,https://www.sciencedirect.com/science/article/pii/S0925838816313470
9.03545216732,9.03292684487,8.72024640857,8.96350596103,8.73834188908,8.70071527167,9.13231173517,1100110010,https://www.sciencedirect.com/science/article/pii/S0925838816313470
8.8812032768,8.17206890801,8.72024640857,8.58695387505,8.70233644754,7.61989308148,9.14675182145,1100110010,https://www.sciencedirect.com/science/article/pii/S0925838816313470
8.8812032768,8.19757390652,8.72024640857,8.57715030016,8.79616523232,7.62449139043,9.27861662409,1100110010,https://www.sciencedirect.com/science/article/pii/S0925838816313470
8.675723693,8.9691643486,8.85382961565,8.86710835621,8.79282264545,8.6892194993,9.30315289979,1100110010,https://www.sciencedirect.com/science/article/pii/S0925838816313470
9.24825830815,9.00104559673,8.72024640857,8.95715927257,8.73834188908,8.69496738548,9.30931028949,1100110010,https://www.sciencedirect.com/science/article/pii/S0925838816313470
